SET IDENTITY_INSERT Clients ON
INSERT INTO CLIENTS (id,zip_code, city, address) VALUES (1,'13-289','Głogów','pl. Wodna 179')
INSERT INTO CLIENTS (id,zip_code, city, address) VALUES (2,'82-793','Olsztyn','aleja Sucharskiego 99')
INSERT INTO CLIENTS (id,zip_code, city, address) VALUES (3,'66-851','Bochnia','aleja Korfantego 158')
INSERT INTO CLIENTS (id,zip_code, city, address) VALUES (4,'66-744','Zielona Góra','pl. Brzoskwiniowa 214')
INSERT INTO CLIENTS (id,zip_code, city, address) VALUES (5,'65-671','Skarżysko-Kamienna','aleja Zielna 453')
INSERT INTO CLIENTS (id,zip_code, city, address) VALUES (6,'09-379','Bielsko-Biała','plac Wiśniowa 87/54')
INSERT INTO CLIENTS (id,zip_code, city, address) VALUES (7,'96-319','Jelenia Góra','al. Orzeszkowej 42/57')
INSERT INTO CLIENTS (id,zip_code, city, address) VALUES (8,'68-113','Chojnice','plac Konwaliowa 321')
INSERT INTO CLIENTS (id,zip_code, city, address) VALUES (9,'29-770','Wodzisław Śląski','aleja Listopada 15')
INSERT INTO CLIENTS (id,zip_code, city, address) VALUES (10,'10-620','Włocławek','aleja Drzymały 59/77')
SET IDENTITY_INSERT Clients OFF
INSERT INTO COMPANIES (companyName, nip, phone, clients_id, email) VALUES ('PPUH Westfal','1136847713','+48 780 066 307',1,'gmurmaksymilian@woda.org')
INSERT INTO COMPANIES (companyName, nip, phone, clients_id, email) VALUES ('Radke i syn s.c.','6547632833','607 752 608',3,'denekaaleksander@yahoo.com')
INSERT INTO COMPANIES (companyName, nip, phone, clients_id, email) VALUES ('FPUH Kozar i syn s.c.','9338941661','534 976 414',6,'konstantypatryk@grupa.pl')
INSERT INTO COMPANIES (companyName, nip, phone, clients_id, email) VALUES ('Tylman Sp.j.','1863424953','+48 514 861 322',7,'ydlubak@gmail.com')
INSERT INTO COMPANIES (companyName, nip, phone, clients_id, email) VALUES ('Myga S.A.','1621570556','531 682 304',8,'lidia32@hotmail.com')
INSERT INTO COMPANIES (companyName, nip, phone, clients_id, email) VALUES ('Waleczek-Męcik Sp.k.','5247107111','+48 531 579 481',9,'justynaochnio@brozda-pacocha.com')
SET IDENTITY_INSERT Participants ON
INSERT INTO Participants (participant_id, name, surname, email, phone) VALUES (1,'pan','Mikołaj Bandyk','antoni61@hotmail.com','+48 22 491 59 87')
INSERT INTO Participants (participant_id, name, surname, email, phone) VALUES (2,'Krystyna','Barłóg','luczykjacek@wudarczyk.com','511 887 772')
INSERT INTO Participants (participant_id, name, surname, email, phone) VALUES (3,'Filip','Piechura','borysczupryn@fundacja.pl','+48 739 611 379')
INSERT INTO Participants (participant_id, name, surname, email, phone) VALUES (4,'Tomasz','Jakubaszek','alex32@spoldzielnia.pl','32 968 66 15')
INSERT INTO Participants (participant_id, name, surname, email, phone) VALUES (5,'Mieszko','Kossak','dthomas@onet.pl','22 967 00 26')
INSERT INTO Participants (participant_id, name, surname, email, phone) VALUES (6,'Kornelia','Matura','wojtasiewiczpawel@hotmail.com','669 122 813')
INSERT INTO Participants (participant_id, name, surname, email, phone) VALUES (7,'pan','Ernest Stefankiewicz','antoni62@onet.pl','798 572 533')
INSERT INTO Participants (participant_id, name, surname, email, phone) VALUES (8,'pan','Ksawery Wilma','piochmaciej@grupa.org','530 245 349')
INSERT INTO Participants (participant_id, name, surname, email, phone) VALUES (9,'Malwina','Bełza','cjama@fundacja.org','+48 723 402 993')
INSERT INTO Participants (participant_id, name, surname, email, phone) VALUES (10,'Szymon','Tałaj','leonardrzezniczek@lepa.pl','+48 798 655 227')
INSERT INTO Participants (participant_id,clients_id, name, surname, email, phone) VALUES (11,2,'Dominik','Masłoń','fuzieblo@szmaj-zwara.com','+48 692 855 033')
INSERT INTO Participants (participant_id,clients_id, name, surname, email, phone) VALUES (12,4,'Jakub','Rzeźniczek','xchatys@patora-cholody.pl','531 704 245')
INSERT INTO Participants (participant_id,clients_id, name, surname, email, phone) VALUES (13,5,'Rozalia','Lisak','dagmarakosalka@gmail.com','+48 724 690 549')
INSERT INTO Participants (participant_id,clients_id, name, surname, email, phone) VALUES (14,10,'Eliza','Smardz','ada53@bejma.pl','795 354 816')
SET IDENTITY_INSERT Participants OFF
SET IDENTITY_INSERT Conferences ON
INSERT INTO Conferences (Conference_id, name, description) VALUES (1,'engineer viral systems','Szacunek wszystkie powstawać związany zapomnieć. Afryka zwykle wyjście uczeń gospodarstwo przynosić od widoczny.')
INSERT INTO Conferences (Conference_id, name, description) VALUES (2,'deploy plug-and-play markets','Okazja student świnia kontrola jeżeli. Słuchać praca boleć plus koncern naturalny wróg.')
INSERT INTO Conferences (Conference_id, name, description) VALUES (3,'reinvent synergistic initiatives','Obserwować gdyby zwrot miłość. Gotować bogaty marzec 5 chmura zwycięstwo owca. Żółty naturalny ponieważ kraina typowy chmura.')
INSERT INTO Conferences (Conference_id, name, description) VALUES (4,'innovate best-of-breed partnerships','Właściciel wystawa bar zakład. Dojść równy ozdobny wolno.
Zmiana narodowość ojczyzna pochodzić uważać spać ciepły. Warunek instytucja ramię maszyna porządek.')
INSERT INTO Conferences (Conference_id, name, description) VALUES (5,'cultivate compelling convergence','W Formie rower dzieło staw ciało miód śmiać się. Zapalenie czynność zmieniać przykład lista. Stowarzyszenie morze rosnąć myśl ból zachowanie zdarzenie.')
SET IDENTITY_INSERT Conferences OFF
SET IDENTITY_INSERT Conference_days ON
INSERT INTO Conference_days (conference_day_id, conference_id, date, standard_price, student_discount, number_of_seats) VALUES (1,1,'2024-12-28',593.15,0.28,197)
INSERT INTO Conference_days (conference_day_id, conference_id, date, standard_price, student_discount, number_of_seats) VALUES (2,1,'2024-12-29',739.61,0.28,189)
INSERT INTO Conference_days (conference_day_id, conference_id, date, standard_price, student_discount, number_of_seats) VALUES (3,1,'2024-12-30',756.28,0.43,184)
INSERT INTO Conference_days (conference_day_id, conference_id, date, standard_price, student_discount, number_of_seats) VALUES (4,1,'2024-12-31',31.81,0.18,140)
INSERT INTO Conference_days (conference_day_id, conference_id, date, standard_price, student_discount, number_of_seats) VALUES (5,1,'2025-01-01',39.0,0.03,152)
INSERT INTO Conference_days (conference_day_id, conference_id, date, standard_price, student_discount, number_of_seats) VALUES (6,1,'2025-01-02',935.5,0.45,77)
INSERT INTO Conference_days (conference_day_id, conference_id, date, standard_price, student_discount, number_of_seats) VALUES (7,2,'2024-11-19',707.91,0.03,74)
INSERT INTO Conference_days (conference_day_id, conference_id, date, standard_price, student_discount, number_of_seats) VALUES (8,2,'2024-11-20',74.77,0.38,161)
INSERT INTO Conference_days (conference_day_id, conference_id, date, standard_price, student_discount, number_of_seats) VALUES (9,2,'2024-11-21',427.64,0.38,80)
INSERT INTO Conference_days (conference_day_id, conference_id, date, standard_price, student_discount, number_of_seats) VALUES (10,2,'2024-11-22',221.57,0.36,87)
INSERT INTO Conference_days (conference_day_id, conference_id, date, standard_price, student_discount, number_of_seats) VALUES (11,3,'2022-05-24',319.81,0.28,194)
INSERT INTO Conference_days (conference_day_id, conference_id, date, standard_price, student_discount, number_of_seats) VALUES (12,3,'2022-05-25',153.2,0.36,39)
INSERT INTO Conference_days (conference_day_id, conference_id, date, standard_price, student_discount, number_of_seats) VALUES (13,3,'2022-05-26',923.42,0.14,31)
INSERT INTO Conference_days (conference_day_id, conference_id, date, standard_price, student_discount, number_of_seats) VALUES (14,3,'2022-05-27',335.03,0.0,64)
INSERT INTO Conference_days (conference_day_id, conference_id, date, standard_price, student_discount, number_of_seats) VALUES (15,3,'2022-05-28',587.07,0.08,167)
INSERT INTO Conference_days (conference_day_id, conference_id, date, standard_price, student_discount, number_of_seats) VALUES (16,3,'2022-05-29',269.7,0.49,120)
INSERT INTO Conference_days (conference_day_id, conference_id, date, standard_price, student_discount, number_of_seats) VALUES (17,4,'2024-01-20',473.97,0.33,87)
INSERT INTO Conference_days (conference_day_id, conference_id, date, standard_price, student_discount, number_of_seats) VALUES (18,4,'2024-01-21',157.53,0.1,195)
INSERT INTO Conference_days (conference_day_id, conference_id, date, standard_price, student_discount, number_of_seats) VALUES (19,4,'2024-01-22',482.81,0.25,63)
INSERT INTO Conference_days (conference_day_id, conference_id, date, standard_price, student_discount, number_of_seats) VALUES (20,4,'2024-01-23',64.09,0.41,191)
INSERT INTO Conference_days (conference_day_id, conference_id, date, standard_price, student_discount, number_of_seats) VALUES (21,4,'2024-01-24',626.56,0.14,109)
INSERT INTO Conference_days (conference_day_id, conference_id, date, standard_price, student_discount, number_of_seats) VALUES (22,5,'2020-07-12',237.49,0.03,100)
INSERT INTO Conference_days (conference_day_id, conference_id, date, standard_price, student_discount, number_of_seats) VALUES (23,5,'2020-07-13',949.97,0.29,136)
INSERT INTO Conference_days (conference_day_id, conference_id, date, standard_price, student_discount, number_of_seats) VALUES (24,5,'2020-07-14',338.13,0.02,155)
SET IDENTITY_INSERT Conference_days OFF
INSERT INTO Early_signup_discounts (conference_day_id, end_date, discount) VALUES (1,'2019-09-25',0.41)
INSERT INTO Early_signup_discounts (conference_day_id, end_date, discount) VALUES (2,'2022-11-10',0.42)
INSERT INTO Early_signup_discounts (conference_day_id, end_date, discount) VALUES (3,'2019-07-11',0.5)
INSERT INTO Early_signup_discounts (conference_day_id, end_date, discount) VALUES (3,'2018-12-24',0.09)
INSERT INTO Early_signup_discounts (conference_day_id, end_date, discount) VALUES (3,'2023-10-29',0.49)
INSERT INTO Early_signup_discounts (conference_day_id, end_date, discount) VALUES (3,'2020-10-08',0.29)
INSERT INTO Early_signup_discounts (conference_day_id, end_date, discount) VALUES (3,'2021-07-26',0.17)
INSERT INTO Early_signup_discounts (conference_day_id, end_date, discount) VALUES (4,'2019-07-25',0.06)
INSERT INTO Early_signup_discounts (conference_day_id, end_date, discount) VALUES (4,'2020-10-10',0.11)
INSERT INTO Early_signup_discounts (conference_day_id, end_date, discount) VALUES (4,'2018-08-15',0.07)
INSERT INTO Early_signup_discounts (conference_day_id, end_date, discount) VALUES (4,'2019-04-04',0.26)
INSERT INTO Early_signup_discounts (conference_day_id, end_date, discount) VALUES (5,'2022-07-30',0.08)
INSERT INTO Early_signup_discounts (conference_day_id, end_date, discount) VALUES (5,'2020-04-04',0.47)
INSERT INTO Early_signup_discounts (conference_day_id, end_date, discount) VALUES (5,'2019-10-08',0.27)
INSERT INTO Early_signup_discounts (conference_day_id, end_date, discount) VALUES (5,'2018-11-12',0.29)
INSERT INTO Early_signup_discounts (conference_day_id, end_date, discount) VALUES (6,'2024-08-04',0.24)
INSERT INTO Early_signup_discounts (conference_day_id, end_date, discount) VALUES (7,'2020-03-18',0.44)
INSERT INTO Early_signup_discounts (conference_day_id, end_date, discount) VALUES (7,'2018-05-02',0.16)
INSERT INTO Early_signup_discounts (conference_day_id, end_date, discount) VALUES (7,'2022-06-17',0.24)
INSERT INTO Early_signup_discounts (conference_day_id, end_date, discount) VALUES (8,'2020-08-07',0.21)
INSERT INTO Early_signup_discounts (conference_day_id, end_date, discount) VALUES (8,'2024-03-26',0.28)
INSERT INTO Early_signup_discounts (conference_day_id, end_date, discount) VALUES (8,'2019-10-12',0.33)
INSERT INTO Early_signup_discounts (conference_day_id, end_date, discount) VALUES (8,'2020-10-01',0.32)
INSERT INTO Early_signup_discounts (conference_day_id, end_date, discount) VALUES (8,'2018-09-27',0.17)
INSERT INTO Early_signup_discounts (conference_day_id, end_date, discount) VALUES (9,'2023-01-01',0.47)
INSERT INTO Early_signup_discounts (conference_day_id, end_date, discount) VALUES (9,'2023-03-29',0.2)
INSERT INTO Early_signup_discounts (conference_day_id, end_date, discount) VALUES (9,'2019-08-12',0.3)
INSERT INTO Early_signup_discounts (conference_day_id, end_date, discount) VALUES (10,'2020-03-19',0.47)
INSERT INTO Early_signup_discounts (conference_day_id, end_date, discount) VALUES (10,'2020-03-24',0.06)
INSERT INTO Early_signup_discounts (conference_day_id, end_date, discount) VALUES (11,'2018-04-07',0.01)
INSERT INTO Early_signup_discounts (conference_day_id, end_date, discount) VALUES (11,'2020-06-11',0.01)
INSERT INTO Early_signup_discounts (conference_day_id, end_date, discount) VALUES (11,'2021-04-08',0.28)
INSERT INTO Early_signup_discounts (conference_day_id, end_date, discount) VALUES (11,'2018-06-02',0.32)
INSERT INTO Early_signup_discounts (conference_day_id, end_date, discount) VALUES (11,'2019-09-15',0.07)
INSERT INTO Early_signup_discounts (conference_day_id, end_date, discount) VALUES (12,'2021-04-29',0.08)
INSERT INTO Early_signup_discounts (conference_day_id, end_date, discount) VALUES (12,'2019-10-22',0.03)
INSERT INTO Early_signup_discounts (conference_day_id, end_date, discount) VALUES (13,'2021-05-06',0.37)
INSERT INTO Early_signup_discounts (conference_day_id, end_date, discount) VALUES (13,'2019-01-07',0.37)
INSERT INTO Early_signup_discounts (conference_day_id, end_date, discount) VALUES (14,'2018-06-11',0.07)
INSERT INTO Early_signup_discounts (conference_day_id, end_date, discount) VALUES (14,'2019-02-20',0.28)
INSERT INTO Early_signup_discounts (conference_day_id, end_date, discount) VALUES (14,'2019-07-09',0.18)
INSERT INTO Early_signup_discounts (conference_day_id, end_date, discount) VALUES (14,'2020-11-22',0.06)
INSERT INTO Early_signup_discounts (conference_day_id, end_date, discount) VALUES (14,'2020-10-23',0.23)
INSERT INTO Early_signup_discounts (conference_day_id, end_date, discount) VALUES (15,'2020-11-19',0.49)
INSERT INTO Early_signup_discounts (conference_day_id, end_date, discount) VALUES (15,'2018-03-14',0.28)
INSERT INTO Early_signup_discounts (conference_day_id, end_date, discount) VALUES (16,'2018-01-29',0.13)
INSERT INTO Early_signup_discounts (conference_day_id, end_date, discount) VALUES (17,'2020-01-29',0.25)
INSERT INTO Early_signup_discounts (conference_day_id, end_date, discount) VALUES (17,'2020-02-09',0.37)
INSERT INTO Early_signup_discounts (conference_day_id, end_date, discount) VALUES (18,'2022-12-30',0.03)
INSERT INTO Early_signup_discounts (conference_day_id, end_date, discount) VALUES (18,'2023-11-28',0.46)
INSERT INTO Early_signup_discounts (conference_day_id, end_date, discount) VALUES (18,'2023-12-22',0.13)
INSERT INTO Early_signup_discounts (conference_day_id, end_date, discount) VALUES (18,'2023-03-26',0.37)
INSERT INTO Early_signup_discounts (conference_day_id, end_date, discount) VALUES (19,'2018-02-13',0.33)
INSERT INTO Early_signup_discounts (conference_day_id, end_date, discount) VALUES (20,'2024-01-08',0.23)
INSERT INTO Early_signup_discounts (conference_day_id, end_date, discount) VALUES (20,'2020-04-15',0.05)
INSERT INTO Early_signup_discounts (conference_day_id, end_date, discount) VALUES (21,'2022-09-17',0.35)
INSERT INTO Early_signup_discounts (conference_day_id, end_date, discount) VALUES (21,'2022-10-09',0.39)
INSERT INTO Early_signup_discounts (conference_day_id, end_date, discount) VALUES (21,'2020-11-24',0.37)
INSERT INTO Early_signup_discounts (conference_day_id, end_date, discount) VALUES (21,'2022-09-28',0.16)
INSERT INTO Early_signup_discounts (conference_day_id, end_date, discount) VALUES (21,'2020-02-11',0.25)
INSERT INTO Early_signup_discounts (conference_day_id, end_date, discount) VALUES (22,'2020-04-20',0.13)
INSERT INTO Early_signup_discounts (conference_day_id, end_date, discount) VALUES (23,'2018-11-18',0.2)
INSERT INTO Early_signup_discounts (conference_day_id, end_date, discount) VALUES (23,'2018-03-02',0.15)
INSERT INTO Early_signup_discounts (conference_day_id, end_date, discount) VALUES (23,'2018-08-04',0.24)
INSERT INTO Early_signup_discounts (conference_day_id, end_date, discount) VALUES (23,'2019-06-01',0.18)
INSERT INTO Early_signup_discounts (conference_day_id, end_date, discount) VALUES (24,'2019-11-21',0.29)
INSERT INTO Early_signup_discounts (conference_day_id, end_date, discount) VALUES (24,'2018-09-13',0.32)
INSERT INTO Early_signup_discounts (conference_day_id, end_date, discount) VALUES (24,'2020-02-02',0.49)
INSERT INTO Early_signup_discounts (conference_day_id, end_date, discount) VALUES (24,'2018-02-23',0.33)
SET IDENTITY_INSERT Conference_day_reservations ON
INSERT INTO Conference_day_reservations (reservation_id, conference_day_id, clients_id, reservation_date, active, due_price, adult_seats, student_seats) VALUES (1,1,5,'2024-02-09 02:15:00','1','2024-02-23 02:15:00',8,1)
INSERT INTO Conference_day_reservations (reservation_id, conference_day_id, clients_id, reservation_date, active, due_price, adult_seats, student_seats) VALUES (2,1,7,'2023-06-14 10:31:00','0','2023-07-12 10:31:00',7,5)
INSERT INTO Conference_day_reservations (reservation_id, conference_day_id, clients_id, reservation_date, active, due_price, adult_seats, student_seats) VALUES (3,2,8,'2022-09-25 08:23:00','0','2022-10-23 08:23:00',9,3)
INSERT INTO Conference_day_reservations (reservation_id, conference_day_id, clients_id, reservation_date, active, due_price, adult_seats, student_seats) VALUES (4,2,9,'2021-06-14 03:41:00','0','2021-06-21 03:41:00',13,0)
INSERT INTO Conference_day_reservations (reservation_id, conference_day_id, clients_id, reservation_date, active, due_price, adult_seats, student_seats) VALUES (5,3,7,'2020-07-24 03:33:00','0','2020-08-14 03:33:00',8,0)
INSERT INTO Conference_day_reservations (reservation_id, conference_day_id, clients_id, reservation_date, active, due_price, adult_seats, student_seats) VALUES (6,3,4,'2021-08-12 07:17:00','0','2021-09-02 07:17:00',10,2)
INSERT INTO Conference_day_reservations (reservation_id, conference_day_id, clients_id, reservation_date, active, due_price, adult_seats, student_seats) VALUES (7,4,8,'2022-06-28 20:54:00','0','2022-07-26 20:54:00',13,0)
INSERT INTO Conference_day_reservations (reservation_id, conference_day_id, clients_id, reservation_date, active, due_price, adult_seats, student_seats) VALUES (8,4,5,'2024-01-07 21:27:00','0','2024-01-28 21:27:00',9,3)
INSERT INTO Conference_day_reservations (reservation_id, conference_day_id, clients_id, reservation_date, active, due_price, adult_seats, student_seats) VALUES (9,5,10,'2024-06-12 11:04:00','0','2024-07-03 11:04:00',10,2)
INSERT INTO Conference_day_reservations (reservation_id, conference_day_id, clients_id, reservation_date, active, due_price, adult_seats, student_seats) VALUES (10,5,6,'2021-03-18 21:36:00','0','2021-04-08 21:36:00',2,0)
INSERT INTO Conference_day_reservations (reservation_id, conference_day_id, clients_id, reservation_date, active, due_price, adult_seats, student_seats) VALUES (11,6,10,'2023-12-29 00:16:00','0','2024-01-26 00:16:00',5,6)
INSERT INTO Conference_day_reservations (reservation_id, conference_day_id, clients_id, reservation_date, active, due_price, adult_seats, student_seats) VALUES (12,6,8,'2022-09-20 14:45:00','1','2022-10-11 14:45:00',10,1)
INSERT INTO Conference_day_reservations (reservation_id, conference_day_id, clients_id, reservation_date, active, due_price, adult_seats, student_seats) VALUES (13,7,5,'2022-11-24 05:15:00','0','2022-12-01 05:15:00',9,1)
INSERT INTO Conference_day_reservations (reservation_id, conference_day_id, clients_id, reservation_date, active, due_price, adult_seats, student_seats) VALUES (14,7,1,'2020-11-08 08:29:00','1','2020-11-15 08:29:00',2,0)
INSERT INTO Conference_day_reservations (reservation_id, conference_day_id, clients_id, reservation_date, active, due_price, adult_seats, student_seats) VALUES (15,8,6,'2020-04-12 09:35:00','1','2020-04-26 09:35:00',5,9)
INSERT INTO Conference_day_reservations (reservation_id, conference_day_id, clients_id, reservation_date, active, due_price, adult_seats, student_seats) VALUES (16,8,5,'2022-03-22 11:03:00','1','2022-04-12 11:03:00',4,3)
INSERT INTO Conference_day_reservations (reservation_id, conference_day_id, clients_id, reservation_date, active, due_price, adult_seats, student_seats) VALUES (17,9,6,'2020-10-14 21:39:00','1','2020-10-21 21:39:00',13,1)
INSERT INTO Conference_day_reservations (reservation_id, conference_day_id, clients_id, reservation_date, active, due_price, adult_seats, student_seats) VALUES (18,9,4,'2022-06-28 04:21:00','1','2022-07-12 04:21:00',7,0)
INSERT INTO Conference_day_reservations (reservation_id, conference_day_id, clients_id, reservation_date, active, due_price, adult_seats, student_seats) VALUES (19,10,10,'2023-03-11 21:48:00','1','2023-04-08 21:48:00',11,2)
INSERT INTO Conference_day_reservations (reservation_id, conference_day_id, clients_id, reservation_date, active, due_price, adult_seats, student_seats) VALUES (20,10,5,'2024-09-25 06:14:00','0','2024-10-16 06:14:00',6,7)
INSERT INTO Conference_day_reservations (reservation_id, conference_day_id, clients_id, reservation_date, active, due_price, adult_seats, student_seats) VALUES (21,11,9,'2022-04-14 13:46:00','0','2022-04-21 13:46:00',10,4)
INSERT INTO Conference_day_reservations (reservation_id, conference_day_id, clients_id, reservation_date, active, due_price, adult_seats, student_seats) VALUES (22,11,1,'2021-06-22 00:56:00','0','2021-07-06 00:56:00',9,3)
INSERT INTO Conference_day_reservations (reservation_id, conference_day_id, clients_id, reservation_date, active, due_price, adult_seats, student_seats) VALUES (23,12,5,'2020-03-27 18:19:00','0','2020-04-24 18:19:00',13,1)
INSERT INTO Conference_day_reservations (reservation_id, conference_day_id, clients_id, reservation_date, active, due_price, adult_seats, student_seats) VALUES (24,12,9,'2021-05-30 02:29:00','0','2021-06-20 02:29:00',8,1)
INSERT INTO Conference_day_reservations (reservation_id, conference_day_id, clients_id, reservation_date, active, due_price, adult_seats, student_seats) VALUES (25,13,10,'2021-01-03 01:28:00','1','2021-01-17 01:28:00',13,0)
INSERT INTO Conference_day_reservations (reservation_id, conference_day_id, clients_id, reservation_date, active, due_price, adult_seats, student_seats) VALUES (26,13,7,'2020-06-07 11:04:00','1','2020-06-28 11:04:00',13,0)
INSERT INTO Conference_day_reservations (reservation_id, conference_day_id, clients_id, reservation_date, active, due_price, adult_seats, student_seats) VALUES (27,14,6,'2020-12-18 15:08:00','1','2020-12-25 15:08:00',2,2)
INSERT INTO Conference_day_reservations (reservation_id, conference_day_id, clients_id, reservation_date, active, due_price, adult_seats, student_seats) VALUES (28,14,8,'2021-09-11 15:41:00','1','2021-10-09 15:41:00',13,0)
INSERT INTO Conference_day_reservations (reservation_id, conference_day_id, clients_id, reservation_date, active, due_price, adult_seats, student_seats) VALUES (29,15,7,'2020-06-17 18:15:00','1','2020-07-01 18:15:00',11,2)
INSERT INTO Conference_day_reservations (reservation_id, conference_day_id, clients_id, reservation_date, active, due_price, adult_seats, student_seats) VALUES (30,15,5,'2022-02-02 12:12:00','0','2022-02-23 12:12:00',2,11)
INSERT INTO Conference_day_reservations (reservation_id, conference_day_id, clients_id, reservation_date, active, due_price, adult_seats, student_seats) VALUES (31,16,10,'2020-04-07 23:23:00','0','2020-04-21 23:23:00',7,7)
INSERT INTO Conference_day_reservations (reservation_id, conference_day_id, clients_id, reservation_date, active, due_price, adult_seats, student_seats) VALUES (32,16,8,'2022-03-29 09:00:00','0','2022-04-26 09:00:00',4,4)
INSERT INTO Conference_day_reservations (reservation_id, conference_day_id, clients_id, reservation_date, active, due_price, adult_seats, student_seats) VALUES (33,17,10,'2023-05-14 19:33:00','1','2023-05-21 19:33:00',8,4)
INSERT INTO Conference_day_reservations (reservation_id, conference_day_id, clients_id, reservation_date, active, due_price, adult_seats, student_seats) VALUES (34,17,9,'2021-07-04 01:40:00','1','2021-07-18 01:40:00',4,10)
INSERT INTO Conference_day_reservations (reservation_id, conference_day_id, clients_id, reservation_date, active, due_price, adult_seats, student_seats) VALUES (35,18,5,'2023-07-01 22:53:00','0','2023-07-22 22:53:00',1,1)
INSERT INTO Conference_day_reservations (reservation_id, conference_day_id, clients_id, reservation_date, active, due_price, adult_seats, student_seats) VALUES (36,18,7,'2023-05-23 22:11:00','1','2023-06-20 22:11:00',3,1)
INSERT INTO Conference_day_reservations (reservation_id, conference_day_id, clients_id, reservation_date, active, due_price, adult_seats, student_seats) VALUES (37,19,7,'2021-02-09 04:59:00','0','2021-03-09 04:59:00',1,1)
INSERT INTO Conference_day_reservations (reservation_id, conference_day_id, clients_id, reservation_date, active, due_price, adult_seats, student_seats) VALUES (38,19,4,'2021-02-25 13:02:00','0','2021-03-11 13:02:00',14,0)
INSERT INTO Conference_day_reservations (reservation_id, conference_day_id, clients_id, reservation_date, active, due_price, adult_seats, student_seats) VALUES (39,20,5,'2021-05-17 09:28:00','1','2021-05-24 09:28:00',4,4)
INSERT INTO Conference_day_reservations (reservation_id, conference_day_id, clients_id, reservation_date, active, due_price, adult_seats, student_seats) VALUES (40,20,7,'2022-05-02 03:21:00','1','2022-05-30 03:21:00',2,4)
INSERT INTO Conference_day_reservations (reservation_id, conference_day_id, clients_id, reservation_date, active, due_price, adult_seats, student_seats) VALUES (41,21,5,'2023-02-22 01:41:00','1','2023-03-01 01:41:00',2,5)
INSERT INTO Conference_day_reservations (reservation_id, conference_day_id, clients_id, reservation_date, active, due_price, adult_seats, student_seats) VALUES (42,21,4,'2022-06-29 22:57:00','0','2022-07-20 22:57:00',2,5)
INSERT INTO Conference_day_reservations (reservation_id, conference_day_id, clients_id, reservation_date, active, due_price, adult_seats, student_seats) VALUES (43,22,10,'2020-02-25 10:31:00','1','2020-03-10 10:31:00',14,0)
INSERT INTO Conference_day_reservations (reservation_id, conference_day_id, clients_id, reservation_date, active, due_price, adult_seats, student_seats) VALUES (44,22,5,'2020-03-09 09:27:00','0','2020-03-23 09:27:00',13,1)
INSERT INTO Conference_day_reservations (reservation_id, conference_day_id, clients_id, reservation_date, active, due_price, adult_seats, student_seats) VALUES (45,23,1,'2020-05-21 01:18:00','0','2020-06-04 01:18:00',1,4)
INSERT INTO Conference_day_reservations (reservation_id, conference_day_id, clients_id, reservation_date, active, due_price, adult_seats, student_seats) VALUES (46,23,3,'2020-05-09 12:35:00','0','2020-05-30 12:35:00',11,1)
INSERT INTO Conference_day_reservations (reservation_id, conference_day_id, clients_id, reservation_date, active, due_price, adult_seats, student_seats) VALUES (47,24,6,'2020-04-19 00:16:00','0','2020-04-26 00:16:00',6,7)
INSERT INTO Conference_day_reservations (reservation_id, conference_day_id, clients_id, reservation_date, active, due_price, adult_seats, student_seats) VALUES (48,24,1,'2020-03-05 12:35:00','0','2020-03-26 12:35:00',12,1)
SET IDENTITY_INSERT Conference_day_reservations OFF
SET IDENTITY_INSERT Workshops ON
INSERT INTO Workshops (workshop_id, conference_day_id, start_time, end_time, topic, price, number_of_seats) VALUES (1,1,'2024-12-28 06:45:00','2024-12-28 19:41:00','strategize frictionless architectures',698.57,3)
INSERT INTO Workshops (workshop_id, conference_day_id, start_time, end_time, topic, price, number_of_seats) VALUES (2,1,'2024-12-28 12:11:00','2024-12-28 21:17:00','envisioneer vertical e-services',418.79,12)
INSERT INTO Workshops (workshop_id, conference_day_id, start_time, end_time, topic, price, number_of_seats) VALUES (3,1,'2024-12-28 15:52:00','2024-12-28 19:44:00','leverage one-to-one deliverables',273.04,3)
INSERT INTO Workshops (workshop_id, conference_day_id, start_time, end_time, topic, price, number_of_seats) VALUES (4,1,'2024-12-28 06:06:00','2024-12-28 14:32:00','facilitate cross-media users',137.96,3)
INSERT INTO Workshops (workshop_id, conference_day_id, start_time, end_time, topic, price, number_of_seats) VALUES (5,2,'2024-12-29 04:15:00','2024-12-29 12:24:00','scale cross-media interfaces',694.81,3)
INSERT INTO Workshops (workshop_id, conference_day_id, start_time, end_time, topic, price, number_of_seats) VALUES (6,2,'2024-12-29 00:34:00','2024-12-29 19:37:00','transform extensible interfaces',408.96,6)
INSERT INTO Workshops (workshop_id, conference_day_id, start_time, end_time, topic, price, number_of_seats) VALUES (7,2,'2024-12-29 02:50:00','2024-12-29 14:16:00','enhance cutting-edge action-items',996.23,8)
INSERT INTO Workshops (workshop_id, conference_day_id, start_time, end_time, topic, price, number_of_seats) VALUES (8,2,'2024-12-29 01:43:00','2024-12-29 08:12:00','drive viral functionalities',909.01,14)
INSERT INTO Workshops (workshop_id, conference_day_id, start_time, end_time, topic, price, number_of_seats) VALUES (9,2,'2024-12-29 11:00:00','2024-12-29 11:12:00','disintermediate front-end communities',897.39,8)
INSERT INTO Workshops (workshop_id, conference_day_id, start_time, end_time, topic, price, number_of_seats) VALUES (10,2,'2024-12-29 00:07:00','2024-12-29 17:55:00','transform enterprise markets',788.34,9)
INSERT INTO Workshops (workshop_id, conference_day_id, start_time, end_time, topic, price, number_of_seats) VALUES (11,3,'2024-12-30 10:15:00','2024-12-30 18:38:00','generate plug-and-play vortals',142.38,2)
INSERT INTO Workshops (workshop_id, conference_day_id, start_time, end_time, topic, price, number_of_seats) VALUES (12,3,'2024-12-30 00:43:00','2024-12-30 10:01:00','deliver leading-edge convergence',654.55,3)
INSERT INTO Workshops (workshop_id, conference_day_id, start_time, end_time, topic, price, number_of_seats) VALUES (13,3,'2024-12-30 05:20:00','2024-12-30 18:24:00','drive robust supply-chains',613.32,10)
INSERT INTO Workshops (workshop_id, conference_day_id, start_time, end_time, topic, price, number_of_seats) VALUES (14,3,'2024-12-30 02:35:00','2024-12-30 11:49:00','benchmark integrated e-business',594.93,12)
INSERT INTO Workshops (workshop_id, conference_day_id, start_time, end_time, topic, price, number_of_seats) VALUES (15,3,'2024-12-30 19:58:00','2024-12-30 23:00:00','monetize transparent experiences',389.08,7)
INSERT INTO Workshops (workshop_id, conference_day_id, start_time, end_time, topic, price, number_of_seats) VALUES (16,4,'2024-12-31 09:46:00','2024-12-31 23:18:00','seize compelling schemas',871.48,11)
INSERT INTO Workshops (workshop_id, conference_day_id, start_time, end_time, topic, price, number_of_seats) VALUES (17,4,'2024-12-31 11:45:00','2024-12-31 19:14:00','leverage scalable info-mediaries',198.89,13)
INSERT INTO Workshops (workshop_id, conference_day_id, start_time, end_time, topic, price, number_of_seats) VALUES (18,5,'2025-01-01 11:37:00','2025-01-01 14:48:00','empower world-class deliverables',770.12,11)
INSERT INTO Workshops (workshop_id, conference_day_id, start_time, end_time, topic, price, number_of_seats) VALUES (19,5,'2025-01-01 09:33:00','2025-01-01 11:45:00','matrix distributed markets',588.68,10)
INSERT INTO Workshops (workshop_id, conference_day_id, start_time, end_time, topic, price, number_of_seats) VALUES (20,6,'2025-01-02 13:43:00','2025-01-02 21:22:00','scale holistic deliverables',567.75,4)
INSERT INTO Workshops (workshop_id, conference_day_id, start_time, end_time, topic, price, number_of_seats) VALUES (21,6,'2025-01-02 00:55:00','2025-01-02 07:46:00','integrate best-of-breed functionalities',929.8,6)
INSERT INTO Workshops (workshop_id, conference_day_id, start_time, end_time, topic, price, number_of_seats) VALUES (22,6,'2025-01-02 07:14:00','2025-01-02 10:57:00','grow back-end models',317.3,1)
INSERT INTO Workshops (workshop_id, conference_day_id, start_time, end_time, topic, price, number_of_seats) VALUES (23,7,'2024-11-19 07:25:00','2024-11-19 12:47:00','strategize collaborative content',280.05,9)
INSERT INTO Workshops (workshop_id, conference_day_id, start_time, end_time, topic, price, number_of_seats) VALUES (24,7,'2024-11-19 12:46:00','2024-11-19 22:35:00','integrate bleeding-edge initiatives',728.03,9)
INSERT INTO Workshops (workshop_id, conference_day_id, start_time, end_time, topic, price, number_of_seats) VALUES (25,8,'2024-11-20 00:51:00','2024-11-20 14:20:00','engage user-centric architectures',697.17,3)
INSERT INTO Workshops (workshop_id, conference_day_id, start_time, end_time, topic, price, number_of_seats) VALUES (26,8,'2024-11-20 08:08:00','2024-11-20 09:25:00','productize sexy experiences',724.52,5)
INSERT INTO Workshops (workshop_id, conference_day_id, start_time, end_time, topic, price, number_of_seats) VALUES (27,9,'2024-11-21 05:37:00','2024-11-21 06:14:00','empower next-generation e-markets',496.32,3)
INSERT INTO Workshops (workshop_id, conference_day_id, start_time, end_time, topic, price, number_of_seats) VALUES (28,9,'2024-11-21 08:30:00','2024-11-21 23:01:00','implement back-end channels',611.5,3)
INSERT INTO Workshops (workshop_id, conference_day_id, start_time, end_time, topic, price, number_of_seats) VALUES (29,9,'2024-11-21 04:58:00','2024-11-21 21:25:00','seize 24/365 relationships',913.55,14)
INSERT INTO Workshops (workshop_id, conference_day_id, start_time, end_time, topic, price, number_of_seats) VALUES (30,9,'2024-11-21 09:41:00','2024-11-21 21:41:00','integrate dot-com content',864.65,11)
INSERT INTO Workshops (workshop_id, conference_day_id, start_time, end_time, topic, price, number_of_seats) VALUES (31,9,'2024-11-21 04:28:00','2024-11-21 15:08:00','optimize world-class paradigms',166.91,4)
INSERT INTO Workshops (workshop_id, conference_day_id, start_time, end_time, topic, price, number_of_seats) VALUES (32,10,'2024-11-22 08:52:00','2024-11-22 18:08:00','innovate web-enabled deliverables',16.31,6)
INSERT INTO Workshops (workshop_id, conference_day_id, start_time, end_time, topic, price, number_of_seats) VALUES (33,10,'2024-11-22 10:09:00','2024-11-22 12:02:00','repurpose granular web services',107.19,9)
INSERT INTO Workshops (workshop_id, conference_day_id, start_time, end_time, topic, price, number_of_seats) VALUES (34,10,'2024-11-22 11:48:00','2024-11-22 22:40:00','disintermediate ubiquitous users',513.35,11)
INSERT INTO Workshops (workshop_id, conference_day_id, start_time, end_time, topic, price, number_of_seats) VALUES (35,10,'2024-11-22 00:25:00','2024-11-22 09:39:00','innovate revolutionary paradigms',379.51,10)
INSERT INTO Workshops (workshop_id, conference_day_id, start_time, end_time, topic, price, number_of_seats) VALUES (36,10,'2024-11-22 00:06:00','2024-11-22 03:52:00','visualize revolutionary technologies',88.8,5)
INSERT INTO Workshops (workshop_id, conference_day_id, start_time, end_time, topic, price, number_of_seats) VALUES (37,10,'2024-11-22 03:35:00','2024-11-22 20:13:00','monetize 24/7 content',562.66,12)
INSERT INTO Workshops (workshop_id, conference_day_id, start_time, end_time, topic, price, number_of_seats) VALUES (38,11,'2022-05-24 10:46:00','2022-05-24 17:36:00','unleash turn-key web services',530.79,6)
INSERT INTO Workshops (workshop_id, conference_day_id, start_time, end_time, topic, price, number_of_seats) VALUES (39,11,'2022-05-24 03:34:00','2022-05-24 05:34:00','disintermediate innovative web services',570.98,12)
INSERT INTO Workshops (workshop_id, conference_day_id, start_time, end_time, topic, price, number_of_seats) VALUES (40,12,'2022-05-25 15:17:00','2022-05-25 23:16:00','maximize robust content',529.25,7)
INSERT INTO Workshops (workshop_id, conference_day_id, start_time, end_time, topic, price, number_of_seats) VALUES (41,12,'2022-05-25 03:35:00','2022-05-25 11:52:00','morph one-to-one content',195.93,3)
INSERT INTO Workshops (workshop_id, conference_day_id, start_time, end_time, topic, price, number_of_seats) VALUES (42,12,'2022-05-25 08:52:00','2022-05-25 10:14:00','target extensible supply-chains',127.85,7)
INSERT INTO Workshops (workshop_id, conference_day_id, start_time, end_time, topic, price, number_of_seats) VALUES (43,13,'2022-05-26 09:32:00','2022-05-26 21:42:00','redefine dynamic relationships',311.41,7)
INSERT INTO Workshops (workshop_id, conference_day_id, start_time, end_time, topic, price, number_of_seats) VALUES (44,13,'2022-05-26 05:52:00','2022-05-26 17:15:00','transform world-class interfaces',867.24,14)
INSERT INTO Workshops (workshop_id, conference_day_id, start_time, end_time, topic, price, number_of_seats) VALUES (45,13,'2022-05-26 08:14:00','2022-05-26 08:24:00','architect killer networks',506.2,3)
INSERT INTO Workshops (workshop_id, conference_day_id, start_time, end_time, topic, price, number_of_seats) VALUES (46,14,'2022-05-27 11:30:00','2022-05-27 15:16:00','exploit B2C e-markets',246.88,5)
INSERT INTO Workshops (workshop_id, conference_day_id, start_time, end_time, topic, price, number_of_seats) VALUES (47,14,'2022-05-27 08:40:00','2022-05-27 12:21:00','transform virtual supply-chains',486.64,13)
INSERT INTO Workshops (workshop_id, conference_day_id, start_time, end_time, topic, price, number_of_seats) VALUES (48,14,'2022-05-27 05:50:00','2022-05-27 21:41:00','deliver mission-critical schemas',626.24,2)
INSERT INTO Workshops (workshop_id, conference_day_id, start_time, end_time, topic, price, number_of_seats) VALUES (49,14,'2022-05-27 05:16:00','2022-05-27 05:35:00','streamline value-added schemas',641.83,2)
INSERT INTO Workshops (workshop_id, conference_day_id, start_time, end_time, topic, price, number_of_seats) VALUES (50,15,'2022-05-28 05:26:00','2022-05-28 14:32:00','innovate transparent functionalities',952.36,11)
INSERT INTO Workshops (workshop_id, conference_day_id, start_time, end_time, topic, price, number_of_seats) VALUES (51,15,'2022-05-28 06:44:00','2022-05-28 09:27:00','synergize seamless solutions',705.02,8)
INSERT INTO Workshops (workshop_id, conference_day_id, start_time, end_time, topic, price, number_of_seats) VALUES (52,15,'2022-05-28 03:16:00','2022-05-28 20:41:00','synthesize 24/365 interfaces',235.38,1)
INSERT INTO Workshops (workshop_id, conference_day_id, start_time, end_time, topic, price, number_of_seats) VALUES (53,15,'2022-05-28 01:16:00','2022-05-28 19:51:00','productize next-generation platforms',740.5,5)
INSERT INTO Workshops (workshop_id, conference_day_id, start_time, end_time, topic, price, number_of_seats) VALUES (54,16,'2022-05-29 00:08:00','2022-05-29 06:13:00','exploit extensible models',117.44,9)
INSERT INTO Workshops (workshop_id, conference_day_id, start_time, end_time, topic, price, number_of_seats) VALUES (55,16,'2022-05-29 14:06:00','2022-05-29 19:27:00','transform integrated infrastructures',800.94,6)
INSERT INTO Workshops (workshop_id, conference_day_id, start_time, end_time, topic, price, number_of_seats) VALUES (56,16,'2022-05-29 08:33:00','2022-05-29 22:00:00','reinvent seamless solutions',347.68,1)
INSERT INTO Workshops (workshop_id, conference_day_id, start_time, end_time, topic, price, number_of_seats) VALUES (57,16,'2022-05-29 17:58:00','2022-05-29 21:29:00','re-contextualize bleeding-edge relationships',705.78,13)
INSERT INTO Workshops (workshop_id, conference_day_id, start_time, end_time, topic, price, number_of_seats) VALUES (58,16,'2022-05-29 15:48:00','2022-05-29 21:18:00','synthesize efficient systems',338.43,1)
INSERT INTO Workshops (workshop_id, conference_day_id, start_time, end_time, topic, price, number_of_seats) VALUES (59,16,'2022-05-29 02:59:00','2022-05-29 21:13:00','generate strategic methodologies',576.35,11)
INSERT INTO Workshops (workshop_id, conference_day_id, start_time, end_time, topic, price, number_of_seats) VALUES (60,17,'2024-01-20 13:19:00','2024-01-20 22:48:00','maximize 24/7 functionalities',810.76,12)
INSERT INTO Workshops (workshop_id, conference_day_id, start_time, end_time, topic, price, number_of_seats) VALUES (61,17,'2024-01-20 13:53:00','2024-01-20 14:43:00','optimize enterprise initiatives',724.44,3)
INSERT INTO Workshops (workshop_id, conference_day_id, start_time, end_time, topic, price, number_of_seats) VALUES (62,17,'2024-01-20 09:13:00','2024-01-20 18:57:00','utilize plug-and-play architectures',164.95,14)
INSERT INTO Workshops (workshop_id, conference_day_id, start_time, end_time, topic, price, number_of_seats) VALUES (63,18,'2024-01-21 11:14:00','2024-01-21 15:11:00','envisioneer synergistic bandwidth',96.55,12)
INSERT INTO Workshops (workshop_id, conference_day_id, start_time, end_time, topic, price, number_of_seats) VALUES (64,18,'2024-01-21 03:56:00','2024-01-21 14:37:00','generate user-centric niches',291.12,11)
INSERT INTO Workshops (workshop_id, conference_day_id, start_time, end_time, topic, price, number_of_seats) VALUES (65,18,'2024-01-21 15:51:00','2024-01-21 21:28:00','transform open-source schemas',778.39,2)
INSERT INTO Workshops (workshop_id, conference_day_id, start_time, end_time, topic, price, number_of_seats) VALUES (66,18,'2024-01-21 07:38:00','2024-01-21 07:53:00','exploit vertical eyeballs',712.16,12)
INSERT INTO Workshops (workshop_id, conference_day_id, start_time, end_time, topic, price, number_of_seats) VALUES (67,18,'2024-01-21 09:06:00','2024-01-21 14:19:00','optimize impactful experiences',791.16,11)
INSERT INTO Workshops (workshop_id, conference_day_id, start_time, end_time, topic, price, number_of_seats) VALUES (68,19,'2024-01-22 11:04:00','2024-01-22 17:21:00','transition one-to-one e-markets',880.81,13)
INSERT INTO Workshops (workshop_id, conference_day_id, start_time, end_time, topic, price, number_of_seats) VALUES (69,19,'2024-01-22 00:46:00','2024-01-22 23:45:00','extend world-class content',758.8,3)
INSERT INTO Workshops (workshop_id, conference_day_id, start_time, end_time, topic, price, number_of_seats) VALUES (70,20,'2024-01-23 12:20:00','2024-01-23 18:29:00','engage frictionless partnerships',930.29,2)
INSERT INTO Workshops (workshop_id, conference_day_id, start_time, end_time, topic, price, number_of_seats) VALUES (71,20,'2024-01-23 01:28:00','2024-01-23 19:53:00','revolutionize vertical partnerships',237.5,6)
INSERT INTO Workshops (workshop_id, conference_day_id, start_time, end_time, topic, price, number_of_seats) VALUES (72,20,'2024-01-23 03:18:00','2024-01-23 22:42:00','matrix robust action-items',91.75,12)
INSERT INTO Workshops (workshop_id, conference_day_id, start_time, end_time, topic, price, number_of_seats) VALUES (73,20,'2024-01-23 11:05:00','2024-01-23 19:11:00','engage 24/7 portals',852.05,2)
INSERT INTO Workshops (workshop_id, conference_day_id, start_time, end_time, topic, price, number_of_seats) VALUES (74,21,'2024-01-24 01:24:00','2024-01-24 18:49:00','syndicate clicks-and-mortar systems',419.89,5)
INSERT INTO Workshops (workshop_id, conference_day_id, start_time, end_time, topic, price, number_of_seats) VALUES (75,21,'2024-01-24 01:37:00','2024-01-24 16:12:00','e-enable proactive partnerships',372.43,10)
INSERT INTO Workshops (workshop_id, conference_day_id, start_time, end_time, topic, price, number_of_seats) VALUES (76,21,'2024-01-24 17:48:00','2024-01-24 19:35:00','transition cutting-edge networks',615.12,13)
INSERT INTO Workshops (workshop_id, conference_day_id, start_time, end_time, topic, price, number_of_seats) VALUES (77,21,'2024-01-24 01:18:00','2024-01-24 15:58:00','architect bricks-and-clicks portals',731.47,8)
INSERT INTO Workshops (workshop_id, conference_day_id, start_time, end_time, topic, price, number_of_seats) VALUES (78,22,'2020-07-12 08:14:00','2020-07-12 19:48:00','engineer one-to-one convergence',536.22,2)
INSERT INTO Workshops (workshop_id, conference_day_id, start_time, end_time, topic, price, number_of_seats) VALUES (79,22,'2020-07-12 10:19:00','2020-07-12 18:19:00','enhance frictionless markets',634.45,9)
INSERT INTO Workshops (workshop_id, conference_day_id, start_time, end_time, topic, price, number_of_seats) VALUES (80,22,'2020-07-12 09:52:00','2020-07-12 13:23:00','architect killer bandwidth',307.55,6)
INSERT INTO Workshops (workshop_id, conference_day_id, start_time, end_time, topic, price, number_of_seats) VALUES (81,22,'2020-07-12 07:27:00','2020-07-12 22:41:00','architect transparent applications',732.54,9)
INSERT INTO Workshops (workshop_id, conference_day_id, start_time, end_time, topic, price, number_of_seats) VALUES (82,23,'2020-07-13 06:27:00','2020-07-13 19:19:00','empower next-generation solutions',743.03,3)
INSERT INTO Workshops (workshop_id, conference_day_id, start_time, end_time, topic, price, number_of_seats) VALUES (83,23,'2020-07-13 13:41:00','2020-07-13 17:14:00','drive leading-edge eyeballs',125.15,7)
INSERT INTO Workshops (workshop_id, conference_day_id, start_time, end_time, topic, price, number_of_seats) VALUES (84,23,'2020-07-13 06:04:00','2020-07-13 22:10:00','innovate proactive methodologies',60.95,11)
INSERT INTO Workshops (workshop_id, conference_day_id, start_time, end_time, topic, price, number_of_seats) VALUES (85,23,'2020-07-13 04:01:00','2020-07-13 11:55:00','benchmark open-source portals',319.62,13)
INSERT INTO Workshops (workshop_id, conference_day_id, start_time, end_time, topic, price, number_of_seats) VALUES (86,23,'2020-07-13 01:22:00','2020-07-13 06:54:00','incubate rich info-mediaries',160.3,4)
INSERT INTO Workshops (workshop_id, conference_day_id, start_time, end_time, topic, price, number_of_seats) VALUES (87,24,'2020-07-14 01:56:00','2020-07-14 10:10:00','empower magnetic networks',284.52,3)
INSERT INTO Workshops (workshop_id, conference_day_id, start_time, end_time, topic, price, number_of_seats) VALUES (88,24,'2020-07-14 05:03:00','2020-07-14 22:58:00','empower global info-mediaries',813.12,4)
INSERT INTO Workshops (workshop_id, conference_day_id, start_time, end_time, topic, price, number_of_seats) VALUES (89,24,'2020-07-14 05:26:00','2020-07-14 20:24:00','strategize B2C channels',648.04,9)
SET IDENTITY_INSERT Workshops OFF
SET IDENTITY_INSERT Workshop_reservations ON
INSERT INTO Workshop_reservations (reservation_id, workshop_id, reservation_date, due_price, nr_of_seats, Conference_day_res_id, active) VALUES (1,1,'2020-11-27 03:54:00','2020-12-18 03:54:00',3,25,0)
INSERT INTO Workshop_reservations (reservation_id, workshop_id, reservation_date, due_price, nr_of_seats, Conference_day_res_id, active) VALUES (2,2,'2020-04-18 15:38:00','2020-05-02 15:38:00',12,40,0)
INSERT INTO Workshop_reservations (reservation_id, workshop_id, reservation_date, due_price, nr_of_seats, Conference_day_res_id, active) VALUES (3,3,'2023-01-09 17:23:00','2023-01-23 17:23:00',2,13,0)
INSERT INTO Workshop_reservations (reservation_id, workshop_id, reservation_date, due_price, nr_of_seats, Conference_day_res_id, active) VALUES (4,3,'2024-06-14 23:39:00','2024-07-12 23:39:00',1,4,0)
INSERT INTO Workshop_reservations (reservation_id, workshop_id, reservation_date, due_price, nr_of_seats, Conference_day_res_id, active) VALUES (5,4,'2020-05-07 22:24:00','2020-06-04 22:24:00',2,5,1)
INSERT INTO Workshop_reservations (reservation_id, workshop_id, reservation_date, due_price, nr_of_seats, Conference_day_res_id, active) VALUES (6,4,'2024-02-11 08:23:00','2024-02-25 08:23:00',1,12,0)
INSERT INTO Workshop_reservations (reservation_id, workshop_id, reservation_date, due_price, nr_of_seats, Conference_day_res_id, active) VALUES (7,5,'2021-04-07 21:01:00','2021-04-28 21:01:00',2,21,1)
INSERT INTO Workshop_reservations (reservation_id, workshop_id, reservation_date, due_price, nr_of_seats, Conference_day_res_id, active) VALUES (8,5,'2021-08-25 23:17:00','2021-09-22 23:17:00',1,42,0)
INSERT INTO Workshop_reservations (reservation_id, workshop_id, reservation_date, due_price, nr_of_seats, Conference_day_res_id, active) VALUES (9,6,'2024-02-17 18:47:00','2024-02-24 18:47:00',3,34,0)
INSERT INTO Workshop_reservations (reservation_id, workshop_id, reservation_date, due_price, nr_of_seats, Conference_day_res_id, active) VALUES (10,6,'2024-02-28 12:47:00','2024-03-20 12:47:00',2,17,0)
INSERT INTO Workshop_reservations (reservation_id, workshop_id, reservation_date, due_price, nr_of_seats, Conference_day_res_id, active) VALUES (11,6,'2022-11-27 07:54:00','2022-12-04 07:54:00',1,8,0)
INSERT INTO Workshop_reservations (reservation_id, workshop_id, reservation_date, due_price, nr_of_seats, Conference_day_res_id, active) VALUES (12,7,'2024-06-24 18:32:00','2024-07-15 18:32:00',6,10,0)
INSERT INTO Workshop_reservations (reservation_id, workshop_id, reservation_date, due_price, nr_of_seats, Conference_day_res_id, active) VALUES (13,7,'2020-12-20 08:08:00','2020-12-27 08:08:00',2,27,1)
INSERT INTO Workshop_reservations (reservation_id, workshop_id, reservation_date, due_price, nr_of_seats, Conference_day_res_id, active) VALUES (14,8,'2020-02-14 13:17:00','2020-02-21 13:17:00',10,35,0)
INSERT INTO Workshop_reservations (reservation_id, workshop_id, reservation_date, due_price, nr_of_seats, Conference_day_res_id, active) VALUES (15,8,'2021-12-01 05:11:00','2021-12-29 05:11:00',2,37,0)
INSERT INTO Workshop_reservations (reservation_id, workshop_id, reservation_date, due_price, nr_of_seats, Conference_day_res_id, active) VALUES (16,8,'2020-05-31 00:12:00','2020-06-14 00:12:00',2,8,1)
INSERT INTO Workshop_reservations (reservation_id, workshop_id, reservation_date, due_price, nr_of_seats, Conference_day_res_id, active) VALUES (17,9,'2023-03-05 20:17:00','2023-03-19 20:17:00',2,40,1)
INSERT INTO Workshop_reservations (reservation_id, workshop_id, reservation_date, due_price, nr_of_seats, Conference_day_res_id, active) VALUES (18,9,'2024-05-10 12:43:00','2024-05-31 12:43:00',2,11,1)
INSERT INTO Workshop_reservations (reservation_id, workshop_id, reservation_date, due_price, nr_of_seats, Conference_day_res_id, active) VALUES (19,9,'2022-01-22 23:07:00','2022-01-29 23:07:00',3,8,0)
INSERT INTO Workshop_reservations (reservation_id, workshop_id, reservation_date, due_price, nr_of_seats, Conference_day_res_id, active) VALUES (20,9,'2024-12-04 05:59:00','2024-12-18 05:59:00',1,22,1)
INSERT INTO Workshop_reservations (reservation_id, workshop_id, reservation_date, due_price, nr_of_seats, Conference_day_res_id, active) VALUES (21,10,'2020-09-24 23:48:00','2020-10-08 23:48:00',7,14,0)
INSERT INTO Workshop_reservations (reservation_id, workshop_id, reservation_date, due_price, nr_of_seats, Conference_day_res_id, active) VALUES (22,10,'2021-02-10 00:52:00','2021-03-03 00:52:00',2,42,1)
INSERT INTO Workshop_reservations (reservation_id, workshop_id, reservation_date, due_price, nr_of_seats, Conference_day_res_id, active) VALUES (23,11,'2023-01-04 05:05:00','2023-02-01 05:05:00',2,40,1)
INSERT INTO Workshop_reservations (reservation_id, workshop_id, reservation_date, due_price, nr_of_seats, Conference_day_res_id, active) VALUES (24,12,'2020-09-21 09:18:00','2020-10-05 09:18:00',2,38,1)
INSERT INTO Workshop_reservations (reservation_id, workshop_id, reservation_date, due_price, nr_of_seats, Conference_day_res_id, active) VALUES (25,12,'2022-06-21 21:40:00','2022-07-05 21:40:00',1,21,1)
INSERT INTO Workshop_reservations (reservation_id, workshop_id, reservation_date, due_price, nr_of_seats, Conference_day_res_id, active) VALUES (26,13,'2022-04-24 12:18:00','2022-05-15 12:18:00',5,15,0)
INSERT INTO Workshop_reservations (reservation_id, workshop_id, reservation_date, due_price, nr_of_seats, Conference_day_res_id, active) VALUES (27,14,'2022-07-25 13:54:00','2022-08-22 13:54:00',9,29,1)
INSERT INTO Workshop_reservations (reservation_id, workshop_id, reservation_date, due_price, nr_of_seats, Conference_day_res_id, active) VALUES (28,14,'2021-10-21 08:27:00','2021-10-28 08:27:00',3,46,0)
INSERT INTO Workshop_reservations (reservation_id, workshop_id, reservation_date, due_price, nr_of_seats, Conference_day_res_id, active) VALUES (29,15,'2020-02-27 10:57:00','2020-03-12 10:57:00',7,16,1)
INSERT INTO Workshop_reservations (reservation_id, workshop_id, reservation_date, due_price, nr_of_seats, Conference_day_res_id, active) VALUES (30,16,'2020-05-10 01:41:00','2020-05-31 01:41:00',4,43,0)
INSERT INTO Workshop_reservations (reservation_id, workshop_id, reservation_date, due_price, nr_of_seats, Conference_day_res_id, active) VALUES (31,16,'2020-08-31 13:45:00','2020-09-28 13:45:00',5,40,0)
INSERT INTO Workshop_reservations (reservation_id, workshop_id, reservation_date, due_price, nr_of_seats, Conference_day_res_id, active) VALUES (32,16,'2023-01-30 13:01:00','2023-02-20 13:01:00',2,32,0)
INSERT INTO Workshop_reservations (reservation_id, workshop_id, reservation_date, due_price, nr_of_seats, Conference_day_res_id, active) VALUES (33,17,'2022-05-17 05:14:00','2022-06-07 05:14:00',10,32,1)
INSERT INTO Workshop_reservations (reservation_id, workshop_id, reservation_date, due_price, nr_of_seats, Conference_day_res_id, active) VALUES (34,18,'2020-10-23 20:50:00','2020-10-30 20:50:00',11,3,1)
INSERT INTO Workshop_reservations (reservation_id, workshop_id, reservation_date, due_price, nr_of_seats, Conference_day_res_id, active) VALUES (35,19,'2024-03-13 06:38:00','2024-04-03 06:38:00',3,8,0)
INSERT INTO Workshop_reservations (reservation_id, workshop_id, reservation_date, due_price, nr_of_seats, Conference_day_res_id, active) VALUES (36,19,'2022-06-21 20:49:00','2022-07-19 20:49:00',5,40,0)
INSERT INTO Workshop_reservations (reservation_id, workshop_id, reservation_date, due_price, nr_of_seats, Conference_day_res_id, active) VALUES (37,19,'2024-05-26 16:07:00','2024-06-23 16:07:00',1,32,0)
INSERT INTO Workshop_reservations (reservation_id, workshop_id, reservation_date, due_price, nr_of_seats, Conference_day_res_id, active) VALUES (38,19,'2021-01-21 18:58:00','2021-02-18 18:58:00',1,33,0)
INSERT INTO Workshop_reservations (reservation_id, workshop_id, reservation_date, due_price, nr_of_seats, Conference_day_res_id, active) VALUES (39,20,'2022-01-20 19:53:00','2022-02-10 19:53:00',3,19,0)
INSERT INTO Workshop_reservations (reservation_id, workshop_id, reservation_date, due_price, nr_of_seats, Conference_day_res_id, active) VALUES (40,20,'2021-01-03 19:32:00','2021-01-24 19:32:00',1,35,0)
INSERT INTO Workshop_reservations (reservation_id, workshop_id, reservation_date, due_price, nr_of_seats, Conference_day_res_id, active) VALUES (41,21,'2023-11-10 17:00:00','2023-11-24 17:00:00',2,17,1)
INSERT INTO Workshop_reservations (reservation_id, workshop_id, reservation_date, due_price, nr_of_seats, Conference_day_res_id, active) VALUES (42,21,'2023-03-16 13:56:00','2023-03-30 13:56:00',4,36,1)
INSERT INTO Workshop_reservations (reservation_id, workshop_id, reservation_date, due_price, nr_of_seats, Conference_day_res_id, active) VALUES (43,22,'2020-02-27 19:39:00','2020-03-26 19:39:00',1,10,1)
INSERT INTO Workshop_reservations (reservation_id, workshop_id, reservation_date, due_price, nr_of_seats, Conference_day_res_id, active) VALUES (44,23,'2020-09-21 13:37:00','2020-10-19 13:37:00',6,36,1)
INSERT INTO Workshop_reservations (reservation_id, workshop_id, reservation_date, due_price, nr_of_seats, Conference_day_res_id, active) VALUES (45,23,'2024-05-24 05:49:00','2024-06-07 05:49:00',3,3,1)
INSERT INTO Workshop_reservations (reservation_id, workshop_id, reservation_date, due_price, nr_of_seats, Conference_day_res_id, active) VALUES (46,24,'2024-01-11 06:49:00','2024-02-08 06:49:00',8,17,1)
INSERT INTO Workshop_reservations (reservation_id, workshop_id, reservation_date, due_price, nr_of_seats, Conference_day_res_id, active) VALUES (47,25,'2023-05-07 00:22:00','2023-06-04 00:22:00',1,1,1)
INSERT INTO Workshop_reservations (reservation_id, workshop_id, reservation_date, due_price, nr_of_seats, Conference_day_res_id, active) VALUES (48,25,'2022-10-12 11:00:00','2022-10-26 11:00:00',1,4,1)
INSERT INTO Workshop_reservations (reservation_id, workshop_id, reservation_date, due_price, nr_of_seats, Conference_day_res_id, active) VALUES (49,25,'2024-07-29 12:18:00','2024-08-12 12:18:00',1,34,0)
INSERT INTO Workshop_reservations (reservation_id, workshop_id, reservation_date, due_price, nr_of_seats, Conference_day_res_id, active) VALUES (50,26,'2024-03-22 22:18:00','2024-04-05 22:18:00',3,9,0)
INSERT INTO Workshop_reservations (reservation_id, workshop_id, reservation_date, due_price, nr_of_seats, Conference_day_res_id, active) VALUES (51,26,'2020-05-14 06:04:00','2020-06-04 06:04:00',2,37,0)
INSERT INTO Workshop_reservations (reservation_id, workshop_id, reservation_date, due_price, nr_of_seats, Conference_day_res_id, active) VALUES (52,27,'2024-09-16 22:29:00','2024-09-23 22:29:00',1,20,1)
INSERT INTO Workshop_reservations (reservation_id, workshop_id, reservation_date, due_price, nr_of_seats, Conference_day_res_id, active) VALUES (53,27,'2022-11-25 01:32:00','2022-12-02 01:32:00',1,32,1)
INSERT INTO Workshop_reservations (reservation_id, workshop_id, reservation_date, due_price, nr_of_seats, Conference_day_res_id, active) VALUES (54,27,'2023-12-09 14:36:00','2023-12-30 14:36:00',1,4,1)
INSERT INTO Workshop_reservations (reservation_id, workshop_id, reservation_date, due_price, nr_of_seats, Conference_day_res_id, active) VALUES (55,28,'2021-10-06 20:51:00','2021-10-20 20:51:00',1,17,0)
INSERT INTO Workshop_reservations (reservation_id, workshop_id, reservation_date, due_price, nr_of_seats, Conference_day_res_id, active) VALUES (56,28,'2021-07-23 09:57:00','2021-08-13 09:57:00',1,34,0)
INSERT INTO Workshop_reservations (reservation_id, workshop_id, reservation_date, due_price, nr_of_seats, Conference_day_res_id, active) VALUES (57,28,'2021-05-13 12:56:00','2021-05-27 12:56:00',1,47,0)
INSERT INTO Workshop_reservations (reservation_id, workshop_id, reservation_date, due_price, nr_of_seats, Conference_day_res_id, active) VALUES (58,29,'2024-06-03 12:21:00','2024-07-01 12:21:00',6,7,1)
INSERT INTO Workshop_reservations (reservation_id, workshop_id, reservation_date, due_price, nr_of_seats, Conference_day_res_id, active) VALUES (59,29,'2020-12-21 00:56:00','2021-01-18 00:56:00',5,29,0)
INSERT INTO Workshop_reservations (reservation_id, workshop_id, reservation_date, due_price, nr_of_seats, Conference_day_res_id, active) VALUES (60,29,'2020-03-25 01:34:00','2020-04-08 01:34:00',1,33,1)
INSERT INTO Workshop_reservations (reservation_id, workshop_id, reservation_date, due_price, nr_of_seats, Conference_day_res_id, active) VALUES (61,29,'2020-11-26 15:47:00','2020-12-24 15:47:00',1,28,0)
INSERT INTO Workshop_reservations (reservation_id, workshop_id, reservation_date, due_price, nr_of_seats, Conference_day_res_id, active) VALUES (62,29,'2022-12-31 19:09:00','2023-01-14 19:09:00',1,34,0)
INSERT INTO Workshop_reservations (reservation_id, workshop_id, reservation_date, due_price, nr_of_seats, Conference_day_res_id, active) VALUES (63,30,'2023-08-07 23:45:00','2023-08-28 23:45:00',8,25,0)
INSERT INTO Workshop_reservations (reservation_id, workshop_id, reservation_date, due_price, nr_of_seats, Conference_day_res_id, active) VALUES (64,30,'2023-09-11 18:38:00','2023-09-25 18:38:00',3,47,1)
INSERT INTO Workshop_reservations (reservation_id, workshop_id, reservation_date, due_price, nr_of_seats, Conference_day_res_id, active) VALUES (65,31,'2023-08-08 21:33:00','2023-08-29 21:33:00',1,12,1)
INSERT INTO Workshop_reservations (reservation_id, workshop_id, reservation_date, due_price, nr_of_seats, Conference_day_res_id, active) VALUES (66,31,'2021-02-24 01:04:00','2021-03-10 01:04:00',3,14,0)
INSERT INTO Workshop_reservations (reservation_id, workshop_id, reservation_date, due_price, nr_of_seats, Conference_day_res_id, active) VALUES (67,32,'2022-09-13 19:52:00','2022-10-04 19:52:00',6,12,1)
INSERT INTO Workshop_reservations (reservation_id, workshop_id, reservation_date, due_price, nr_of_seats, Conference_day_res_id, active) VALUES (68,33,'2021-01-14 14:10:00','2021-01-28 14:10:00',7,28,1)
INSERT INTO Workshop_reservations (reservation_id, workshop_id, reservation_date, due_price, nr_of_seats, Conference_day_res_id, active) VALUES (69,33,'2020-07-26 10:01:00','2020-08-16 10:01:00',2,14,1)
INSERT INTO Workshop_reservations (reservation_id, workshop_id, reservation_date, due_price, nr_of_seats, Conference_day_res_id, active) VALUES (70,34,'2024-05-18 00:24:00','2024-06-01 00:24:00',2,4,1)
INSERT INTO Workshop_reservations (reservation_id, workshop_id, reservation_date, due_price, nr_of_seats, Conference_day_res_id, active) VALUES (71,35,'2022-09-21 21:37:00','2022-10-05 21:37:00',6,4,0)
INSERT INTO Workshop_reservations (reservation_id, workshop_id, reservation_date, due_price, nr_of_seats, Conference_day_res_id, active) VALUES (72,35,'2020-09-13 11:44:00','2020-10-11 11:44:00',3,16,0)
INSERT INTO Workshop_reservations (reservation_id, workshop_id, reservation_date, due_price, nr_of_seats, Conference_day_res_id, active) VALUES (73,35,'2022-03-17 16:35:00','2022-03-24 16:35:00',1,21,0)
INSERT INTO Workshop_reservations (reservation_id, workshop_id, reservation_date, due_price, nr_of_seats, Conference_day_res_id, active) VALUES (74,36,'2021-04-24 00:02:00','2021-05-15 00:02:00',2,10,1)
INSERT INTO Workshop_reservations (reservation_id, workshop_id, reservation_date, due_price, nr_of_seats, Conference_day_res_id, active) VALUES (75,36,'2022-05-19 23:30:00','2022-05-26 23:30:00',3,5,1)
INSERT INTO Workshop_reservations (reservation_id, workshop_id, reservation_date, due_price, nr_of_seats, Conference_day_res_id, active) VALUES (76,37,'2021-09-17 10:22:00','2021-10-08 10:22:00',10,11,0)
INSERT INTO Workshop_reservations (reservation_id, workshop_id, reservation_date, due_price, nr_of_seats, Conference_day_res_id, active) VALUES (77,37,'2020-07-02 02:41:00','2020-07-30 02:41:00',2,1,1)
INSERT INTO Workshop_reservations (reservation_id, workshop_id, reservation_date, due_price, nr_of_seats, Conference_day_res_id, active) VALUES (78,38,'2021-11-01 15:35:00','2021-11-29 15:35:00',3,28,0)
INSERT INTO Workshop_reservations (reservation_id, workshop_id, reservation_date, due_price, nr_of_seats, Conference_day_res_id, active) VALUES (79,38,'2022-02-04 18:16:00','2022-03-04 18:16:00',3,32,1)
INSERT INTO Workshop_reservations (reservation_id, workshop_id, reservation_date, due_price, nr_of_seats, Conference_day_res_id, active) VALUES (80,39,'2020-03-14 01:41:00','2020-03-28 01:41:00',7,35,0)
INSERT INTO Workshop_reservations (reservation_id, workshop_id, reservation_date, due_price, nr_of_seats, Conference_day_res_id, active) VALUES (81,40,'2021-09-12 17:49:00','2021-09-19 17:49:00',6,44,0)
INSERT INTO Workshop_reservations (reservation_id, workshop_id, reservation_date, due_price, nr_of_seats, Conference_day_res_id, active) VALUES (82,40,'2021-03-30 11:01:00','2021-04-13 11:01:00',1,14,0)
INSERT INTO Workshop_reservations (reservation_id, workshop_id, reservation_date, due_price, nr_of_seats, Conference_day_res_id, active) VALUES (83,41,'2021-07-20 17:55:00','2021-08-17 17:55:00',2,4,1)
INSERT INTO Workshop_reservations (reservation_id, workshop_id, reservation_date, due_price, nr_of_seats, Conference_day_res_id, active) VALUES (84,41,'2020-12-27 21:40:00','2021-01-10 21:40:00',1,37,1)
INSERT INTO Workshop_reservations (reservation_id, workshop_id, reservation_date, due_price, nr_of_seats, Conference_day_res_id, active) VALUES (85,42,'2021-05-10 22:41:00','2021-05-17 22:41:00',3,11,1)
INSERT INTO Workshop_reservations (reservation_id, workshop_id, reservation_date, due_price, nr_of_seats, Conference_day_res_id, active) VALUES (86,42,'2021-10-11 21:33:00','2021-10-18 21:33:00',2,7,1)
INSERT INTO Workshop_reservations (reservation_id, workshop_id, reservation_date, due_price, nr_of_seats, Conference_day_res_id, active) VALUES (87,42,'2021-03-29 01:42:00','2021-04-12 01:42:00',2,47,1)
INSERT INTO Workshop_reservations (reservation_id, workshop_id, reservation_date, due_price, nr_of_seats, Conference_day_res_id, active) VALUES (88,43,'2022-02-17 01:14:00','2022-03-17 01:14:00',2,45,1)
INSERT INTO Workshop_reservations (reservation_id, workshop_id, reservation_date, due_price, nr_of_seats, Conference_day_res_id, active) VALUES (89,43,'2020-02-08 23:22:00','2020-03-07 23:22:00',5,17,1)
INSERT INTO Workshop_reservations (reservation_id, workshop_id, reservation_date, due_price, nr_of_seats, Conference_day_res_id, active) VALUES (90,44,'2020-07-10 09:22:00','2020-07-24 09:22:00',4,28,1)
INSERT INTO Workshop_reservations (reservation_id, workshop_id, reservation_date, due_price, nr_of_seats, Conference_day_res_id, active) VALUES (91,44,'2021-06-03 13:44:00','2021-06-24 13:44:00',8,11,1)
INSERT INTO Workshop_reservations (reservation_id, workshop_id, reservation_date, due_price, nr_of_seats, Conference_day_res_id, active) VALUES (92,44,'2020-01-28 12:46:00','2020-02-04 12:46:00',1,48,1)
INSERT INTO Workshop_reservations (reservation_id, workshop_id, reservation_date, due_price, nr_of_seats, Conference_day_res_id, active) VALUES (93,44,'2020-02-14 07:52:00','2020-03-06 07:52:00',1,28,1)
INSERT INTO Workshop_reservations (reservation_id, workshop_id, reservation_date, due_price, nr_of_seats, Conference_day_res_id, active) VALUES (94,45,'2020-10-31 02:57:00','2020-11-14 02:57:00',2,7,1)
INSERT INTO Workshop_reservations (reservation_id, workshop_id, reservation_date, due_price, nr_of_seats, Conference_day_res_id, active) VALUES (95,45,'2020-12-17 02:44:00','2021-01-07 02:44:00',1,13,1)
INSERT INTO Workshop_reservations (reservation_id, workshop_id, reservation_date, due_price, nr_of_seats, Conference_day_res_id, active) VALUES (96,46,'2021-03-22 17:39:00','2021-04-05 17:39:00',4,25,0)
INSERT INTO Workshop_reservations (reservation_id, workshop_id, reservation_date, due_price, nr_of_seats, Conference_day_res_id, active) VALUES (97,46,'2021-08-17 06:40:00','2021-09-14 06:40:00',1,17,0)
INSERT INTO Workshop_reservations (reservation_id, workshop_id, reservation_date, due_price, nr_of_seats, Conference_day_res_id, active) VALUES (98,47,'2021-09-22 07:15:00','2021-10-13 07:15:00',3,16,0)
INSERT INTO Workshop_reservations (reservation_id, workshop_id, reservation_date, due_price, nr_of_seats, Conference_day_res_id, active) VALUES (99,48,'2022-04-11 08:12:00','2022-05-09 08:12:00',2,14,0)
INSERT INTO Workshop_reservations (reservation_id, workshop_id, reservation_date, due_price, nr_of_seats, Conference_day_res_id, active) VALUES (100,49,'2021-10-04 17:42:00','2021-11-01 17:42:00',2,13,1)
INSERT INTO Workshop_reservations (reservation_id, workshop_id, reservation_date, due_price, nr_of_seats, Conference_day_res_id, active) VALUES (101,50,'2021-09-15 07:19:00','2021-10-13 07:19:00',5,13,0)
INSERT INTO Workshop_reservations (reservation_id, workshop_id, reservation_date, due_price, nr_of_seats, Conference_day_res_id, active) VALUES (102,50,'2020-06-24 19:30:00','2020-07-22 19:30:00',3,44,1)
INSERT INTO Workshop_reservations (reservation_id, workshop_id, reservation_date, due_price, nr_of_seats, Conference_day_res_id, active) VALUES (103,50,'2021-12-03 00:00:00','2021-12-10 00:00:00',3,48,1)
INSERT INTO Workshop_reservations (reservation_id, workshop_id, reservation_date, due_price, nr_of_seats, Conference_day_res_id, active) VALUES (104,51,'2022-04-30 14:59:00','2022-05-07 14:59:00',6,30,0)
INSERT INTO Workshop_reservations (reservation_id, workshop_id, reservation_date, due_price, nr_of_seats, Conference_day_res_id, active) VALUES (105,51,'2022-01-20 02:35:00','2022-02-03 02:35:00',2,29,0)
INSERT INTO Workshop_reservations (reservation_id, workshop_id, reservation_date, due_price, nr_of_seats, Conference_day_res_id, active) VALUES (106,52,'2022-02-17 23:00:00','2022-02-24 23:00:00',1,43,1)
INSERT INTO Workshop_reservations (reservation_id, workshop_id, reservation_date, due_price, nr_of_seats, Conference_day_res_id, active) VALUES (107,53,'2020-01-26 06:41:00','2020-02-16 06:41:00',4,48,0)
INSERT INTO Workshop_reservations (reservation_id, workshop_id, reservation_date, due_price, nr_of_seats, Conference_day_res_id, active) VALUES (108,53,'2020-10-18 04:08:00','2020-11-08 04:08:00',1,35,0)
INSERT INTO Workshop_reservations (reservation_id, workshop_id, reservation_date, due_price, nr_of_seats, Conference_day_res_id, active) VALUES (109,54,'2021-05-31 08:16:00','2021-06-14 08:16:00',1,33,0)
INSERT INTO Workshop_reservations (reservation_id, workshop_id, reservation_date, due_price, nr_of_seats, Conference_day_res_id, active) VALUES (110,54,'2021-04-30 07:39:00','2021-05-21 07:39:00',3,10,1)
INSERT INTO Workshop_reservations (reservation_id, workshop_id, reservation_date, due_price, nr_of_seats, Conference_day_res_id, active) VALUES (111,55,'2021-05-14 21:38:00','2021-06-04 21:38:00',1,24,0)
INSERT INTO Workshop_reservations (reservation_id, workshop_id, reservation_date, due_price, nr_of_seats, Conference_day_res_id, active) VALUES (112,55,'2020-08-30 22:40:00','2020-09-27 22:40:00',3,19,0)
INSERT INTO Workshop_reservations (reservation_id, workshop_id, reservation_date, due_price, nr_of_seats, Conference_day_res_id, active) VALUES (113,55,'2020-01-31 02:53:00','2020-02-14 02:53:00',1,38,1)
INSERT INTO Workshop_reservations (reservation_id, workshop_id, reservation_date, due_price, nr_of_seats, Conference_day_res_id, active) VALUES (114,55,'2020-11-03 03:02:00','2020-11-24 03:02:00',1,18,1)
INSERT INTO Workshop_reservations (reservation_id, workshop_id, reservation_date, due_price, nr_of_seats, Conference_day_res_id, active) VALUES (115,56,'2020-08-28 12:21:00','2020-09-25 12:21:00',1,11,1)
INSERT INTO Workshop_reservations (reservation_id, workshop_id, reservation_date, due_price, nr_of_seats, Conference_day_res_id, active) VALUES (116,57,'2020-06-26 17:47:00','2020-07-24 17:47:00',4,32,0)
INSERT INTO Workshop_reservations (reservation_id, workshop_id, reservation_date, due_price, nr_of_seats, Conference_day_res_id, active) VALUES (117,57,'2021-03-08 19:48:00','2021-03-15 19:48:00',8,16,1)
INSERT INTO Workshop_reservations (reservation_id, workshop_id, reservation_date, due_price, nr_of_seats, Conference_day_res_id, active) VALUES (118,57,'2020-09-09 05:20:00','2020-10-07 05:20:00',1,9,0)
INSERT INTO Workshop_reservations (reservation_id, workshop_id, reservation_date, due_price, nr_of_seats, Conference_day_res_id, active) VALUES (119,58,'2022-02-20 14:49:00','2022-03-13 14:49:00',1,20,0)
INSERT INTO Workshop_reservations (reservation_id, workshop_id, reservation_date, due_price, nr_of_seats, Conference_day_res_id, active) VALUES (120,59,'2020-08-14 18:45:00','2020-09-11 18:45:00',8,19,0)
INSERT INTO Workshop_reservations (reservation_id, workshop_id, reservation_date, due_price, nr_of_seats, Conference_day_res_id, active) VALUES (121,59,'2021-03-11 05:17:00','2021-04-01 05:17:00',1,8,0)
INSERT INTO Workshop_reservations (reservation_id, workshop_id, reservation_date, due_price, nr_of_seats, Conference_day_res_id, active) VALUES (122,59,'2020-10-18 17:54:00','2020-10-25 17:54:00',1,30,1)
INSERT INTO Workshop_reservations (reservation_id, workshop_id, reservation_date, due_price, nr_of_seats, Conference_day_res_id, active) VALUES (123,59,'2020-03-28 05:42:00','2020-04-18 05:42:00',1,15,1)
INSERT INTO Workshop_reservations (reservation_id, workshop_id, reservation_date, due_price, nr_of_seats, Conference_day_res_id, active) VALUES (124,60,'2023-06-13 12:56:00','2023-07-04 12:56:00',2,30,1)
INSERT INTO Workshop_reservations (reservation_id, workshop_id, reservation_date, due_price, nr_of_seats, Conference_day_res_id, active) VALUES (125,60,'2022-03-23 03:41:00','2022-04-06 03:41:00',5,27,0)
INSERT INTO Workshop_reservations (reservation_id, workshop_id, reservation_date, due_price, nr_of_seats, Conference_day_res_id, active) VALUES (126,60,'2021-05-14 13:28:00','2021-06-04 13:28:00',3,25,1)
INSERT INTO Workshop_reservations (reservation_id, workshop_id, reservation_date, due_price, nr_of_seats, Conference_day_res_id, active) VALUES (127,60,'2020-12-01 23:05:00','2020-12-15 23:05:00',1,7,1)
INSERT INTO Workshop_reservations (reservation_id, workshop_id, reservation_date, due_price, nr_of_seats, Conference_day_res_id, active) VALUES (128,60,'2021-09-18 04:44:00','2021-10-16 04:44:00',1,38,0)
INSERT INTO Workshop_reservations (reservation_id, workshop_id, reservation_date, due_price, nr_of_seats, Conference_day_res_id, active) VALUES (129,61,'2022-12-02 04:50:00','2022-12-23 04:50:00',1,7,1)
INSERT INTO Workshop_reservations (reservation_id, workshop_id, reservation_date, due_price, nr_of_seats, Conference_day_res_id, active) VALUES (130,61,'2023-10-06 22:37:00','2023-10-20 22:37:00',1,47,0)
INSERT INTO Workshop_reservations (reservation_id, workshop_id, reservation_date, due_price, nr_of_seats, Conference_day_res_id, active) VALUES (131,61,'2021-11-18 06:31:00','2021-12-16 06:31:00',1,23,1)
INSERT INTO Workshop_reservations (reservation_id, workshop_id, reservation_date, due_price, nr_of_seats, Conference_day_res_id, active) VALUES (132,62,'2023-09-19 08:25:00','2023-09-26 08:25:00',7,29,1)
INSERT INTO Workshop_reservations (reservation_id, workshop_id, reservation_date, due_price, nr_of_seats, Conference_day_res_id, active) VALUES (133,62,'2022-02-09 19:33:00','2022-02-23 19:33:00',1,3,1)
INSERT INTO Workshop_reservations (reservation_id, workshop_id, reservation_date, due_price, nr_of_seats, Conference_day_res_id, active) VALUES (134,62,'2023-10-01 16:42:00','2023-10-22 16:42:00',3,23,0)
INSERT INTO Workshop_reservations (reservation_id, workshop_id, reservation_date, due_price, nr_of_seats, Conference_day_res_id, active) VALUES (135,63,'2021-04-06 20:38:00','2021-04-20 20:38:00',5,34,1)
INSERT INTO Workshop_reservations (reservation_id, workshop_id, reservation_date, due_price, nr_of_seats, Conference_day_res_id, active) VALUES (136,63,'2021-04-26 09:19:00','2021-05-03 09:19:00',3,40,1)
INSERT INTO Workshop_reservations (reservation_id, workshop_id, reservation_date, due_price, nr_of_seats, Conference_day_res_id, active) VALUES (137,63,'2020-04-08 01:19:00','2020-04-15 01:19:00',1,26,1)
INSERT INTO Workshop_reservations (reservation_id, workshop_id, reservation_date, due_price, nr_of_seats, Conference_day_res_id, active) VALUES (138,63,'2022-01-30 17:30:00','2022-02-13 17:30:00',2,48,0)
INSERT INTO Workshop_reservations (reservation_id, workshop_id, reservation_date, due_price, nr_of_seats, Conference_day_res_id, active) VALUES (139,63,'2023-10-25 13:06:00','2023-11-08 13:06:00',1,11,0)
INSERT INTO Workshop_reservations (reservation_id, workshop_id, reservation_date, due_price, nr_of_seats, Conference_day_res_id, active) VALUES (140,64,'2021-02-28 01:49:00','2021-03-07 01:49:00',9,38,0)
INSERT INTO Workshop_reservations (reservation_id, workshop_id, reservation_date, due_price, nr_of_seats, Conference_day_res_id, active) VALUES (141,64,'2020-10-02 20:43:00','2020-10-23 20:43:00',1,37,1)
INSERT INTO Workshop_reservations (reservation_id, workshop_id, reservation_date, due_price, nr_of_seats, Conference_day_res_id, active) VALUES (142,64,'2020-04-18 21:14:00','2020-05-09 21:14:00',1,9,0)
INSERT INTO Workshop_reservations (reservation_id, workshop_id, reservation_date, due_price, nr_of_seats, Conference_day_res_id, active) VALUES (143,65,'2022-08-26 21:19:00','2022-09-09 21:19:00',1,30,0)
INSERT INTO Workshop_reservations (reservation_id, workshop_id, reservation_date, due_price, nr_of_seats, Conference_day_res_id, active) VALUES (144,65,'2020-12-06 15:16:00','2021-01-03 15:16:00',1,10,1)
INSERT INTO Workshop_reservations (reservation_id, workshop_id, reservation_date, due_price, nr_of_seats, Conference_day_res_id, active) VALUES (145,66,'2021-09-04 09:12:00','2021-10-02 09:12:00',5,36,1)
INSERT INTO Workshop_reservations (reservation_id, workshop_id, reservation_date, due_price, nr_of_seats, Conference_day_res_id, active) VALUES (146,66,'2023-08-28 19:01:00','2023-09-04 19:01:00',5,1,1)
INSERT INTO Workshop_reservations (reservation_id, workshop_id, reservation_date, due_price, nr_of_seats, Conference_day_res_id, active) VALUES (147,66,'2023-04-09 01:21:00','2023-04-23 01:21:00',2,28,1)
INSERT INTO Workshop_reservations (reservation_id, workshop_id, reservation_date, due_price, nr_of_seats, Conference_day_res_id, active) VALUES (148,67,'2023-03-17 15:47:00','2023-03-24 15:47:00',11,26,0)
INSERT INTO Workshop_reservations (reservation_id, workshop_id, reservation_date, due_price, nr_of_seats, Conference_day_res_id, active) VALUES (149,68,'2022-09-13 06:06:00','2022-09-27 06:06:00',12,48,1)
INSERT INTO Workshop_reservations (reservation_id, workshop_id, reservation_date, due_price, nr_of_seats, Conference_day_res_id, active) VALUES (150,68,'2021-05-24 19:41:00','2021-05-31 19:41:00',1,4,1)
INSERT INTO Workshop_reservations (reservation_id, workshop_id, reservation_date, due_price, nr_of_seats, Conference_day_res_id, active) VALUES (151,69,'2023-07-14 20:24:00','2023-08-04 20:24:00',1,35,1)
INSERT INTO Workshop_reservations (reservation_id, workshop_id, reservation_date, due_price, nr_of_seats, Conference_day_res_id, active) VALUES (152,69,'2021-10-24 10:38:00','2021-11-07 10:38:00',1,26,0)
INSERT INTO Workshop_reservations (reservation_id, workshop_id, reservation_date, due_price, nr_of_seats, Conference_day_res_id, active) VALUES (153,69,'2021-09-18 08:21:00','2021-10-02 08:21:00',1,12,1)
INSERT INTO Workshop_reservations (reservation_id, workshop_id, reservation_date, due_price, nr_of_seats, Conference_day_res_id, active) VALUES (154,70,'2020-05-13 07:04:00','2020-06-03 07:04:00',1,37,1)
INSERT INTO Workshop_reservations (reservation_id, workshop_id, reservation_date, due_price, nr_of_seats, Conference_day_res_id, active) VALUES (155,70,'2020-02-06 22:50:00','2020-02-13 22:50:00',1,13,0)
INSERT INTO Workshop_reservations (reservation_id, workshop_id, reservation_date, due_price, nr_of_seats, Conference_day_res_id, active) VALUES (156,71,'2020-05-29 12:44:00','2020-06-19 12:44:00',3,11,0)
INSERT INTO Workshop_reservations (reservation_id, workshop_id, reservation_date, due_price, nr_of_seats, Conference_day_res_id, active) VALUES (157,71,'2022-07-28 21:28:00','2022-08-04 21:28:00',3,11,0)
INSERT INTO Workshop_reservations (reservation_id, workshop_id, reservation_date, due_price, nr_of_seats, Conference_day_res_id, active) VALUES (158,72,'2021-02-09 11:49:00','2021-02-16 11:49:00',3,39,0)
INSERT INTO Workshop_reservations (reservation_id, workshop_id, reservation_date, due_price, nr_of_seats, Conference_day_res_id, active) VALUES (159,72,'2021-08-26 22:09:00','2021-09-09 22:09:00',5,15,0)
INSERT INTO Workshop_reservations (reservation_id, workshop_id, reservation_date, due_price, nr_of_seats, Conference_day_res_id, active) VALUES (160,72,'2021-04-27 15:48:00','2021-05-18 15:48:00',4,9,0)
INSERT INTO Workshop_reservations (reservation_id, workshop_id, reservation_date, due_price, nr_of_seats, Conference_day_res_id, active) VALUES (161,73,'2020-11-27 23:40:00','2020-12-04 23:40:00',2,33,1)
INSERT INTO Workshop_reservations (reservation_id, workshop_id, reservation_date, due_price, nr_of_seats, Conference_day_res_id, active) VALUES (162,74,'2020-04-22 10:05:00','2020-04-29 10:05:00',1,4,1)
INSERT INTO Workshop_reservations (reservation_id, workshop_id, reservation_date, due_price, nr_of_seats, Conference_day_res_id, active) VALUES (163,74,'2021-09-02 17:21:00','2021-09-16 17:21:00',3,47,1)
INSERT INTO Workshop_reservations (reservation_id, workshop_id, reservation_date, due_price, nr_of_seats, Conference_day_res_id, active) VALUES (164,74,'2023-01-04 03:34:00','2023-01-25 03:34:00',1,46,1)
INSERT INTO Workshop_reservations (reservation_id, workshop_id, reservation_date, due_price, nr_of_seats, Conference_day_res_id, active) VALUES (165,75,'2021-02-24 00:27:00','2021-03-10 00:27:00',2,15,0)
INSERT INTO Workshop_reservations (reservation_id, workshop_id, reservation_date, due_price, nr_of_seats, Conference_day_res_id, active) VALUES (166,75,'2021-12-07 23:33:00','2022-01-04 23:33:00',6,20,0)
INSERT INTO Workshop_reservations (reservation_id, workshop_id, reservation_date, due_price, nr_of_seats, Conference_day_res_id, active) VALUES (167,75,'2022-07-19 13:39:00','2022-08-16 13:39:00',2,3,0)
INSERT INTO Workshop_reservations (reservation_id, workshop_id, reservation_date, due_price, nr_of_seats, Conference_day_res_id, active) VALUES (168,76,'2022-11-22 17:24:00','2022-11-29 17:24:00',9,24,0)
INSERT INTO Workshop_reservations (reservation_id, workshop_id, reservation_date, due_price, nr_of_seats, Conference_day_res_id, active) VALUES (169,76,'2021-07-16 18:44:00','2021-07-30 18:44:00',3,33,0)
INSERT INTO Workshop_reservations (reservation_id, workshop_id, reservation_date, due_price, nr_of_seats, Conference_day_res_id, active) VALUES (170,76,'2023-09-16 18:18:00','2023-09-30 18:18:00',1,7,0)
INSERT INTO Workshop_reservations (reservation_id, workshop_id, reservation_date, due_price, nr_of_seats, Conference_day_res_id, active) VALUES (171,77,'2023-10-04 03:42:00','2023-10-18 03:42:00',5,40,0)
INSERT INTO Workshop_reservations (reservation_id, workshop_id, reservation_date, due_price, nr_of_seats, Conference_day_res_id, active) VALUES (172,77,'2023-07-30 14:47:00','2023-08-06 14:47:00',2,15,0)
INSERT INTO Workshop_reservations (reservation_id, workshop_id, reservation_date, due_price, nr_of_seats, Conference_day_res_id, active) VALUES (173,77,'2020-11-06 03:29:00','2020-11-13 03:29:00',1,4,0)
INSERT INTO Workshop_reservations (reservation_id, workshop_id, reservation_date, due_price, nr_of_seats, Conference_day_res_id, active) VALUES (174,78,'2020-05-11 15:56:00','2020-05-18 15:56:00',1,1,0)
INSERT INTO Workshop_reservations (reservation_id, workshop_id, reservation_date, due_price, nr_of_seats, Conference_day_res_id, active) VALUES (175,78,'2020-07-06 14:06:00','2020-07-27 14:06:00',1,7,1)
INSERT INTO Workshop_reservations (reservation_id, workshop_id, reservation_date, due_price, nr_of_seats, Conference_day_res_id, active) VALUES (176,79,'2020-04-28 13:44:00','2020-05-05 13:44:00',7,33,1)
INSERT INTO Workshop_reservations (reservation_id, workshop_id, reservation_date, due_price, nr_of_seats, Conference_day_res_id, active) VALUES (177,79,'2020-04-20 08:55:00','2020-05-18 08:55:00',2,47,0)
INSERT INTO Workshop_reservations (reservation_id, workshop_id, reservation_date, due_price, nr_of_seats, Conference_day_res_id, active) VALUES (178,80,'2020-02-24 01:57:00','2020-03-16 01:57:00',6,42,0)
INSERT INTO Workshop_reservations (reservation_id, workshop_id, reservation_date, due_price, nr_of_seats, Conference_day_res_id, active) VALUES (179,81,'2020-05-23 20:48:00','2020-05-30 20:48:00',3,48,1)
INSERT INTO Workshop_reservations (reservation_id, workshop_id, reservation_date, due_price, nr_of_seats, Conference_day_res_id, active) VALUES (180,81,'2020-03-31 06:17:00','2020-04-28 06:17:00',5,31,1)
INSERT INTO Workshop_reservations (reservation_id, workshop_id, reservation_date, due_price, nr_of_seats, Conference_day_res_id, active) VALUES (181,81,'2020-05-15 12:01:00','2020-05-22 12:01:00',1,33,1)
INSERT INTO Workshop_reservations (reservation_id, workshop_id, reservation_date, due_price, nr_of_seats, Conference_day_res_id, active) VALUES (182,82,'2020-03-31 06:02:00','2020-04-07 06:02:00',2,3,1)
INSERT INTO Workshop_reservations (reservation_id, workshop_id, reservation_date, due_price, nr_of_seats, Conference_day_res_id, active) VALUES (183,83,'2020-07-02 12:06:00','2020-07-30 12:06:00',3,30,0)
INSERT INTO Workshop_reservations (reservation_id, workshop_id, reservation_date, due_price, nr_of_seats, Conference_day_res_id, active) VALUES (184,83,'2020-02-27 15:14:00','2020-03-26 15:14:00',1,24,1)
INSERT INTO Workshop_reservations (reservation_id, workshop_id, reservation_date, due_price, nr_of_seats, Conference_day_res_id, active) VALUES (185,83,'2020-04-11 09:44:00','2020-05-02 09:44:00',2,20,1)
INSERT INTO Workshop_reservations (reservation_id, workshop_id, reservation_date, due_price, nr_of_seats, Conference_day_res_id, active) VALUES (186,83,'2020-06-26 02:08:00','2020-07-17 02:08:00',1,39,0)
INSERT INTO Workshop_reservations (reservation_id, workshop_id, reservation_date, due_price, nr_of_seats, Conference_day_res_id, active) VALUES (187,84,'2020-05-27 08:49:00','2020-06-03 08:49:00',8,10,1)
INSERT INTO Workshop_reservations (reservation_id, workshop_id, reservation_date, due_price, nr_of_seats, Conference_day_res_id, active) VALUES (188,85,'2020-03-08 10:27:00','2020-03-22 10:27:00',8,5,1)
INSERT INTO Workshop_reservations (reservation_id, workshop_id, reservation_date, due_price, nr_of_seats, Conference_day_res_id, active) VALUES (189,85,'2020-04-12 17:29:00','2020-05-10 17:29:00',2,19,0)
INSERT INTO Workshop_reservations (reservation_id, workshop_id, reservation_date, due_price, nr_of_seats, Conference_day_res_id, active) VALUES (190,85,'2020-02-05 23:38:00','2020-02-26 23:38:00',3,37,0)
INSERT INTO Workshop_reservations (reservation_id, workshop_id, reservation_date, due_price, nr_of_seats, Conference_day_res_id, active) VALUES (191,86,'2020-01-31 20:06:00','2020-02-14 20:06:00',1,9,0)
INSERT INTO Workshop_reservations (reservation_id, workshop_id, reservation_date, due_price, nr_of_seats, Conference_day_res_id, active) VALUES (192,86,'2020-05-14 05:16:00','2020-05-21 05:16:00',1,6,1)
INSERT INTO Workshop_reservations (reservation_id, workshop_id, reservation_date, due_price, nr_of_seats, Conference_day_res_id, active) VALUES (193,86,'2020-05-04 14:09:00','2020-05-11 14:09:00',1,42,1)
INSERT INTO Workshop_reservations (reservation_id, workshop_id, reservation_date, due_price, nr_of_seats, Conference_day_res_id, active) VALUES (194,86,'2020-01-20 12:41:00','2020-02-10 12:41:00',1,40,1)
INSERT INTO Workshop_reservations (reservation_id, workshop_id, reservation_date, due_price, nr_of_seats, Conference_day_res_id, active) VALUES (195,87,'2020-06-21 05:23:00','2020-07-12 05:23:00',3,11,1)
INSERT INTO Workshop_reservations (reservation_id, workshop_id, reservation_date, due_price, nr_of_seats, Conference_day_res_id, active) VALUES (196,88,'2020-03-09 15:37:00','2020-03-23 15:37:00',4,8,0)
INSERT INTO Workshop_reservations (reservation_id, workshop_id, reservation_date, due_price, nr_of_seats, Conference_day_res_id, active) VALUES (197,89,'2020-07-06 02:48:00','2020-08-03 02:48:00',6,15,0)
INSERT INTO Workshop_reservations (reservation_id, workshop_id, reservation_date, due_price, nr_of_seats, Conference_day_res_id, active) VALUES (198,89,'2020-03-18 10:08:00','2020-04-15 10:08:00',3,43,1)
SET IDENTITY_INSERT Workshop_reservations OFF
INSERT INTO Conference_day_registration (reservation_id, Participant_id, is_student) VALUES (1,3,1)
INSERT INTO Conference_day_registration (reservation_id, Participant_id, is_student) VALUES (1,9,1)
INSERT INTO Conference_day_registration (reservation_id, Participant_id, is_student) VALUES (1,11,1)
INSERT INTO Conference_day_registration (reservation_id, Participant_id, is_student) VALUES (1,13,1)
INSERT INTO Conference_day_registration (reservation_id, Participant_id, is_student) VALUES (1,12,1)
INSERT INTO Conference_day_registration (reservation_id, Participant_id, is_student) VALUES (1,14,1)
INSERT INTO Conference_day_registration (reservation_id, Participant_id, is_student) VALUES (1,4,1)
INSERT INTO Conference_day_registration (reservation_id, Participant_id, is_student) VALUES (1,5,1)
INSERT INTO Conference_day_registration (reservation_id, Participant_id, is_student) VALUES (1,2,0)
INSERT INTO Conference_day_registration (reservation_id, Participant_id, is_student) VALUES (2,13,1)
INSERT INTO Conference_day_registration (reservation_id, Participant_id, is_student) VALUES (2,11,1)
INSERT INTO Conference_day_registration (reservation_id, Participant_id, is_student) VALUES (2,7,1)
INSERT INTO Conference_day_registration (reservation_id, Participant_id, is_student) VALUES (2,4,1)
INSERT INTO Conference_day_registration (reservation_id, Participant_id, is_student) VALUES (2,2,1)
INSERT INTO Conference_day_registration (reservation_id, Participant_id, is_student) VALUES (2,5,1)
INSERT INTO Conference_day_registration (reservation_id, Participant_id, is_student) VALUES (2,1,1)
INSERT INTO Conference_day_registration (reservation_id, Participant_id, is_student) VALUES (2,8,0)
INSERT INTO Conference_day_registration (reservation_id, Participant_id, is_student) VALUES (2,6,0)
INSERT INTO Conference_day_registration (reservation_id, Participant_id, is_student) VALUES (2,12,0)
INSERT INTO Conference_day_registration (reservation_id, Participant_id, is_student) VALUES (2,3,0)
INSERT INTO Conference_day_registration (reservation_id, Participant_id, is_student) VALUES (2,14,0)
INSERT INTO Conference_day_registration (reservation_id, Participant_id, is_student) VALUES (3,8,1)
INSERT INTO Conference_day_registration (reservation_id, Participant_id, is_student) VALUES (3,6,1)
INSERT INTO Conference_day_registration (reservation_id, Participant_id, is_student) VALUES (3,2,1)
INSERT INTO Conference_day_registration (reservation_id, Participant_id, is_student) VALUES (3,4,1)
INSERT INTO Conference_day_registration (reservation_id, Participant_id, is_student) VALUES (3,9,1)
INSERT INTO Conference_day_registration (reservation_id, Participant_id, is_student) VALUES (3,5,1)
INSERT INTO Conference_day_registration (reservation_id, Participant_id, is_student) VALUES (3,11,1)
INSERT INTO Conference_day_registration (reservation_id, Participant_id, is_student) VALUES (3,10,1)
INSERT INTO Conference_day_registration (reservation_id, Participant_id, is_student) VALUES (3,12,1)
INSERT INTO Conference_day_registration (reservation_id, Participant_id, is_student) VALUES (3,1,0)
INSERT INTO Conference_day_registration (reservation_id, Participant_id, is_student) VALUES (3,7,0)
INSERT INTO Conference_day_registration (reservation_id, Participant_id, is_student) VALUES (3,3,0)
INSERT INTO Conference_day_registration (reservation_id, Participant_id, is_student) VALUES (4,4,1)
INSERT INTO Conference_day_registration (reservation_id, Participant_id, is_student) VALUES (4,1,1)
INSERT INTO Conference_day_registration (reservation_id, Participant_id, is_student) VALUES (4,8,1)
INSERT INTO Conference_day_registration (reservation_id, Participant_id, is_student) VALUES (4,14,1)
INSERT INTO Conference_day_registration (reservation_id, Participant_id, is_student) VALUES (4,10,1)
INSERT INTO Conference_day_registration (reservation_id, Participant_id, is_student) VALUES (4,11,1)
INSERT INTO Conference_day_registration (reservation_id, Participant_id, is_student) VALUES (4,9,1)
INSERT INTO Conference_day_registration (reservation_id, Participant_id, is_student) VALUES (4,3,1)
INSERT INTO Conference_day_registration (reservation_id, Participant_id, is_student) VALUES (4,2,1)
INSERT INTO Conference_day_registration (reservation_id, Participant_id, is_student) VALUES (4,7,1)
INSERT INTO Conference_day_registration (reservation_id, Participant_id, is_student) VALUES (4,6,1)
INSERT INTO Conference_day_registration (reservation_id, Participant_id, is_student) VALUES (4,5,1)
INSERT INTO Conference_day_registration (reservation_id, Participant_id, is_student) VALUES (4,12,1)
INSERT INTO Conference_day_registration (reservation_id, Participant_id, is_student) VALUES (5,10,1)
INSERT INTO Conference_day_registration (reservation_id, Participant_id, is_student) VALUES (5,8,1)
INSERT INTO Conference_day_registration (reservation_id, Participant_id, is_student) VALUES (5,14,1)
INSERT INTO Conference_day_registration (reservation_id, Participant_id, is_student) VALUES (5,2,1)
INSERT INTO Conference_day_registration (reservation_id, Participant_id, is_student) VALUES (5,4,1)
INSERT INTO Conference_day_registration (reservation_id, Participant_id, is_student) VALUES (5,9,1)
INSERT INTO Conference_day_registration (reservation_id, Participant_id, is_student) VALUES (5,6,1)
INSERT INTO Conference_day_registration (reservation_id, Participant_id, is_student) VALUES (5,3,1)
INSERT INTO Conference_day_registration (reservation_id, Participant_id, is_student) VALUES (6,11,1)
INSERT INTO Conference_day_registration (reservation_id, Participant_id, is_student) VALUES (6,8,1)
INSERT INTO Conference_day_registration (reservation_id, Participant_id, is_student) VALUES (6,14,1)
INSERT INTO Conference_day_registration (reservation_id, Participant_id, is_student) VALUES (6,9,1)
INSERT INTO Conference_day_registration (reservation_id, Participant_id, is_student) VALUES (6,12,1)
INSERT INTO Conference_day_registration (reservation_id, Participant_id, is_student) VALUES (6,1,1)
INSERT INTO Conference_day_registration (reservation_id, Participant_id, is_student) VALUES (6,2,1)
INSERT INTO Conference_day_registration (reservation_id, Participant_id, is_student) VALUES (6,7,1)
INSERT INTO Conference_day_registration (reservation_id, Participant_id, is_student) VALUES (6,13,1)
INSERT INTO Conference_day_registration (reservation_id, Participant_id, is_student) VALUES (6,3,1)
INSERT INTO Conference_day_registration (reservation_id, Participant_id, is_student) VALUES (6,4,0)
INSERT INTO Conference_day_registration (reservation_id, Participant_id, is_student) VALUES (6,10,0)
INSERT INTO Conference_day_registration (reservation_id, Participant_id, is_student) VALUES (7,5,1)
INSERT INTO Conference_day_registration (reservation_id, Participant_id, is_student) VALUES (7,4,1)
INSERT INTO Conference_day_registration (reservation_id, Participant_id, is_student) VALUES (7,13,1)
INSERT INTO Conference_day_registration (reservation_id, Participant_id, is_student) VALUES (7,14,1)
INSERT INTO Conference_day_registration (reservation_id, Participant_id, is_student) VALUES (7,12,1)
INSERT INTO Conference_day_registration (reservation_id, Participant_id, is_student) VALUES (7,10,1)
INSERT INTO Conference_day_registration (reservation_id, Participant_id, is_student) VALUES (7,6,1)
INSERT INTO Conference_day_registration (reservation_id, Participant_id, is_student) VALUES (7,11,1)
INSERT INTO Conference_day_registration (reservation_id, Participant_id, is_student) VALUES (7,1,1)
INSERT INTO Conference_day_registration (reservation_id, Participant_id, is_student) VALUES (7,9,1)
INSERT INTO Conference_day_registration (reservation_id, Participant_id, is_student) VALUES (7,8,1)
INSERT INTO Conference_day_registration (reservation_id, Participant_id, is_student) VALUES (7,7,1)
INSERT INTO Conference_day_registration (reservation_id, Participant_id, is_student) VALUES (7,3,1)
INSERT INTO Conference_day_registration (reservation_id, Participant_id, is_student) VALUES (8,6,1)
INSERT INTO Conference_day_registration (reservation_id, Participant_id, is_student) VALUES (8,9,1)
INSERT INTO Conference_day_registration (reservation_id, Participant_id, is_student) VALUES (8,4,1)
INSERT INTO Conference_day_registration (reservation_id, Participant_id, is_student) VALUES (8,2,1)
INSERT INTO Conference_day_registration (reservation_id, Participant_id, is_student) VALUES (8,8,1)
INSERT INTO Conference_day_registration (reservation_id, Participant_id, is_student) VALUES (8,7,1)
INSERT INTO Conference_day_registration (reservation_id, Participant_id, is_student) VALUES (8,5,1)
INSERT INTO Conference_day_registration (reservation_id, Participant_id, is_student) VALUES (8,11,1)
INSERT INTO Conference_day_registration (reservation_id, Participant_id, is_student) VALUES (8,13,1)
INSERT INTO Conference_day_registration (reservation_id, Participant_id, is_student) VALUES (8,10,0)
INSERT INTO Conference_day_registration (reservation_id, Participant_id, is_student) VALUES (8,1,0)
INSERT INTO Conference_day_registration (reservation_id, Participant_id, is_student) VALUES (8,12,0)
INSERT INTO Conference_day_registration (reservation_id, Participant_id, is_student) VALUES (9,4,1)
INSERT INTO Conference_day_registration (reservation_id, Participant_id, is_student) VALUES (9,10,1)
INSERT INTO Conference_day_registration (reservation_id, Participant_id, is_student) VALUES (9,1,1)
INSERT INTO Conference_day_registration (reservation_id, Participant_id, is_student) VALUES (9,12,1)
INSERT INTO Conference_day_registration (reservation_id, Participant_id, is_student) VALUES (9,6,1)
INSERT INTO Conference_day_registration (reservation_id, Participant_id, is_student) VALUES (9,3,1)
INSERT INTO Conference_day_registration (reservation_id, Participant_id, is_student) VALUES (9,11,1)
INSERT INTO Conference_day_registration (reservation_id, Participant_id, is_student) VALUES (9,5,1)
INSERT INTO Conference_day_registration (reservation_id, Participant_id, is_student) VALUES (9,14,1)
INSERT INTO Conference_day_registration (reservation_id, Participant_id, is_student) VALUES (9,9,1)
INSERT INTO Conference_day_registration (reservation_id, Participant_id, is_student) VALUES (9,7,0)
INSERT INTO Conference_day_registration (reservation_id, Participant_id, is_student) VALUES (9,8,0)
INSERT INTO Conference_day_registration (reservation_id, Participant_id, is_student) VALUES (10,8,1)
INSERT INTO Conference_day_registration (reservation_id, Participant_id, is_student) VALUES (10,5,1)
INSERT INTO Conference_day_registration (reservation_id, Participant_id, is_student) VALUES (11,14,1)
INSERT INTO Conference_day_registration (reservation_id, Participant_id, is_student) VALUES (11,2,1)
INSERT INTO Conference_day_registration (reservation_id, Participant_id, is_student) VALUES (11,4,1)
INSERT INTO Conference_day_registration (reservation_id, Participant_id, is_student) VALUES (11,5,1)
INSERT INTO Conference_day_registration (reservation_id, Participant_id, is_student) VALUES (11,1,1)
INSERT INTO Conference_day_registration (reservation_id, Participant_id, is_student) VALUES (11,3,0)
INSERT INTO Conference_day_registration (reservation_id, Participant_id, is_student) VALUES (11,13,0)
INSERT INTO Conference_day_registration (reservation_id, Participant_id, is_student) VALUES (11,7,0)
INSERT INTO Conference_day_registration (reservation_id, Participant_id, is_student) VALUES (11,11,0)
INSERT INTO Conference_day_registration (reservation_id, Participant_id, is_student) VALUES (11,10,0)
INSERT INTO Conference_day_registration (reservation_id, Participant_id, is_student) VALUES (11,12,0)
INSERT INTO Conference_day_registration (reservation_id, Participant_id, is_student) VALUES (12,9,1)
INSERT INTO Conference_day_registration (reservation_id, Participant_id, is_student) VALUES (12,4,1)
INSERT INTO Conference_day_registration (reservation_id, Participant_id, is_student) VALUES (12,8,1)
INSERT INTO Conference_day_registration (reservation_id, Participant_id, is_student) VALUES (12,10,1)
INSERT INTO Conference_day_registration (reservation_id, Participant_id, is_student) VALUES (12,3,1)
INSERT INTO Conference_day_registration (reservation_id, Participant_id, is_student) VALUES (12,13,1)
INSERT INTO Conference_day_registration (reservation_id, Participant_id, is_student) VALUES (12,11,1)
INSERT INTO Conference_day_registration (reservation_id, Participant_id, is_student) VALUES (12,7,1)
INSERT INTO Conference_day_registration (reservation_id, Participant_id, is_student) VALUES (12,6,1)
INSERT INTO Conference_day_registration (reservation_id, Participant_id, is_student) VALUES (12,1,1)
INSERT INTO Conference_day_registration (reservation_id, Participant_id, is_student) VALUES (12,5,0)
INSERT INTO Conference_day_registration (reservation_id, Participant_id, is_student) VALUES (13,3,1)
INSERT INTO Conference_day_registration (reservation_id, Participant_id, is_student) VALUES (13,5,1)
INSERT INTO Conference_day_registration (reservation_id, Participant_id, is_student) VALUES (13,8,1)
INSERT INTO Conference_day_registration (reservation_id, Participant_id, is_student) VALUES (13,7,1)
INSERT INTO Conference_day_registration (reservation_id, Participant_id, is_student) VALUES (13,12,1)
INSERT INTO Conference_day_registration (reservation_id, Participant_id, is_student) VALUES (13,10,1)
INSERT INTO Conference_day_registration (reservation_id, Participant_id, is_student) VALUES (13,13,1)
INSERT INTO Conference_day_registration (reservation_id, Participant_id, is_student) VALUES (13,4,1)
INSERT INTO Conference_day_registration (reservation_id, Participant_id, is_student) VALUES (13,1,1)
INSERT INTO Conference_day_registration (reservation_id, Participant_id, is_student) VALUES (13,6,0)
INSERT INTO Conference_day_registration (reservation_id, Participant_id, is_student) VALUES (14,1,1)
INSERT INTO Conference_day_registration (reservation_id, Participant_id, is_student) VALUES (14,3,1)
INSERT INTO Conference_day_registration (reservation_id, Participant_id, is_student) VALUES (15,1,1)
INSERT INTO Conference_day_registration (reservation_id, Participant_id, is_student) VALUES (15,13,1)
INSERT INTO Conference_day_registration (reservation_id, Participant_id, is_student) VALUES (15,4,1)
INSERT INTO Conference_day_registration (reservation_id, Participant_id, is_student) VALUES (15,11,1)
INSERT INTO Conference_day_registration (reservation_id, Participant_id, is_student) VALUES (15,9,1)
INSERT INTO Conference_day_registration (reservation_id, Participant_id, is_student) VALUES (15,7,0)
INSERT INTO Conference_day_registration (reservation_id, Participant_id, is_student) VALUES (15,8,0)
INSERT INTO Conference_day_registration (reservation_id, Participant_id, is_student) VALUES (15,3,0)
INSERT INTO Conference_day_registration (reservation_id, Participant_id, is_student) VALUES (15,5,0)
INSERT INTO Conference_day_registration (reservation_id, Participant_id, is_student) VALUES (15,6,0)
INSERT INTO Conference_day_registration (reservation_id, Participant_id, is_student) VALUES (15,12,0)
INSERT INTO Conference_day_registration (reservation_id, Participant_id, is_student) VALUES (15,14,0)
INSERT INTO Conference_day_registration (reservation_id, Participant_id, is_student) VALUES (15,10,0)
INSERT INTO Conference_day_registration (reservation_id, Participant_id, is_student) VALUES (15,2,0)
INSERT INTO Conference_day_registration (reservation_id, Participant_id, is_student) VALUES (16,3,1)
INSERT INTO Conference_day_registration (reservation_id, Participant_id, is_student) VALUES (16,2,1)
INSERT INTO Conference_day_registration (reservation_id, Participant_id, is_student) VALUES (16,7,1)
INSERT INTO Conference_day_registration (reservation_id, Participant_id, is_student) VALUES (16,10,1)
INSERT INTO Conference_day_registration (reservation_id, Participant_id, is_student) VALUES (16,1,0)
INSERT INTO Conference_day_registration (reservation_id, Participant_id, is_student) VALUES (16,9,0)
INSERT INTO Conference_day_registration (reservation_id, Participant_id, is_student) VALUES (16,8,0)
INSERT INTO Conference_day_registration (reservation_id, Participant_id, is_student) VALUES (17,14,1)
INSERT INTO Conference_day_registration (reservation_id, Participant_id, is_student) VALUES (17,11,1)
INSERT INTO Conference_day_registration (reservation_id, Participant_id, is_student) VALUES (17,3,1)
INSERT INTO Conference_day_registration (reservation_id, Participant_id, is_student) VALUES (17,10,1)
INSERT INTO Conference_day_registration (reservation_id, Participant_id, is_student) VALUES (17,8,1)
INSERT INTO Conference_day_registration (reservation_id, Participant_id, is_student) VALUES (17,2,1)
INSERT INTO Conference_day_registration (reservation_id, Participant_id, is_student) VALUES (17,4,1)
INSERT INTO Conference_day_registration (reservation_id, Participant_id, is_student) VALUES (17,13,1)
INSERT INTO Conference_day_registration (reservation_id, Participant_id, is_student) VALUES (17,1,1)
INSERT INTO Conference_day_registration (reservation_id, Participant_id, is_student) VALUES (17,12,1)
INSERT INTO Conference_day_registration (reservation_id, Participant_id, is_student) VALUES (17,5,1)
INSERT INTO Conference_day_registration (reservation_id, Participant_id, is_student) VALUES (17,9,1)
INSERT INTO Conference_day_registration (reservation_id, Participant_id, is_student) VALUES (17,6,1)
INSERT INTO Conference_day_registration (reservation_id, Participant_id, is_student) VALUES (17,7,0)
INSERT INTO Conference_day_registration (reservation_id, Participant_id, is_student) VALUES (18,13,1)
INSERT INTO Conference_day_registration (reservation_id, Participant_id, is_student) VALUES (18,8,1)
INSERT INTO Conference_day_registration (reservation_id, Participant_id, is_student) VALUES (18,6,1)
INSERT INTO Conference_day_registration (reservation_id, Participant_id, is_student) VALUES (18,10,1)
INSERT INTO Conference_day_registration (reservation_id, Participant_id, is_student) VALUES (18,12,1)
INSERT INTO Conference_day_registration (reservation_id, Participant_id, is_student) VALUES (18,11,1)
INSERT INTO Conference_day_registration (reservation_id, Participant_id, is_student) VALUES (18,4,1)
INSERT INTO Conference_day_registration (reservation_id, Participant_id, is_student) VALUES (19,3,1)
INSERT INTO Conference_day_registration (reservation_id, Participant_id, is_student) VALUES (19,10,1)
INSERT INTO Conference_day_registration (reservation_id, Participant_id, is_student) VALUES (19,9,1)
INSERT INTO Conference_day_registration (reservation_id, Participant_id, is_student) VALUES (19,4,1)
INSERT INTO Conference_day_registration (reservation_id, Participant_id, is_student) VALUES (19,2,1)
INSERT INTO Conference_day_registration (reservation_id, Participant_id, is_student) VALUES (19,12,1)
INSERT INTO Conference_day_registration (reservation_id, Participant_id, is_student) VALUES (19,6,1)
INSERT INTO Conference_day_registration (reservation_id, Participant_id, is_student) VALUES (19,1,1)
INSERT INTO Conference_day_registration (reservation_id, Participant_id, is_student) VALUES (19,13,1)
INSERT INTO Conference_day_registration (reservation_id, Participant_id, is_student) VALUES (19,11,1)
INSERT INTO Conference_day_registration (reservation_id, Participant_id, is_student) VALUES (19,7,1)
INSERT INTO Conference_day_registration (reservation_id, Participant_id, is_student) VALUES (19,8,0)
INSERT INTO Conference_day_registration (reservation_id, Participant_id, is_student) VALUES (19,14,0)
INSERT INTO Conference_day_registration (reservation_id, Participant_id, is_student) VALUES (20,6,1)
INSERT INTO Conference_day_registration (reservation_id, Participant_id, is_student) VALUES (20,4,1)
INSERT INTO Conference_day_registration (reservation_id, Participant_id, is_student) VALUES (20,2,1)
INSERT INTO Conference_day_registration (reservation_id, Participant_id, is_student) VALUES (20,7,1)
INSERT INTO Conference_day_registration (reservation_id, Participant_id, is_student) VALUES (20,11,1)
INSERT INTO Conference_day_registration (reservation_id, Participant_id, is_student) VALUES (20,13,1)
INSERT INTO Conference_day_registration (reservation_id, Participant_id, is_student) VALUES (20,3,0)
INSERT INTO Conference_day_registration (reservation_id, Participant_id, is_student) VALUES (20,9,0)
INSERT INTO Conference_day_registration (reservation_id, Participant_id, is_student) VALUES (20,14,0)
INSERT INTO Conference_day_registration (reservation_id, Participant_id, is_student) VALUES (20,1,0)
INSERT INTO Conference_day_registration (reservation_id, Participant_id, is_student) VALUES (20,10,0)
INSERT INTO Conference_day_registration (reservation_id, Participant_id, is_student) VALUES (20,8,0)
INSERT INTO Conference_day_registration (reservation_id, Participant_id, is_student) VALUES (20,5,0)
INSERT INTO Conference_day_registration (reservation_id, Participant_id, is_student) VALUES (21,7,1)
INSERT INTO Conference_day_registration (reservation_id, Participant_id, is_student) VALUES (21,8,1)
INSERT INTO Conference_day_registration (reservation_id, Participant_id, is_student) VALUES (21,9,1)
INSERT INTO Conference_day_registration (reservation_id, Participant_id, is_student) VALUES (21,13,1)
INSERT INTO Conference_day_registration (reservation_id, Participant_id, is_student) VALUES (21,12,1)
INSERT INTO Conference_day_registration (reservation_id, Participant_id, is_student) VALUES (21,6,1)
INSERT INTO Conference_day_registration (reservation_id, Participant_id, is_student) VALUES (21,10,1)
INSERT INTO Conference_day_registration (reservation_id, Participant_id, is_student) VALUES (21,2,1)
INSERT INTO Conference_day_registration (reservation_id, Participant_id, is_student) VALUES (21,5,1)
INSERT INTO Conference_day_registration (reservation_id, Participant_id, is_student) VALUES (21,11,1)
INSERT INTO Conference_day_registration (reservation_id, Participant_id, is_student) VALUES (21,1,0)
INSERT INTO Conference_day_registration (reservation_id, Participant_id, is_student) VALUES (21,3,0)
INSERT INTO Conference_day_registration (reservation_id, Participant_id, is_student) VALUES (21,14,0)
INSERT INTO Conference_day_registration (reservation_id, Participant_id, is_student) VALUES (21,4,0)
INSERT INTO Conference_day_registration (reservation_id, Participant_id, is_student) VALUES (22,4,1)
INSERT INTO Conference_day_registration (reservation_id, Participant_id, is_student) VALUES (22,14,1)
INSERT INTO Conference_day_registration (reservation_id, Participant_id, is_student) VALUES (22,7,1)
INSERT INTO Conference_day_registration (reservation_id, Participant_id, is_student) VALUES (22,6,1)
INSERT INTO Conference_day_registration (reservation_id, Participant_id, is_student) VALUES (22,3,1)
INSERT INTO Conference_day_registration (reservation_id, Participant_id, is_student) VALUES (22,9,1)
INSERT INTO Conference_day_registration (reservation_id, Participant_id, is_student) VALUES (22,2,1)
INSERT INTO Conference_day_registration (reservation_id, Participant_id, is_student) VALUES (22,13,1)
INSERT INTO Conference_day_registration (reservation_id, Participant_id, is_student) VALUES (22,12,1)
INSERT INTO Conference_day_registration (reservation_id, Participant_id, is_student) VALUES (22,1,0)
INSERT INTO Conference_day_registration (reservation_id, Participant_id, is_student) VALUES (22,5,0)
INSERT INTO Conference_day_registration (reservation_id, Participant_id, is_student) VALUES (22,11,0)
INSERT INTO Conference_day_registration (reservation_id, Participant_id, is_student) VALUES (23,6,1)
INSERT INTO Conference_day_registration (reservation_id, Participant_id, is_student) VALUES (23,13,1)
INSERT INTO Conference_day_registration (reservation_id, Participant_id, is_student) VALUES (23,12,1)
INSERT INTO Conference_day_registration (reservation_id, Participant_id, is_student) VALUES (23,8,1)
INSERT INTO Conference_day_registration (reservation_id, Participant_id, is_student) VALUES (23,11,1)
INSERT INTO Conference_day_registration (reservation_id, Participant_id, is_student) VALUES (23,7,1)
INSERT INTO Conference_day_registration (reservation_id, Participant_id, is_student) VALUES (23,2,1)
INSERT INTO Conference_day_registration (reservation_id, Participant_id, is_student) VALUES (23,9,1)
INSERT INTO Conference_day_registration (reservation_id, Participant_id, is_student) VALUES (23,14,1)
INSERT INTO Conference_day_registration (reservation_id, Participant_id, is_student) VALUES (23,4,1)
INSERT INTO Conference_day_registration (reservation_id, Participant_id, is_student) VALUES (23,1,1)
INSERT INTO Conference_day_registration (reservation_id, Participant_id, is_student) VALUES (23,10,1)
INSERT INTO Conference_day_registration (reservation_id, Participant_id, is_student) VALUES (23,3,1)
INSERT INTO Conference_day_registration (reservation_id, Participant_id, is_student) VALUES (23,5,0)
INSERT INTO Conference_day_registration (reservation_id, Participant_id, is_student) VALUES (24,1,1)
INSERT INTO Conference_day_registration (reservation_id, Participant_id, is_student) VALUES (24,13,1)
INSERT INTO Conference_day_registration (reservation_id, Participant_id, is_student) VALUES (24,9,1)
INSERT INTO Conference_day_registration (reservation_id, Participant_id, is_student) VALUES (24,14,1)
INSERT INTO Conference_day_registration (reservation_id, Participant_id, is_student) VALUES (24,4,1)
INSERT INTO Conference_day_registration (reservation_id, Participant_id, is_student) VALUES (24,10,1)
INSERT INTO Conference_day_registration (reservation_id, Participant_id, is_student) VALUES (24,8,1)
INSERT INTO Conference_day_registration (reservation_id, Participant_id, is_student) VALUES (24,6,1)
INSERT INTO Conference_day_registration (reservation_id, Participant_id, is_student) VALUES (24,7,0)
INSERT INTO Conference_day_registration (reservation_id, Participant_id, is_student) VALUES (25,6,1)
INSERT INTO Conference_day_registration (reservation_id, Participant_id, is_student) VALUES (25,10,1)
INSERT INTO Conference_day_registration (reservation_id, Participant_id, is_student) VALUES (25,1,1)
INSERT INTO Conference_day_registration (reservation_id, Participant_id, is_student) VALUES (25,5,1)
INSERT INTO Conference_day_registration (reservation_id, Participant_id, is_student) VALUES (25,2,1)
INSERT INTO Conference_day_registration (reservation_id, Participant_id, is_student) VALUES (25,14,1)
INSERT INTO Conference_day_registration (reservation_id, Participant_id, is_student) VALUES (25,8,1)
INSERT INTO Conference_day_registration (reservation_id, Participant_id, is_student) VALUES (25,4,1)
INSERT INTO Conference_day_registration (reservation_id, Participant_id, is_student) VALUES (25,12,1)
INSERT INTO Conference_day_registration (reservation_id, Participant_id, is_student) VALUES (25,13,1)
INSERT INTO Conference_day_registration (reservation_id, Participant_id, is_student) VALUES (25,11,1)
INSERT INTO Conference_day_registration (reservation_id, Participant_id, is_student) VALUES (25,9,1)
INSERT INTO Conference_day_registration (reservation_id, Participant_id, is_student) VALUES (25,7,1)
INSERT INTO Conference_day_registration (reservation_id, Participant_id, is_student) VALUES (26,11,1)
INSERT INTO Conference_day_registration (reservation_id, Participant_id, is_student) VALUES (26,5,1)
INSERT INTO Conference_day_registration (reservation_id, Participant_id, is_student) VALUES (26,2,1)
INSERT INTO Conference_day_registration (reservation_id, Participant_id, is_student) VALUES (26,14,1)
INSERT INTO Conference_day_registration (reservation_id, Participant_id, is_student) VALUES (26,6,1)
INSERT INTO Conference_day_registration (reservation_id, Participant_id, is_student) VALUES (26,4,1)
INSERT INTO Conference_day_registration (reservation_id, Participant_id, is_student) VALUES (26,10,1)
INSERT INTO Conference_day_registration (reservation_id, Participant_id, is_student) VALUES (26,7,1)
INSERT INTO Conference_day_registration (reservation_id, Participant_id, is_student) VALUES (26,12,1)
INSERT INTO Conference_day_registration (reservation_id, Participant_id, is_student) VALUES (26,3,1)
INSERT INTO Conference_day_registration (reservation_id, Participant_id, is_student) VALUES (26,9,1)
INSERT INTO Conference_day_registration (reservation_id, Participant_id, is_student) VALUES (26,1,1)
INSERT INTO Conference_day_registration (reservation_id, Participant_id, is_student) VALUES (26,8,1)
INSERT INTO Conference_day_registration (reservation_id, Participant_id, is_student) VALUES (27,11,1)
INSERT INTO Conference_day_registration (reservation_id, Participant_id, is_student) VALUES (27,7,1)
INSERT INTO Conference_day_registration (reservation_id, Participant_id, is_student) VALUES (27,9,0)
INSERT INTO Conference_day_registration (reservation_id, Participant_id, is_student) VALUES (27,3,0)
INSERT INTO Conference_day_registration (reservation_id, Participant_id, is_student) VALUES (28,4,1)
INSERT INTO Conference_day_registration (reservation_id, Participant_id, is_student) VALUES (28,3,1)
INSERT INTO Conference_day_registration (reservation_id, Participant_id, is_student) VALUES (28,11,1)
INSERT INTO Conference_day_registration (reservation_id, Participant_id, is_student) VALUES (28,2,1)
INSERT INTO Conference_day_registration (reservation_id, Participant_id, is_student) VALUES (28,8,1)
INSERT INTO Conference_day_registration (reservation_id, Participant_id, is_student) VALUES (28,14,1)
INSERT INTO Conference_day_registration (reservation_id, Participant_id, is_student) VALUES (28,1,1)
INSERT INTO Conference_day_registration (reservation_id, Participant_id, is_student) VALUES (28,5,1)
INSERT INTO Conference_day_registration (reservation_id, Participant_id, is_student) VALUES (28,6,1)
INSERT INTO Conference_day_registration (reservation_id, Participant_id, is_student) VALUES (28,10,1)
INSERT INTO Conference_day_registration (reservation_id, Participant_id, is_student) VALUES (28,12,1)
INSERT INTO Conference_day_registration (reservation_id, Participant_id, is_student) VALUES (28,9,1)
INSERT INTO Conference_day_registration (reservation_id, Participant_id, is_student) VALUES (28,7,1)
INSERT INTO Conference_day_registration (reservation_id, Participant_id, is_student) VALUES (29,8,1)
INSERT INTO Conference_day_registration (reservation_id, Participant_id, is_student) VALUES (29,14,1)
INSERT INTO Conference_day_registration (reservation_id, Participant_id, is_student) VALUES (29,6,1)
INSERT INTO Conference_day_registration (reservation_id, Participant_id, is_student) VALUES (29,13,1)
INSERT INTO Conference_day_registration (reservation_id, Participant_id, is_student) VALUES (29,5,1)
INSERT INTO Conference_day_registration (reservation_id, Participant_id, is_student) VALUES (29,7,1)
INSERT INTO Conference_day_registration (reservation_id, Participant_id, is_student) VALUES (29,3,1)
INSERT INTO Conference_day_registration (reservation_id, Participant_id, is_student) VALUES (29,2,1)
INSERT INTO Conference_day_registration (reservation_id, Participant_id, is_student) VALUES (29,12,1)
INSERT INTO Conference_day_registration (reservation_id, Participant_id, is_student) VALUES (29,4,1)
INSERT INTO Conference_day_registration (reservation_id, Participant_id, is_student) VALUES (29,10,1)
INSERT INTO Conference_day_registration (reservation_id, Participant_id, is_student) VALUES (29,9,0)
INSERT INTO Conference_day_registration (reservation_id, Participant_id, is_student) VALUES (29,1,0)
INSERT INTO Conference_day_registration (reservation_id, Participant_id, is_student) VALUES (30,13,1)
INSERT INTO Conference_day_registration (reservation_id, Participant_id, is_student) VALUES (30,7,1)
INSERT INTO Conference_day_registration (reservation_id, Participant_id, is_student) VALUES (30,12,0)
INSERT INTO Conference_day_registration (reservation_id, Participant_id, is_student) VALUES (30,6,0)
INSERT INTO Conference_day_registration (reservation_id, Participant_id, is_student) VALUES (30,10,0)
INSERT INTO Conference_day_registration (reservation_id, Participant_id, is_student) VALUES (30,8,0)
INSERT INTO Conference_day_registration (reservation_id, Participant_id, is_student) VALUES (30,4,0)
INSERT INTO Conference_day_registration (reservation_id, Participant_id, is_student) VALUES (30,1,0)
INSERT INTO Conference_day_registration (reservation_id, Participant_id, is_student) VALUES (30,2,0)
INSERT INTO Conference_day_registration (reservation_id, Participant_id, is_student) VALUES (30,11,0)
INSERT INTO Conference_day_registration (reservation_id, Participant_id, is_student) VALUES (30,9,0)
INSERT INTO Conference_day_registration (reservation_id, Participant_id, is_student) VALUES (30,5,0)
INSERT INTO Conference_day_registration (reservation_id, Participant_id, is_student) VALUES (30,3,0)
INSERT INTO Conference_day_registration (reservation_id, Participant_id, is_student) VALUES (31,7,1)
INSERT INTO Conference_day_registration (reservation_id, Participant_id, is_student) VALUES (31,5,1)
INSERT INTO Conference_day_registration (reservation_id, Participant_id, is_student) VALUES (31,2,1)
INSERT INTO Conference_day_registration (reservation_id, Participant_id, is_student) VALUES (31,10,1)
INSERT INTO Conference_day_registration (reservation_id, Participant_id, is_student) VALUES (31,4,1)
INSERT INTO Conference_day_registration (reservation_id, Participant_id, is_student) VALUES (31,6,1)
INSERT INTO Conference_day_registration (reservation_id, Participant_id, is_student) VALUES (31,1,1)
INSERT INTO Conference_day_registration (reservation_id, Participant_id, is_student) VALUES (31,9,0)
INSERT INTO Conference_day_registration (reservation_id, Participant_id, is_student) VALUES (31,12,0)
INSERT INTO Conference_day_registration (reservation_id, Participant_id, is_student) VALUES (31,8,0)
INSERT INTO Conference_day_registration (reservation_id, Participant_id, is_student) VALUES (31,14,0)
INSERT INTO Conference_day_registration (reservation_id, Participant_id, is_student) VALUES (31,3,0)
INSERT INTO Conference_day_registration (reservation_id, Participant_id, is_student) VALUES (31,11,0)
INSERT INTO Conference_day_registration (reservation_id, Participant_id, is_student) VALUES (31,13,0)
INSERT INTO Conference_day_registration (reservation_id, Participant_id, is_student) VALUES (32,11,1)
INSERT INTO Conference_day_registration (reservation_id, Participant_id, is_student) VALUES (32,3,1)
INSERT INTO Conference_day_registration (reservation_id, Participant_id, is_student) VALUES (32,14,1)
INSERT INTO Conference_day_registration (reservation_id, Participant_id, is_student) VALUES (32,10,1)
INSERT INTO Conference_day_registration (reservation_id, Participant_id, is_student) VALUES (32,2,0)
INSERT INTO Conference_day_registration (reservation_id, Participant_id, is_student) VALUES (32,1,0)
INSERT INTO Conference_day_registration (reservation_id, Participant_id, is_student) VALUES (32,13,0)
INSERT INTO Conference_day_registration (reservation_id, Participant_id, is_student) VALUES (32,7,0)
INSERT INTO Conference_day_registration (reservation_id, Participant_id, is_student) VALUES (33,5,1)
INSERT INTO Conference_day_registration (reservation_id, Participant_id, is_student) VALUES (33,4,1)
INSERT INTO Conference_day_registration (reservation_id, Participant_id, is_student) VALUES (33,7,1)
INSERT INTO Conference_day_registration (reservation_id, Participant_id, is_student) VALUES (33,3,1)
INSERT INTO Conference_day_registration (reservation_id, Participant_id, is_student) VALUES (33,14,1)
INSERT INTO Conference_day_registration (reservation_id, Participant_id, is_student) VALUES (33,8,1)
INSERT INTO Conference_day_registration (reservation_id, Participant_id, is_student) VALUES (33,12,1)
INSERT INTO Conference_day_registration (reservation_id, Participant_id, is_student) VALUES (33,9,1)
INSERT INTO Conference_day_registration (reservation_id, Participant_id, is_student) VALUES (33,11,0)
INSERT INTO Conference_day_registration (reservation_id, Participant_id, is_student) VALUES (33,1,0)
INSERT INTO Conference_day_registration (reservation_id, Participant_id, is_student) VALUES (33,2,0)
INSERT INTO Conference_day_registration (reservation_id, Participant_id, is_student) VALUES (33,6,0)
INSERT INTO Conference_day_registration (reservation_id, Participant_id, is_student) VALUES (34,12,1)
INSERT INTO Conference_day_registration (reservation_id, Participant_id, is_student) VALUES (34,1,1)
INSERT INTO Conference_day_registration (reservation_id, Participant_id, is_student) VALUES (34,8,1)
INSERT INTO Conference_day_registration (reservation_id, Participant_id, is_student) VALUES (34,2,1)
INSERT INTO Conference_day_registration (reservation_id, Participant_id, is_student) VALUES (34,14,0)
INSERT INTO Conference_day_registration (reservation_id, Participant_id, is_student) VALUES (34,11,0)
INSERT INTO Conference_day_registration (reservation_id, Participant_id, is_student) VALUES (34,13,0)
INSERT INTO Conference_day_registration (reservation_id, Participant_id, is_student) VALUES (34,7,0)
INSERT INTO Conference_day_registration (reservation_id, Participant_id, is_student) VALUES (34,10,0)
INSERT INTO Conference_day_registration (reservation_id, Participant_id, is_student) VALUES (34,4,0)
INSERT INTO Conference_day_registration (reservation_id, Participant_id, is_student) VALUES (34,5,0)
INSERT INTO Conference_day_registration (reservation_id, Participant_id, is_student) VALUES (34,9,0)
INSERT INTO Conference_day_registration (reservation_id, Participant_id, is_student) VALUES (34,6,0)
INSERT INTO Conference_day_registration (reservation_id, Participant_id, is_student) VALUES (34,3,0)
INSERT INTO Conference_day_registration (reservation_id, Participant_id, is_student) VALUES (35,14,1)
INSERT INTO Conference_day_registration (reservation_id, Participant_id, is_student) VALUES (35,9,0)
INSERT INTO Conference_day_registration (reservation_id, Participant_id, is_student) VALUES (36,9,1)
INSERT INTO Conference_day_registration (reservation_id, Participant_id, is_student) VALUES (36,14,1)
INSERT INTO Conference_day_registration (reservation_id, Participant_id, is_student) VALUES (36,4,1)
INSERT INTO Conference_day_registration (reservation_id, Participant_id, is_student) VALUES (36,8,0)
INSERT INTO Conference_day_registration (reservation_id, Participant_id, is_student) VALUES (37,14,1)
INSERT INTO Conference_day_registration (reservation_id, Participant_id, is_student) VALUES (37,10,0)
INSERT INTO Conference_day_registration (reservation_id, Participant_id, is_student) VALUES (38,1,1)
INSERT INTO Conference_day_registration (reservation_id, Participant_id, is_student) VALUES (38,10,1)
INSERT INTO Conference_day_registration (reservation_id, Participant_id, is_student) VALUES (38,14,1)
INSERT INTO Conference_day_registration (reservation_id, Participant_id, is_student) VALUES (38,3,1)
INSERT INTO Conference_day_registration (reservation_id, Participant_id, is_student) VALUES (38,11,1)
INSERT INTO Conference_day_registration (reservation_id, Participant_id, is_student) VALUES (38,13,1)
INSERT INTO Conference_day_registration (reservation_id, Participant_id, is_student) VALUES (38,5,1)
INSERT INTO Conference_day_registration (reservation_id, Participant_id, is_student) VALUES (38,8,1)
INSERT INTO Conference_day_registration (reservation_id, Participant_id, is_student) VALUES (38,9,1)
INSERT INTO Conference_day_registration (reservation_id, Participant_id, is_student) VALUES (38,4,1)
INSERT INTO Conference_day_registration (reservation_id, Participant_id, is_student) VALUES (38,12,1)
INSERT INTO Conference_day_registration (reservation_id, Participant_id, is_student) VALUES (38,7,1)
INSERT INTO Conference_day_registration (reservation_id, Participant_id, is_student) VALUES (38,2,1)
INSERT INTO Conference_day_registration (reservation_id, Participant_id, is_student) VALUES (38,6,1)
INSERT INTO Conference_day_registration (reservation_id, Participant_id, is_student) VALUES (39,7,1)
INSERT INTO Conference_day_registration (reservation_id, Participant_id, is_student) VALUES (39,12,1)
INSERT INTO Conference_day_registration (reservation_id, Participant_id, is_student) VALUES (39,14,1)
INSERT INTO Conference_day_registration (reservation_id, Participant_id, is_student) VALUES (39,8,1)
INSERT INTO Conference_day_registration (reservation_id, Participant_id, is_student) VALUES (39,2,0)
INSERT INTO Conference_day_registration (reservation_id, Participant_id, is_student) VALUES (39,3,0)
INSERT INTO Conference_day_registration (reservation_id, Participant_id, is_student) VALUES (39,4,0)
INSERT INTO Conference_day_registration (reservation_id, Participant_id, is_student) VALUES (39,10,0)
INSERT INTO Conference_day_registration (reservation_id, Participant_id, is_student) VALUES (40,1,1)
INSERT INTO Conference_day_registration (reservation_id, Participant_id, is_student) VALUES (40,4,1)
INSERT INTO Conference_day_registration (reservation_id, Participant_id, is_student) VALUES (40,3,0)
INSERT INTO Conference_day_registration (reservation_id, Participant_id, is_student) VALUES (40,12,0)
INSERT INTO Conference_day_registration (reservation_id, Participant_id, is_student) VALUES (40,5,0)
INSERT INTO Conference_day_registration (reservation_id, Participant_id, is_student) VALUES (40,8,0)
INSERT INTO Conference_day_registration (reservation_id, Participant_id, is_student) VALUES (41,1,1)
INSERT INTO Conference_day_registration (reservation_id, Participant_id, is_student) VALUES (41,14,1)
INSERT INTO Conference_day_registration (reservation_id, Participant_id, is_student) VALUES (41,4,0)
INSERT INTO Conference_day_registration (reservation_id, Participant_id, is_student) VALUES (41,11,0)
INSERT INTO Conference_day_registration (reservation_id, Participant_id, is_student) VALUES (41,13,0)
INSERT INTO Conference_day_registration (reservation_id, Participant_id, is_student) VALUES (41,9,0)
INSERT INTO Conference_day_registration (reservation_id, Participant_id, is_student) VALUES (41,6,0)
INSERT INTO Conference_day_registration (reservation_id, Participant_id, is_student) VALUES (42,8,1)
INSERT INTO Conference_day_registration (reservation_id, Participant_id, is_student) VALUES (42,4,1)
INSERT INTO Conference_day_registration (reservation_id, Participant_id, is_student) VALUES (42,13,0)
INSERT INTO Conference_day_registration (reservation_id, Participant_id, is_student) VALUES (42,7,0)
INSERT INTO Conference_day_registration (reservation_id, Participant_id, is_student) VALUES (42,1,0)
INSERT INTO Conference_day_registration (reservation_id, Participant_id, is_student) VALUES (42,10,0)
INSERT INTO Conference_day_registration (reservation_id, Participant_id, is_student) VALUES (42,11,0)
INSERT INTO Conference_day_registration (reservation_id, Participant_id, is_student) VALUES (43,8,1)
INSERT INTO Conference_day_registration (reservation_id, Participant_id, is_student) VALUES (43,10,1)
INSERT INTO Conference_day_registration (reservation_id, Participant_id, is_student) VALUES (43,2,1)
INSERT INTO Conference_day_registration (reservation_id, Participant_id, is_student) VALUES (43,9,1)
INSERT INTO Conference_day_registration (reservation_id, Participant_id, is_student) VALUES (43,13,1)
INSERT INTO Conference_day_registration (reservation_id, Participant_id, is_student) VALUES (43,14,1)
INSERT INTO Conference_day_registration (reservation_id, Participant_id, is_student) VALUES (43,1,1)
INSERT INTO Conference_day_registration (reservation_id, Participant_id, is_student) VALUES (43,12,1)
INSERT INTO Conference_day_registration (reservation_id, Participant_id, is_student) VALUES (43,4,1)
INSERT INTO Conference_day_registration (reservation_id, Participant_id, is_student) VALUES (43,6,1)
INSERT INTO Conference_day_registration (reservation_id, Participant_id, is_student) VALUES (43,11,1)
INSERT INTO Conference_day_registration (reservation_id, Participant_id, is_student) VALUES (43,5,1)
INSERT INTO Conference_day_registration (reservation_id, Participant_id, is_student) VALUES (43,7,1)
INSERT INTO Conference_day_registration (reservation_id, Participant_id, is_student) VALUES (43,3,1)
INSERT INTO Conference_day_registration (reservation_id, Participant_id, is_student) VALUES (44,5,1)
INSERT INTO Conference_day_registration (reservation_id, Participant_id, is_student) VALUES (44,9,1)
INSERT INTO Conference_day_registration (reservation_id, Participant_id, is_student) VALUES (44,8,1)
INSERT INTO Conference_day_registration (reservation_id, Participant_id, is_student) VALUES (44,12,1)
INSERT INTO Conference_day_registration (reservation_id, Participant_id, is_student) VALUES (44,6,1)
INSERT INTO Conference_day_registration (reservation_id, Participant_id, is_student) VALUES (44,10,1)
INSERT INTO Conference_day_registration (reservation_id, Participant_id, is_student) VALUES (44,14,1)
INSERT INTO Conference_day_registration (reservation_id, Participant_id, is_student) VALUES (44,13,1)
INSERT INTO Conference_day_registration (reservation_id, Participant_id, is_student) VALUES (44,11,1)
INSERT INTO Conference_day_registration (reservation_id, Participant_id, is_student) VALUES (44,1,1)
INSERT INTO Conference_day_registration (reservation_id, Participant_id, is_student) VALUES (44,7,1)
INSERT INTO Conference_day_registration (reservation_id, Participant_id, is_student) VALUES (44,3,1)
INSERT INTO Conference_day_registration (reservation_id, Participant_id, is_student) VALUES (44,4,1)
INSERT INTO Conference_day_registration (reservation_id, Participant_id, is_student) VALUES (44,2,0)
INSERT INTO Conference_day_registration (reservation_id, Participant_id, is_student) VALUES (45,9,1)
INSERT INTO Conference_day_registration (reservation_id, Participant_id, is_student) VALUES (45,13,0)
INSERT INTO Conference_day_registration (reservation_id, Participant_id, is_student) VALUES (45,11,0)
INSERT INTO Conference_day_registration (reservation_id, Participant_id, is_student) VALUES (45,5,0)
INSERT INTO Conference_day_registration (reservation_id, Participant_id, is_student) VALUES (45,6,0)
INSERT INTO Conference_day_registration (reservation_id, Participant_id, is_student) VALUES (46,14,1)
INSERT INTO Conference_day_registration (reservation_id, Participant_id, is_student) VALUES (46,3,1)
INSERT INTO Conference_day_registration (reservation_id, Participant_id, is_student) VALUES (46,5,1)
INSERT INTO Conference_day_registration (reservation_id, Participant_id, is_student) VALUES (46,7,1)
INSERT INTO Conference_day_registration (reservation_id, Participant_id, is_student) VALUES (46,10,1)
INSERT INTO Conference_day_registration (reservation_id, Participant_id, is_student) VALUES (46,11,1)
INSERT INTO Conference_day_registration (reservation_id, Participant_id, is_student) VALUES (46,4,1)
INSERT INTO Conference_day_registration (reservation_id, Participant_id, is_student) VALUES (46,9,1)
INSERT INTO Conference_day_registration (reservation_id, Participant_id, is_student) VALUES (46,1,1)
INSERT INTO Conference_day_registration (reservation_id, Participant_id, is_student) VALUES (46,6,1)
INSERT INTO Conference_day_registration (reservation_id, Participant_id, is_student) VALUES (46,8,1)
INSERT INTO Conference_day_registration (reservation_id, Participant_id, is_student) VALUES (46,12,0)
INSERT INTO Conference_day_registration (reservation_id, Participant_id, is_student) VALUES (47,13,1)
INSERT INTO Conference_day_registration (reservation_id, Participant_id, is_student) VALUES (47,8,1)
INSERT INTO Conference_day_registration (reservation_id, Participant_id, is_student) VALUES (47,3,1)
INSERT INTO Conference_day_registration (reservation_id, Participant_id, is_student) VALUES (47,6,1)
INSERT INTO Conference_day_registration (reservation_id, Participant_id, is_student) VALUES (47,5,1)
INSERT INTO Conference_day_registration (reservation_id, Participant_id, is_student) VALUES (47,10,1)
INSERT INTO Conference_day_registration (reservation_id, Participant_id, is_student) VALUES (47,11,0)
INSERT INTO Conference_day_registration (reservation_id, Participant_id, is_student) VALUES (47,4,0)
INSERT INTO Conference_day_registration (reservation_id, Participant_id, is_student) VALUES (47,7,0)
INSERT INTO Conference_day_registration (reservation_id, Participant_id, is_student) VALUES (47,1,0)
INSERT INTO Conference_day_registration (reservation_id, Participant_id, is_student) VALUES (47,2,0)
INSERT INTO Conference_day_registration (reservation_id, Participant_id, is_student) VALUES (47,14,0)
INSERT INTO Conference_day_registration (reservation_id, Participant_id, is_student) VALUES (47,12,0)
INSERT INTO Conference_day_registration (reservation_id, Participant_id, is_student) VALUES (48,3,1)
INSERT INTO Conference_day_registration (reservation_id, Participant_id, is_student) VALUES (48,12,1)
INSERT INTO Conference_day_registration (reservation_id, Participant_id, is_student) VALUES (48,1,1)
INSERT INTO Conference_day_registration (reservation_id, Participant_id, is_student) VALUES (48,7,1)
INSERT INTO Conference_day_registration (reservation_id, Participant_id, is_student) VALUES (48,4,1)
INSERT INTO Conference_day_registration (reservation_id, Participant_id, is_student) VALUES (48,11,1)
INSERT INTO Conference_day_registration (reservation_id, Participant_id, is_student) VALUES (48,8,1)
INSERT INTO Conference_day_registration (reservation_id, Participant_id, is_student) VALUES (48,9,1)
INSERT INTO Conference_day_registration (reservation_id, Participant_id, is_student) VALUES (48,5,1)
INSERT INTO Conference_day_registration (reservation_id, Participant_id, is_student) VALUES (48,6,1)
INSERT INTO Conference_day_registration (reservation_id, Participant_id, is_student) VALUES (48,13,1)
INSERT INTO Conference_day_registration (reservation_id, Participant_id, is_student) VALUES (48,10,1)
INSERT INTO Conference_day_registration (reservation_id, Participant_id, is_student) VALUES (48,14,0)
INSERT INTO Workshop_registration (reservation_id, Participant_id) VALUES (1,6)
INSERT INTO Workshop_registration (reservation_id, Participant_id) VALUES (1,14)
INSERT INTO Workshop_registration (reservation_id, Participant_id) VALUES (1,3)
INSERT INTO Workshop_registration (reservation_id, Participant_id) VALUES (2,6)
INSERT INTO Workshop_registration (reservation_id, Participant_id) VALUES (2,5)
INSERT INTO Workshop_registration (reservation_id, Participant_id) VALUES (2,13)
INSERT INTO Workshop_registration (reservation_id, Participant_id) VALUES (2,4)
INSERT INTO Workshop_registration (reservation_id, Participant_id) VALUES (2,2)
INSERT INTO Workshop_registration (reservation_id, Participant_id) VALUES (2,9)
INSERT INTO Workshop_registration (reservation_id, Participant_id) VALUES (2,10)
INSERT INTO Workshop_registration (reservation_id, Participant_id) VALUES (2,11)
INSERT INTO Workshop_registration (reservation_id, Participant_id) VALUES (2,14)
INSERT INTO Workshop_registration (reservation_id, Participant_id) VALUES (2,12)
INSERT INTO Workshop_registration (reservation_id, Participant_id) VALUES (2,1)
INSERT INTO Workshop_registration (reservation_id, Participant_id) VALUES (2,3)
INSERT INTO Workshop_registration (reservation_id, Participant_id) VALUES (3,5)
INSERT INTO Workshop_registration (reservation_id, Participant_id) VALUES (3,14)
INSERT INTO Workshop_registration (reservation_id, Participant_id) VALUES (4,9)
INSERT INTO Workshop_registration (reservation_id, Participant_id) VALUES (5,10)
INSERT INTO Workshop_registration (reservation_id, Participant_id) VALUES (5,5)
INSERT INTO Workshop_registration (reservation_id, Participant_id) VALUES (6,10)
INSERT INTO Workshop_registration (reservation_id, Participant_id) VALUES (7,2)
INSERT INTO Workshop_registration (reservation_id, Participant_id) VALUES (7,12)
INSERT INTO Workshop_registration (reservation_id, Participant_id) VALUES (8,3)
INSERT INTO Workshop_registration (reservation_id, Participant_id) VALUES (9,6)
INSERT INTO Workshop_registration (reservation_id, Participant_id) VALUES (9,8)
INSERT INTO Workshop_registration (reservation_id, Participant_id) VALUES (9,10)
INSERT INTO Workshop_registration (reservation_id, Participant_id) VALUES (10,10)
INSERT INTO Workshop_registration (reservation_id, Participant_id) VALUES (10,2)
INSERT INTO Workshop_registration (reservation_id, Participant_id) VALUES (11,11)
INSERT INTO Workshop_registration (reservation_id, Participant_id) VALUES (12,9)
INSERT INTO Workshop_registration (reservation_id, Participant_id) VALUES (12,11)
INSERT INTO Workshop_registration (reservation_id, Participant_id) VALUES (12,5)
INSERT INTO Workshop_registration (reservation_id, Participant_id) VALUES (12,12)
INSERT INTO Workshop_registration (reservation_id, Participant_id) VALUES (12,4)
INSERT INTO Workshop_registration (reservation_id, Participant_id) VALUES (12,2)
INSERT INTO Workshop_registration (reservation_id, Participant_id) VALUES (13,2)
INSERT INTO Workshop_registration (reservation_id, Participant_id) VALUES (13,12)
INSERT INTO Workshop_registration (reservation_id, Participant_id) VALUES (14,14)
INSERT INTO Workshop_registration (reservation_id, Participant_id) VALUES (14,4)
INSERT INTO Workshop_registration (reservation_id, Participant_id) VALUES (14,9)
INSERT INTO Workshop_registration (reservation_id, Participant_id) VALUES (14,7)
INSERT INTO Workshop_registration (reservation_id, Participant_id) VALUES (14,6)
INSERT INTO Workshop_registration (reservation_id, Participant_id) VALUES (14,1)
INSERT INTO Workshop_registration (reservation_id, Participant_id) VALUES (14,13)
INSERT INTO Workshop_registration (reservation_id, Participant_id) VALUES (14,3)
INSERT INTO Workshop_registration (reservation_id, Participant_id) VALUES (14,5)
INSERT INTO Workshop_registration (reservation_id, Participant_id) VALUES (14,8)
INSERT INTO Workshop_registration (reservation_id, Participant_id) VALUES (15,12)
INSERT INTO Workshop_registration (reservation_id, Participant_id) VALUES (15,4)
INSERT INTO Workshop_registration (reservation_id, Participant_id) VALUES (16,12)
INSERT INTO Workshop_registration (reservation_id, Participant_id) VALUES (16,14)
INSERT INTO Workshop_registration (reservation_id, Participant_id) VALUES (17,12)
INSERT INTO Workshop_registration (reservation_id, Participant_id) VALUES (17,13)
INSERT INTO Workshop_registration (reservation_id, Participant_id) VALUES (18,2)
INSERT INTO Workshop_registration (reservation_id, Participant_id) VALUES (18,3)
INSERT INTO Workshop_registration (reservation_id, Participant_id) VALUES (19,12)
INSERT INTO Workshop_registration (reservation_id, Participant_id) VALUES (19,11)
INSERT INTO Workshop_registration (reservation_id, Participant_id) VALUES (19,9)
INSERT INTO Workshop_registration (reservation_id, Participant_id) VALUES (20,10)
INSERT INTO Workshop_registration (reservation_id, Participant_id) VALUES (21,13)
INSERT INTO Workshop_registration (reservation_id, Participant_id) VALUES (21,8)
INSERT INTO Workshop_registration (reservation_id, Participant_id) VALUES (21,6)
INSERT INTO Workshop_registration (reservation_id, Participant_id) VALUES (21,9)
INSERT INTO Workshop_registration (reservation_id, Participant_id) VALUES (21,11)
INSERT INTO Workshop_registration (reservation_id, Participant_id) VALUES (21,10)
INSERT INTO Workshop_registration (reservation_id, Participant_id) VALUES (21,12)
INSERT INTO Workshop_registration (reservation_id, Participant_id) VALUES (22,1)
INSERT INTO Workshop_registration (reservation_id, Participant_id) VALUES (22,4)
INSERT INTO Workshop_registration (reservation_id, Participant_id) VALUES (23,1)
INSERT INTO Workshop_registration (reservation_id, Participant_id) VALUES (23,12)
INSERT INTO Workshop_registration (reservation_id, Participant_id) VALUES (24,1)
INSERT INTO Workshop_registration (reservation_id, Participant_id) VALUES (24,12)
INSERT INTO Workshop_registration (reservation_id, Participant_id) VALUES (25,11)
INSERT INTO Workshop_registration (reservation_id, Participant_id) VALUES (26,7)
INSERT INTO Workshop_registration (reservation_id, Participant_id) VALUES (26,3)
INSERT INTO Workshop_registration (reservation_id, Participant_id) VALUES (26,6)
INSERT INTO Workshop_registration (reservation_id, Participant_id) VALUES (26,10)
INSERT INTO Workshop_registration (reservation_id, Participant_id) VALUES (26,5)
INSERT INTO Workshop_registration (reservation_id, Participant_id) VALUES (27,8)
INSERT INTO Workshop_registration (reservation_id, Participant_id) VALUES (27,4)
INSERT INTO Workshop_registration (reservation_id, Participant_id) VALUES (27,11)
INSERT INTO Workshop_registration (reservation_id, Participant_id) VALUES (27,2)
INSERT INTO Workshop_registration (reservation_id, Participant_id) VALUES (27,13)
INSERT INTO Workshop_registration (reservation_id, Participant_id) VALUES (27,6)
INSERT INTO Workshop_registration (reservation_id, Participant_id) VALUES (27,5)
INSERT INTO Workshop_registration (reservation_id, Participant_id) VALUES (27,1)
INSERT INTO Workshop_registration (reservation_id, Participant_id) VALUES (27,10)
INSERT INTO Workshop_registration (reservation_id, Participant_id) VALUES (28,13)
INSERT INTO Workshop_registration (reservation_id, Participant_id) VALUES (28,9)
INSERT INTO Workshop_registration (reservation_id, Participant_id) VALUES (28,7)
INSERT INTO Workshop_registration (reservation_id, Participant_id) VALUES (29,2)
INSERT INTO Workshop_registration (reservation_id, Participant_id) VALUES (29,7)
INSERT INTO Workshop_registration (reservation_id, Participant_id) VALUES (29,1)
INSERT INTO Workshop_registration (reservation_id, Participant_id) VALUES (29,5)
INSERT INTO Workshop_registration (reservation_id, Participant_id) VALUES (29,6)
INSERT INTO Workshop_registration (reservation_id, Participant_id) VALUES (29,8)
INSERT INTO Workshop_registration (reservation_id, Participant_id) VALUES (29,3)
INSERT INTO Workshop_registration (reservation_id, Participant_id) VALUES (30,13)
INSERT INTO Workshop_registration (reservation_id, Participant_id) VALUES (30,8)
INSERT INTO Workshop_registration (reservation_id, Participant_id) VALUES (30,5)
INSERT INTO Workshop_registration (reservation_id, Participant_id) VALUES (30,11)
INSERT INTO Workshop_registration (reservation_id, Participant_id) VALUES (31,9)
INSERT INTO Workshop_registration (reservation_id, Participant_id) VALUES (31,6)
INSERT INTO Workshop_registration (reservation_id, Participant_id) VALUES (31,14)
INSERT INTO Workshop_registration (reservation_id, Participant_id) VALUES (31,3)
INSERT INTO Workshop_registration (reservation_id, Participant_id) VALUES (31,13)
INSERT INTO Workshop_registration (reservation_id, Participant_id) VALUES (32,9)
INSERT INTO Workshop_registration (reservation_id, Participant_id) VALUES (32,6)
INSERT INTO Workshop_registration (reservation_id, Participant_id) VALUES (33,4)
INSERT INTO Workshop_registration (reservation_id, Participant_id) VALUES (33,11)
INSERT INTO Workshop_registration (reservation_id, Participant_id) VALUES (33,2)
INSERT INTO Workshop_registration (reservation_id, Participant_id) VALUES (33,12)
INSERT INTO Workshop_registration (reservation_id, Participant_id) VALUES (33,6)
INSERT INTO Workshop_registration (reservation_id, Participant_id) VALUES (33,7)
INSERT INTO Workshop_registration (reservation_id, Participant_id) VALUES (33,1)
INSERT INTO Workshop_registration (reservation_id, Participant_id) VALUES (33,3)
INSERT INTO Workshop_registration (reservation_id, Participant_id) VALUES (33,8)
INSERT INTO Workshop_registration (reservation_id, Participant_id) VALUES (33,10)
INSERT INTO Workshop_registration (reservation_id, Participant_id) VALUES (34,10)
INSERT INTO Workshop_registration (reservation_id, Participant_id) VALUES (34,9)
INSERT INTO Workshop_registration (reservation_id, Participant_id) VALUES (34,14)
INSERT INTO Workshop_registration (reservation_id, Participant_id) VALUES (34,6)
INSERT INTO Workshop_registration (reservation_id, Participant_id) VALUES (34,3)
INSERT INTO Workshop_registration (reservation_id, Participant_id) VALUES (34,11)
INSERT INTO Workshop_registration (reservation_id, Participant_id) VALUES (34,2)
INSERT INTO Workshop_registration (reservation_id, Participant_id) VALUES (34,1)
INSERT INTO Workshop_registration (reservation_id, Participant_id) VALUES (34,4)
INSERT INTO Workshop_registration (reservation_id, Participant_id) VALUES (34,13)
INSERT INTO Workshop_registration (reservation_id, Participant_id) VALUES (34,7)
INSERT INTO Workshop_registration (reservation_id, Participant_id) VALUES (35,12)
INSERT INTO Workshop_registration (reservation_id, Participant_id) VALUES (35,13)
INSERT INTO Workshop_registration (reservation_id, Participant_id) VALUES (35,1)
INSERT INTO Workshop_registration (reservation_id, Participant_id) VALUES (36,8)
INSERT INTO Workshop_registration (reservation_id, Participant_id) VALUES (36,4)
INSERT INTO Workshop_registration (reservation_id, Participant_id) VALUES (36,10)
INSERT INTO Workshop_registration (reservation_id, Participant_id) VALUES (36,7)
INSERT INTO Workshop_registration (reservation_id, Participant_id) VALUES (36,3)
INSERT INTO Workshop_registration (reservation_id, Participant_id) VALUES (37,8)
INSERT INTO Workshop_registration (reservation_id, Participant_id) VALUES (38,1)
INSERT INTO Workshop_registration (reservation_id, Participant_id) VALUES (39,13)
INSERT INTO Workshop_registration (reservation_id, Participant_id) VALUES (39,7)
INSERT INTO Workshop_registration (reservation_id, Participant_id) VALUES (39,6)
INSERT INTO Workshop_registration (reservation_id, Participant_id) VALUES (40,6)
INSERT INTO Workshop_registration (reservation_id, Participant_id) VALUES (41,4)
INSERT INTO Workshop_registration (reservation_id, Participant_id) VALUES (41,3)
INSERT INTO Workshop_registration (reservation_id, Participant_id) VALUES (42,7)
INSERT INTO Workshop_registration (reservation_id, Participant_id) VALUES (42,8)
INSERT INTO Workshop_registration (reservation_id, Participant_id) VALUES (42,3)
INSERT INTO Workshop_registration (reservation_id, Participant_id) VALUES (42,1)
INSERT INTO Workshop_registration (reservation_id, Participant_id) VALUES (43,3)
INSERT INTO Workshop_registration (reservation_id, Participant_id) VALUES (44,8)
INSERT INTO Workshop_registration (reservation_id, Participant_id) VALUES (44,2)
INSERT INTO Workshop_registration (reservation_id, Participant_id) VALUES (44,4)
INSERT INTO Workshop_registration (reservation_id, Participant_id) VALUES (44,5)
INSERT INTO Workshop_registration (reservation_id, Participant_id) VALUES (44,9)
INSERT INTO Workshop_registration (reservation_id, Participant_id) VALUES (44,13)
INSERT INTO Workshop_registration (reservation_id, Participant_id) VALUES (45,3)
INSERT INTO Workshop_registration (reservation_id, Participant_id) VALUES (45,8)
INSERT INTO Workshop_registration (reservation_id, Participant_id) VALUES (45,2)
INSERT INTO Workshop_registration (reservation_id, Participant_id) VALUES (46,5)
INSERT INTO Workshop_registration (reservation_id, Participant_id) VALUES (46,3)
INSERT INTO Workshop_registration (reservation_id, Participant_id) VALUES (46,10)
INSERT INTO Workshop_registration (reservation_id, Participant_id) VALUES (46,14)
INSERT INTO Workshop_registration (reservation_id, Participant_id) VALUES (46,11)
INSERT INTO Workshop_registration (reservation_id, Participant_id) VALUES (46,1)
INSERT INTO Workshop_registration (reservation_id, Participant_id) VALUES (46,9)
INSERT INTO Workshop_registration (reservation_id, Participant_id) VALUES (46,2)
INSERT INTO Workshop_registration (reservation_id, Participant_id) VALUES (47,3)
INSERT INTO Workshop_registration (reservation_id, Participant_id) VALUES (48,11)
INSERT INTO Workshop_registration (reservation_id, Participant_id) VALUES (49,8)
INSERT INTO Workshop_registration (reservation_id, Participant_id) VALUES (50,1)
INSERT INTO Workshop_registration (reservation_id, Participant_id) VALUES (50,10)
INSERT INTO Workshop_registration (reservation_id, Participant_id) VALUES (50,12)
INSERT INTO Workshop_registration (reservation_id, Participant_id) VALUES (51,12)
INSERT INTO Workshop_registration (reservation_id, Participant_id) VALUES (51,1)
INSERT INTO Workshop_registration (reservation_id, Participant_id) VALUES (52,13)
INSERT INTO Workshop_registration (reservation_id, Participant_id) VALUES (53,3)
INSERT INTO Workshop_registration (reservation_id, Participant_id) VALUES (54,3)
INSERT INTO Workshop_registration (reservation_id, Participant_id) VALUES (55,2)
INSERT INTO Workshop_registration (reservation_id, Participant_id) VALUES (56,12)
INSERT INTO Workshop_registration (reservation_id, Participant_id) VALUES (57,13)
INSERT INTO Workshop_registration (reservation_id, Participant_id) VALUES (58,7)
INSERT INTO Workshop_registration (reservation_id, Participant_id) VALUES (58,5)
INSERT INTO Workshop_registration (reservation_id, Participant_id) VALUES (58,10)
INSERT INTO Workshop_registration (reservation_id, Participant_id) VALUES (58,6)
INSERT INTO Workshop_registration (reservation_id, Participant_id) VALUES (58,12)
INSERT INTO Workshop_registration (reservation_id, Participant_id) VALUES (58,13)
INSERT INTO Workshop_registration (reservation_id, Participant_id) VALUES (59,7)
INSERT INTO Workshop_registration (reservation_id, Participant_id) VALUES (59,10)
INSERT INTO Workshop_registration (reservation_id, Participant_id) VALUES (59,4)
INSERT INTO Workshop_registration (reservation_id, Participant_id) VALUES (59,1)
INSERT INTO Workshop_registration (reservation_id, Participant_id) VALUES (59,2)
INSERT INTO Workshop_registration (reservation_id, Participant_id) VALUES (60,11)
INSERT INTO Workshop_registration (reservation_id, Participant_id) VALUES (61,9)
INSERT INTO Workshop_registration (reservation_id, Participant_id) VALUES (62,9)
INSERT INTO Workshop_registration (reservation_id, Participant_id) VALUES (63,9)
INSERT INTO Workshop_registration (reservation_id, Participant_id) VALUES (63,12)
INSERT INTO Workshop_registration (reservation_id, Participant_id) VALUES (63,1)
INSERT INTO Workshop_registration (reservation_id, Participant_id) VALUES (63,7)
INSERT INTO Workshop_registration (reservation_id, Participant_id) VALUES (63,13)
INSERT INTO Workshop_registration (reservation_id, Participant_id) VALUES (63,4)
INSERT INTO Workshop_registration (reservation_id, Participant_id) VALUES (63,8)
INSERT INTO Workshop_registration (reservation_id, Participant_id) VALUES (63,11)
INSERT INTO Workshop_registration (reservation_id, Participant_id) VALUES (64,2)
INSERT INTO Workshop_registration (reservation_id, Participant_id) VALUES (64,12)
INSERT INTO Workshop_registration (reservation_id, Participant_id) VALUES (64,5)
INSERT INTO Workshop_registration (reservation_id, Participant_id) VALUES (65,9)
INSERT INTO Workshop_registration (reservation_id, Participant_id) VALUES (66,14)
INSERT INTO Workshop_registration (reservation_id, Participant_id) VALUES (66,3)
INSERT INTO Workshop_registration (reservation_id, Participant_id) VALUES (66,9)
INSERT INTO Workshop_registration (reservation_id, Participant_id) VALUES (67,8)
INSERT INTO Workshop_registration (reservation_id, Participant_id) VALUES (67,10)
INSERT INTO Workshop_registration (reservation_id, Participant_id) VALUES (67,2)
INSERT INTO Workshop_registration (reservation_id, Participant_id) VALUES (67,6)
INSERT INTO Workshop_registration (reservation_id, Participant_id) VALUES (67,1)
INSERT INTO Workshop_registration (reservation_id, Participant_id) VALUES (67,3)
INSERT INTO Workshop_registration (reservation_id, Participant_id) VALUES (68,6)
INSERT INTO Workshop_registration (reservation_id, Participant_id) VALUES (68,7)
INSERT INTO Workshop_registration (reservation_id, Participant_id) VALUES (68,14)
INSERT INTO Workshop_registration (reservation_id, Participant_id) VALUES (68,1)
INSERT INTO Workshop_registration (reservation_id, Participant_id) VALUES (68,2)
INSERT INTO Workshop_registration (reservation_id, Participant_id) VALUES (68,9)
INSERT INTO Workshop_registration (reservation_id, Participant_id) VALUES (68,3)
INSERT INTO Workshop_registration (reservation_id, Participant_id) VALUES (69,14)
INSERT INTO Workshop_registration (reservation_id, Participant_id) VALUES (69,3)
INSERT INTO Workshop_registration (reservation_id, Participant_id) VALUES (70,3)
INSERT INTO Workshop_registration (reservation_id, Participant_id) VALUES (70,12)
INSERT INTO Workshop_registration (reservation_id, Participant_id) VALUES (71,9)
INSERT INTO Workshop_registration (reservation_id, Participant_id) VALUES (71,12)
INSERT INTO Workshop_registration (reservation_id, Participant_id) VALUES (71,14)
INSERT INTO Workshop_registration (reservation_id, Participant_id) VALUES (71,3)
INSERT INTO Workshop_registration (reservation_id, Participant_id) VALUES (71,4)
INSERT INTO Workshop_registration (reservation_id, Participant_id) VALUES (71,5)
INSERT INTO Workshop_registration (reservation_id, Participant_id) VALUES (72,5)
INSERT INTO Workshop_registration (reservation_id, Participant_id) VALUES (72,4)
INSERT INTO Workshop_registration (reservation_id, Participant_id) VALUES (72,8)
INSERT INTO Workshop_registration (reservation_id, Participant_id) VALUES (73,3)
INSERT INTO Workshop_registration (reservation_id, Participant_id) VALUES (74,14)
INSERT INTO Workshop_registration (reservation_id, Participant_id) VALUES (74,4)
INSERT INTO Workshop_registration (reservation_id, Participant_id) VALUES (75,5)
INSERT INTO Workshop_registration (reservation_id, Participant_id) VALUES (75,11)
INSERT INTO Workshop_registration (reservation_id, Participant_id) VALUES (75,1)
INSERT INTO Workshop_registration (reservation_id, Participant_id) VALUES (76,14)
INSERT INTO Workshop_registration (reservation_id, Participant_id) VALUES (76,8)
INSERT INTO Workshop_registration (reservation_id, Participant_id) VALUES (76,2)
INSERT INTO Workshop_registration (reservation_id, Participant_id) VALUES (76,12)
INSERT INTO Workshop_registration (reservation_id, Participant_id) VALUES (76,5)
INSERT INTO Workshop_registration (reservation_id, Participant_id) VALUES (76,1)
INSERT INTO Workshop_registration (reservation_id, Participant_id) VALUES (76,13)
INSERT INTO Workshop_registration (reservation_id, Participant_id) VALUES (76,11)
INSERT INTO Workshop_registration (reservation_id, Participant_id) VALUES (76,7)
INSERT INTO Workshop_registration (reservation_id, Participant_id) VALUES (76,9)
INSERT INTO Workshop_registration (reservation_id, Participant_id) VALUES (77,9)
INSERT INTO Workshop_registration (reservation_id, Participant_id) VALUES (77,7)
INSERT INTO Workshop_registration (reservation_id, Participant_id) VALUES (78,1)
INSERT INTO Workshop_registration (reservation_id, Participant_id) VALUES (78,5)
INSERT INTO Workshop_registration (reservation_id, Participant_id) VALUES (78,7)
INSERT INTO Workshop_registration (reservation_id, Participant_id) VALUES (79,10)
INSERT INTO Workshop_registration (reservation_id, Participant_id) VALUES (79,4)
INSERT INTO Workshop_registration (reservation_id, Participant_id) VALUES (79,14)
INSERT INTO Workshop_registration (reservation_id, Participant_id) VALUES (80,7)
INSERT INTO Workshop_registration (reservation_id, Participant_id) VALUES (80,10)
INSERT INTO Workshop_registration (reservation_id, Participant_id) VALUES (80,3)
INSERT INTO Workshop_registration (reservation_id, Participant_id) VALUES (80,1)
INSERT INTO Workshop_registration (reservation_id, Participant_id) VALUES (80,4)
INSERT INTO Workshop_registration (reservation_id, Participant_id) VALUES (80,11)
INSERT INTO Workshop_registration (reservation_id, Participant_id) VALUES (80,9)
INSERT INTO Workshop_registration (reservation_id, Participant_id) VALUES (81,7)
INSERT INTO Workshop_registration (reservation_id, Participant_id) VALUES (81,5)
INSERT INTO Workshop_registration (reservation_id, Participant_id) VALUES (81,13)
INSERT INTO Workshop_registration (reservation_id, Participant_id) VALUES (81,10)
INSERT INTO Workshop_registration (reservation_id, Participant_id) VALUES (81,9)
INSERT INTO Workshop_registration (reservation_id, Participant_id) VALUES (81,3)
INSERT INTO Workshop_registration (reservation_id, Participant_id) VALUES (82,12)
INSERT INTO Workshop_registration (reservation_id, Participant_id) VALUES (83,4)
INSERT INTO Workshop_registration (reservation_id, Participant_id) VALUES (83,5)
INSERT INTO Workshop_registration (reservation_id, Participant_id) VALUES (84,4)
INSERT INTO Workshop_registration (reservation_id, Participant_id) VALUES (85,10)
INSERT INTO Workshop_registration (reservation_id, Participant_id) VALUES (85,13)
INSERT INTO Workshop_registration (reservation_id, Participant_id) VALUES (85,11)
INSERT INTO Workshop_registration (reservation_id, Participant_id) VALUES (86,8)
INSERT INTO Workshop_registration (reservation_id, Participant_id) VALUES (86,12)
INSERT INTO Workshop_registration (reservation_id, Participant_id) VALUES (87,4)
INSERT INTO Workshop_registration (reservation_id, Participant_id) VALUES (87,12)
INSERT INTO Workshop_registration (reservation_id, Participant_id) VALUES (88,6)
INSERT INTO Workshop_registration (reservation_id, Participant_id) VALUES (88,13)
INSERT INTO Workshop_registration (reservation_id, Participant_id) VALUES (89,6)
INSERT INTO Workshop_registration (reservation_id, Participant_id) VALUES (89,12)
INSERT INTO Workshop_registration (reservation_id, Participant_id) VALUES (89,5)
INSERT INTO Workshop_registration (reservation_id, Participant_id) VALUES (89,7)
INSERT INTO Workshop_registration (reservation_id, Participant_id) VALUES (89,1)
INSERT INTO Workshop_registration (reservation_id, Participant_id) VALUES (90,1)
INSERT INTO Workshop_registration (reservation_id, Participant_id) VALUES (90,14)
INSERT INTO Workshop_registration (reservation_id, Participant_id) VALUES (90,11)
INSERT INTO Workshop_registration (reservation_id, Participant_id) VALUES (90,5)
INSERT INTO Workshop_registration (reservation_id, Participant_id) VALUES (91,7)
INSERT INTO Workshop_registration (reservation_id, Participant_id) VALUES (91,14)
INSERT INTO Workshop_registration (reservation_id, Participant_id) VALUES (91,12)
INSERT INTO Workshop_registration (reservation_id, Participant_id) VALUES (91,4)
INSERT INTO Workshop_registration (reservation_id, Participant_id) VALUES (91,8)
INSERT INTO Workshop_registration (reservation_id, Participant_id) VALUES (91,3)
INSERT INTO Workshop_registration (reservation_id, Participant_id) VALUES (91,5)
INSERT INTO Workshop_registration (reservation_id, Participant_id) VALUES (91,2)
INSERT INTO Workshop_registration (reservation_id, Participant_id) VALUES (92,1)
INSERT INTO Workshop_registration (reservation_id, Participant_id) VALUES (93,1)
INSERT INTO Workshop_registration (reservation_id, Participant_id) VALUES (94,13)
INSERT INTO Workshop_registration (reservation_id, Participant_id) VALUES (94,1)
INSERT INTO Workshop_registration (reservation_id, Participant_id) VALUES (95,14)
INSERT INTO Workshop_registration (reservation_id, Participant_id) VALUES (96,1)
INSERT INTO Workshop_registration (reservation_id, Participant_id) VALUES (96,8)
INSERT INTO Workshop_registration (reservation_id, Participant_id) VALUES (96,3)
INSERT INTO Workshop_registration (reservation_id, Participant_id) VALUES (96,11)
INSERT INTO Workshop_registration (reservation_id, Participant_id) VALUES (97,11)
INSERT INTO Workshop_registration (reservation_id, Participant_id) VALUES (98,9)
INSERT INTO Workshop_registration (reservation_id, Participant_id) VALUES (98,14)
INSERT INTO Workshop_registration (reservation_id, Participant_id) VALUES (98,7)
INSERT INTO Workshop_registration (reservation_id, Participant_id) VALUES (99,3)
INSERT INTO Workshop_registration (reservation_id, Participant_id) VALUES (99,7)
INSERT INTO Workshop_registration (reservation_id, Participant_id) VALUES (100,9)
INSERT INTO Workshop_registration (reservation_id, Participant_id) VALUES (100,10)
INSERT INTO Workshop_registration (reservation_id, Participant_id) VALUES (101,9)
INSERT INTO Workshop_registration (reservation_id, Participant_id) VALUES (101,1)
INSERT INTO Workshop_registration (reservation_id, Participant_id) VALUES (101,3)
INSERT INTO Workshop_registration (reservation_id, Participant_id) VALUES (101,8)
INSERT INTO Workshop_registration (reservation_id, Participant_id) VALUES (101,2)
INSERT INTO Workshop_registration (reservation_id, Participant_id) VALUES (102,5)
INSERT INTO Workshop_registration (reservation_id, Participant_id) VALUES (102,14)
INSERT INTO Workshop_registration (reservation_id, Participant_id) VALUES (102,9)
INSERT INTO Workshop_registration (reservation_id, Participant_id) VALUES (103,14)
INSERT INTO Workshop_registration (reservation_id, Participant_id) VALUES (103,2)
INSERT INTO Workshop_registration (reservation_id, Participant_id) VALUES (103,7)
INSERT INTO Workshop_registration (reservation_id, Participant_id) VALUES (104,4)
INSERT INTO Workshop_registration (reservation_id, Participant_id) VALUES (104,8)
INSERT INTO Workshop_registration (reservation_id, Participant_id) VALUES (104,13)
INSERT INTO Workshop_registration (reservation_id, Participant_id) VALUES (104,12)
INSERT INTO Workshop_registration (reservation_id, Participant_id) VALUES (104,9)
INSERT INTO Workshop_registration (reservation_id, Participant_id) VALUES (104,11)
INSERT INTO Workshop_registration (reservation_id, Participant_id) VALUES (105,8)
INSERT INTO Workshop_registration (reservation_id, Participant_id) VALUES (105,6)
INSERT INTO Workshop_registration (reservation_id, Participant_id) VALUES (106,8)
INSERT INTO Workshop_registration (reservation_id, Participant_id) VALUES (107,8)
INSERT INTO Workshop_registration (reservation_id, Participant_id) VALUES (107,12)
INSERT INTO Workshop_registration (reservation_id, Participant_id) VALUES (107,5)
INSERT INTO Workshop_registration (reservation_id, Participant_id) VALUES (107,3)
INSERT INTO Workshop_registration (reservation_id, Participant_id) VALUES (108,13)
INSERT INTO Workshop_registration (reservation_id, Participant_id) VALUES (109,4)
INSERT INTO Workshop_registration (reservation_id, Participant_id) VALUES (110,14)
INSERT INTO Workshop_registration (reservation_id, Participant_id) VALUES (110,1)
INSERT INTO Workshop_registration (reservation_id, Participant_id) VALUES (110,5)
INSERT INTO Workshop_registration (reservation_id, Participant_id) VALUES (111,6)
INSERT INTO Workshop_registration (reservation_id, Participant_id) VALUES (112,11)
INSERT INTO Workshop_registration (reservation_id, Participant_id) VALUES (112,9)
INSERT INTO Workshop_registration (reservation_id, Participant_id) VALUES (112,12)
INSERT INTO Workshop_registration (reservation_id, Participant_id) VALUES (113,12)
INSERT INTO Workshop_registration (reservation_id, Participant_id) VALUES (114,14)
INSERT INTO Workshop_registration (reservation_id, Participant_id) VALUES (115,1)
INSERT INTO Workshop_registration (reservation_id, Participant_id) VALUES (116,10)
INSERT INTO Workshop_registration (reservation_id, Participant_id) VALUES (116,12)
INSERT INTO Workshop_registration (reservation_id, Participant_id) VALUES (116,4)
INSERT INTO Workshop_registration (reservation_id, Participant_id) VALUES (116,11)
INSERT INTO Workshop_registration (reservation_id, Participant_id) VALUES (117,7)
INSERT INTO Workshop_registration (reservation_id, Participant_id) VALUES (117,11)
INSERT INTO Workshop_registration (reservation_id, Participant_id) VALUES (117,1)
INSERT INTO Workshop_registration (reservation_id, Participant_id) VALUES (117,13)
INSERT INTO Workshop_registration (reservation_id, Participant_id) VALUES (117,8)
INSERT INTO Workshop_registration (reservation_id, Participant_id) VALUES (117,4)
INSERT INTO Workshop_registration (reservation_id, Participant_id) VALUES (117,5)
INSERT INTO Workshop_registration (reservation_id, Participant_id) VALUES (117,12)
INSERT INTO Workshop_registration (reservation_id, Participant_id) VALUES (118,8)
INSERT INTO Workshop_registration (reservation_id, Participant_id) VALUES (119,3)
INSERT INTO Workshop_registration (reservation_id, Participant_id) VALUES (120,3)
INSERT INTO Workshop_registration (reservation_id, Participant_id) VALUES (120,6)
INSERT INTO Workshop_registration (reservation_id, Participant_id) VALUES (120,1)
INSERT INTO Workshop_registration (reservation_id, Participant_id) VALUES (120,12)
INSERT INTO Workshop_registration (reservation_id, Participant_id) VALUES (120,2)
INSERT INTO Workshop_registration (reservation_id, Participant_id) VALUES (120,11)
INSERT INTO Workshop_registration (reservation_id, Participant_id) VALUES (120,10)
INSERT INTO Workshop_registration (reservation_id, Participant_id) VALUES (120,13)
INSERT INTO Workshop_registration (reservation_id, Participant_id) VALUES (121,2)
INSERT INTO Workshop_registration (reservation_id, Participant_id) VALUES (122,2)
INSERT INTO Workshop_registration (reservation_id, Participant_id) VALUES (123,7)
INSERT INTO Workshop_registration (reservation_id, Participant_id) VALUES (124,4)
INSERT INTO Workshop_registration (reservation_id, Participant_id) VALUES (124,14)
INSERT INTO Workshop_registration (reservation_id, Participant_id) VALUES (125,10)
INSERT INTO Workshop_registration (reservation_id, Participant_id) VALUES (125,6)
INSERT INTO Workshop_registration (reservation_id, Participant_id) VALUES (125,4)
INSERT INTO Workshop_registration (reservation_id, Participant_id) VALUES (125,14)
INSERT INTO Workshop_registration (reservation_id, Participant_id) VALUES (125,11)
INSERT INTO Workshop_registration (reservation_id, Participant_id) VALUES (126,10)
INSERT INTO Workshop_registration (reservation_id, Participant_id) VALUES (126,14)
INSERT INTO Workshop_registration (reservation_id, Participant_id) VALUES (126,13)
INSERT INTO Workshop_registration (reservation_id, Participant_id) VALUES (127,10)
INSERT INTO Workshop_registration (reservation_id, Participant_id) VALUES (128,10)
INSERT INTO Workshop_registration (reservation_id, Participant_id) VALUES (129,2)
INSERT INTO Workshop_registration (reservation_id, Participant_id) VALUES (130,11)
INSERT INTO Workshop_registration (reservation_id, Participant_id) VALUES (131,12)
INSERT INTO Workshop_registration (reservation_id, Participant_id) VALUES (132,6)
INSERT INTO Workshop_registration (reservation_id, Participant_id) VALUES (132,2)
INSERT INTO Workshop_registration (reservation_id, Participant_id) VALUES (132,11)
INSERT INTO Workshop_registration (reservation_id, Participant_id) VALUES (132,12)
INSERT INTO Workshop_registration (reservation_id, Participant_id) VALUES (132,10)
INSERT INTO Workshop_registration (reservation_id, Participant_id) VALUES (132,14)
INSERT INTO Workshop_registration (reservation_id, Participant_id) VALUES (132,5)
INSERT INTO Workshop_registration (reservation_id, Participant_id) VALUES (133,5)
INSERT INTO Workshop_registration (reservation_id, Participant_id) VALUES (134,14)
INSERT INTO Workshop_registration (reservation_id, Participant_id) VALUES (134,6)
INSERT INTO Workshop_registration (reservation_id, Participant_id) VALUES (134,4)
INSERT INTO Workshop_registration (reservation_id, Participant_id) VALUES (135,3)
INSERT INTO Workshop_registration (reservation_id, Participant_id) VALUES (135,9)
INSERT INTO Workshop_registration (reservation_id, Participant_id) VALUES (135,6)
INSERT INTO Workshop_registration (reservation_id, Participant_id) VALUES (135,4)
INSERT INTO Workshop_registration (reservation_id, Participant_id) VALUES (135,11)
INSERT INTO Workshop_registration (reservation_id, Participant_id) VALUES (136,8)
INSERT INTO Workshop_registration (reservation_id, Participant_id) VALUES (136,3)
INSERT INTO Workshop_registration (reservation_id, Participant_id) VALUES (136,5)
INSERT INTO Workshop_registration (reservation_id, Participant_id) VALUES (137,2)
INSERT INTO Workshop_registration (reservation_id, Participant_id) VALUES (138,8)
INSERT INTO Workshop_registration (reservation_id, Participant_id) VALUES (138,1)
INSERT INTO Workshop_registration (reservation_id, Participant_id) VALUES (139,2)
INSERT INTO Workshop_registration (reservation_id, Participant_id) VALUES (140,8)
INSERT INTO Workshop_registration (reservation_id, Participant_id) VALUES (140,6)
INSERT INTO Workshop_registration (reservation_id, Participant_id) VALUES (140,4)
INSERT INTO Workshop_registration (reservation_id, Participant_id) VALUES (140,3)
INSERT INTO Workshop_registration (reservation_id, Participant_id) VALUES (140,7)
INSERT INTO Workshop_registration (reservation_id, Participant_id) VALUES (140,11)
INSERT INTO Workshop_registration (reservation_id, Participant_id) VALUES (140,2)
INSERT INTO Workshop_registration (reservation_id, Participant_id) VALUES (140,10)
INSERT INTO Workshop_registration (reservation_id, Participant_id) VALUES (140,14)
INSERT INTO Workshop_registration (reservation_id, Participant_id) VALUES (141,1)
INSERT INTO Workshop_registration (reservation_id, Participant_id) VALUES (142,6)
INSERT INTO Workshop_registration (reservation_id, Participant_id) VALUES (143,4)
INSERT INTO Workshop_registration (reservation_id, Participant_id) VALUES (144,9)
INSERT INTO Workshop_registration (reservation_id, Participant_id) VALUES (145,9)
INSERT INTO Workshop_registration (reservation_id, Participant_id) VALUES (145,1)
INSERT INTO Workshop_registration (reservation_id, Participant_id) VALUES (145,10)
INSERT INTO Workshop_registration (reservation_id, Participant_id) VALUES (145,4)
INSERT INTO Workshop_registration (reservation_id, Participant_id) VALUES (145,8)
INSERT INTO Workshop_registration (reservation_id, Participant_id) VALUES (146,7)
INSERT INTO Workshop_registration (reservation_id, Participant_id) VALUES (146,14)
INSERT INTO Workshop_registration (reservation_id, Participant_id) VALUES (146,1)
INSERT INTO Workshop_registration (reservation_id, Participant_id) VALUES (146,10)
INSERT INTO Workshop_registration (reservation_id, Participant_id) VALUES (146,4)
INSERT INTO Workshop_registration (reservation_id, Participant_id) VALUES (147,9)
INSERT INTO Workshop_registration (reservation_id, Participant_id) VALUES (147,3)
INSERT INTO Workshop_registration (reservation_id, Participant_id) VALUES (148,7)
INSERT INTO Workshop_registration (reservation_id, Participant_id) VALUES (148,13)
INSERT INTO Workshop_registration (reservation_id, Participant_id) VALUES (148,8)
INSERT INTO Workshop_registration (reservation_id, Participant_id) VALUES (148,11)
INSERT INTO Workshop_registration (reservation_id, Participant_id) VALUES (148,10)
INSERT INTO Workshop_registration (reservation_id, Participant_id) VALUES (148,14)
INSERT INTO Workshop_registration (reservation_id, Participant_id) VALUES (148,1)
INSERT INTO Workshop_registration (reservation_id, Participant_id) VALUES (148,6)
INSERT INTO Workshop_registration (reservation_id, Participant_id) VALUES (148,9)
INSERT INTO Workshop_registration (reservation_id, Participant_id) VALUES (148,4)
INSERT INTO Workshop_registration (reservation_id, Participant_id) VALUES (148,3)
INSERT INTO Workshop_registration (reservation_id, Participant_id) VALUES (149,13)
INSERT INTO Workshop_registration (reservation_id, Participant_id) VALUES (149,10)
INSERT INTO Workshop_registration (reservation_id, Participant_id) VALUES (149,3)
INSERT INTO Workshop_registration (reservation_id, Participant_id) VALUES (149,1)
INSERT INTO Workshop_registration (reservation_id, Participant_id) VALUES (149,12)
INSERT INTO Workshop_registration (reservation_id, Participant_id) VALUES (149,4)
INSERT INTO Workshop_registration (reservation_id, Participant_id) VALUES (149,14)
INSERT INTO Workshop_registration (reservation_id, Participant_id) VALUES (149,9)
INSERT INTO Workshop_registration (reservation_id, Participant_id) VALUES (149,2)
INSERT INTO Workshop_registration (reservation_id, Participant_id) VALUES (149,8)
INSERT INTO Workshop_registration (reservation_id, Participant_id) VALUES (149,11)
INSERT INTO Workshop_registration (reservation_id, Participant_id) VALUES (149,5)
INSERT INTO Workshop_registration (reservation_id, Participant_id) VALUES (150,14)
INSERT INTO Workshop_registration (reservation_id, Participant_id) VALUES (151,8)
INSERT INTO Workshop_registration (reservation_id, Participant_id) VALUES (152,9)
INSERT INTO Workshop_registration (reservation_id, Participant_id) VALUES (153,7)
INSERT INTO Workshop_registration (reservation_id, Participant_id) VALUES (154,9)
INSERT INTO Workshop_registration (reservation_id, Participant_id) VALUES (155,13)
INSERT INTO Workshop_registration (reservation_id, Participant_id) VALUES (156,5)
INSERT INTO Workshop_registration (reservation_id, Participant_id) VALUES (156,3)
INSERT INTO Workshop_registration (reservation_id, Participant_id) VALUES (156,9)
INSERT INTO Workshop_registration (reservation_id, Participant_id) VALUES (157,5)
INSERT INTO Workshop_registration (reservation_id, Participant_id) VALUES (157,7)
INSERT INTO Workshop_registration (reservation_id, Participant_id) VALUES (157,6)
INSERT INTO Workshop_registration (reservation_id, Participant_id) VALUES (158,6)
INSERT INTO Workshop_registration (reservation_id, Participant_id) VALUES (158,12)
INSERT INTO Workshop_registration (reservation_id, Participant_id) VALUES (158,13)
INSERT INTO Workshop_registration (reservation_id, Participant_id) VALUES (159,2)
INSERT INTO Workshop_registration (reservation_id, Participant_id) VALUES (159,12)
INSERT INTO Workshop_registration (reservation_id, Participant_id) VALUES (159,3)
INSERT INTO Workshop_registration (reservation_id, Participant_id) VALUES (159,8)
INSERT INTO Workshop_registration (reservation_id, Participant_id) VALUES (159,10)
INSERT INTO Workshop_registration (reservation_id, Participant_id) VALUES (160,1)
INSERT INTO Workshop_registration (reservation_id, Participant_id) VALUES (160,7)
INSERT INTO Workshop_registration (reservation_id, Participant_id) VALUES (160,10)
INSERT INTO Workshop_registration (reservation_id, Participant_id) VALUES (160,13)
INSERT INTO Workshop_registration (reservation_id, Participant_id) VALUES (161,11)
INSERT INTO Workshop_registration (reservation_id, Participant_id) VALUES (161,5)
INSERT INTO Workshop_registration (reservation_id, Participant_id) VALUES (162,10)
INSERT INTO Workshop_registration (reservation_id, Participant_id) VALUES (163,4)
INSERT INTO Workshop_registration (reservation_id, Participant_id) VALUES (163,14)
INSERT INTO Workshop_registration (reservation_id, Participant_id) VALUES (163,11)
INSERT INTO Workshop_registration (reservation_id, Participant_id) VALUES (164,2)
INSERT INTO Workshop_registration (reservation_id, Participant_id) VALUES (165,2)
INSERT INTO Workshop_registration (reservation_id, Participant_id) VALUES (165,6)
INSERT INTO Workshop_registration (reservation_id, Participant_id) VALUES (166,12)
INSERT INTO Workshop_registration (reservation_id, Participant_id) VALUES (166,10)
INSERT INTO Workshop_registration (reservation_id, Participant_id) VALUES (166,9)
INSERT INTO Workshop_registration (reservation_id, Participant_id) VALUES (166,1)
INSERT INTO Workshop_registration (reservation_id, Participant_id) VALUES (166,3)
INSERT INTO Workshop_registration (reservation_id, Participant_id) VALUES (166,2)
INSERT INTO Workshop_registration (reservation_id, Participant_id) VALUES (167,5)
INSERT INTO Workshop_registration (reservation_id, Participant_id) VALUES (167,9)
INSERT INTO Workshop_registration (reservation_id, Participant_id) VALUES (168,10)
INSERT INTO Workshop_registration (reservation_id, Participant_id) VALUES (168,13)
INSERT INTO Workshop_registration (reservation_id, Participant_id) VALUES (168,5)
INSERT INTO Workshop_registration (reservation_id, Participant_id) VALUES (168,12)
INSERT INTO Workshop_registration (reservation_id, Participant_id) VALUES (168,3)
INSERT INTO Workshop_registration (reservation_id, Participant_id) VALUES (168,11)
INSERT INTO Workshop_registration (reservation_id, Participant_id) VALUES (168,1)
INSERT INTO Workshop_registration (reservation_id, Participant_id) VALUES (168,4)
INSERT INTO Workshop_registration (reservation_id, Participant_id) VALUES (168,8)
INSERT INTO Workshop_registration (reservation_id, Participant_id) VALUES (169,10)
INSERT INTO Workshop_registration (reservation_id, Participant_id) VALUES (169,7)
INSERT INTO Workshop_registration (reservation_id, Participant_id) VALUES (169,9)
INSERT INTO Workshop_registration (reservation_id, Participant_id) VALUES (170,11)
INSERT INTO Workshop_registration (reservation_id, Participant_id) VALUES (171,14)
INSERT INTO Workshop_registration (reservation_id, Participant_id) VALUES (171,8)
INSERT INTO Workshop_registration (reservation_id, Participant_id) VALUES (171,5)
INSERT INTO Workshop_registration (reservation_id, Participant_id) VALUES (171,13)
INSERT INTO Workshop_registration (reservation_id, Participant_id) VALUES (171,11)
INSERT INTO Workshop_registration (reservation_id, Participant_id) VALUES (172,4)
INSERT INTO Workshop_registration (reservation_id, Participant_id) VALUES (172,2)
INSERT INTO Workshop_registration (reservation_id, Participant_id) VALUES (173,4)
INSERT INTO Workshop_registration (reservation_id, Participant_id) VALUES (174,13)
INSERT INTO Workshop_registration (reservation_id, Participant_id) VALUES (175,8)
INSERT INTO Workshop_registration (reservation_id, Participant_id) VALUES (176,7)
INSERT INTO Workshop_registration (reservation_id, Participant_id) VALUES (176,5)
INSERT INTO Workshop_registration (reservation_id, Participant_id) VALUES (176,13)
INSERT INTO Workshop_registration (reservation_id, Participant_id) VALUES (176,3)
INSERT INTO Workshop_registration (reservation_id, Participant_id) VALUES (176,11)
INSERT INTO Workshop_registration (reservation_id, Participant_id) VALUES (176,4)
INSERT INTO Workshop_registration (reservation_id, Participant_id) VALUES (176,9)
INSERT INTO Workshop_registration (reservation_id, Participant_id) VALUES (177,3)
INSERT INTO Workshop_registration (reservation_id, Participant_id) VALUES (177,6)
INSERT INTO Workshop_registration (reservation_id, Participant_id) VALUES (178,8)
INSERT INTO Workshop_registration (reservation_id, Participant_id) VALUES (178,10)
INSERT INTO Workshop_registration (reservation_id, Participant_id) VALUES (178,1)
INSERT INTO Workshop_registration (reservation_id, Participant_id) VALUES (178,14)
INSERT INTO Workshop_registration (reservation_id, Participant_id) VALUES (178,4)
INSERT INTO Workshop_registration (reservation_id, Participant_id) VALUES (178,5)
INSERT INTO Workshop_registration (reservation_id, Participant_id) VALUES (179,10)
INSERT INTO Workshop_registration (reservation_id, Participant_id) VALUES (179,12)
INSERT INTO Workshop_registration (reservation_id, Participant_id) VALUES (179,13)
INSERT INTO Workshop_registration (reservation_id, Participant_id) VALUES (180,8)
INSERT INTO Workshop_registration (reservation_id, Participant_id) VALUES (180,12)
INSERT INTO Workshop_registration (reservation_id, Participant_id) VALUES (180,11)
INSERT INTO Workshop_registration (reservation_id, Participant_id) VALUES (180,2)
INSERT INTO Workshop_registration (reservation_id, Participant_id) VALUES (180,5)
INSERT INTO Workshop_registration (reservation_id, Participant_id) VALUES (181,13)
INSERT INTO Workshop_registration (reservation_id, Participant_id) VALUES (182,5)
INSERT INTO Workshop_registration (reservation_id, Participant_id) VALUES (182,8)
INSERT INTO Workshop_registration (reservation_id, Participant_id) VALUES (183,14)
INSERT INTO Workshop_registration (reservation_id, Participant_id) VALUES (183,11)
INSERT INTO Workshop_registration (reservation_id, Participant_id) VALUES (183,2)
INSERT INTO Workshop_registration (reservation_id, Participant_id) VALUES (184,7)
INSERT INTO Workshop_registration (reservation_id, Participant_id) VALUES (185,1)
INSERT INTO Workshop_registration (reservation_id, Participant_id) VALUES (185,3)
INSERT INTO Workshop_registration (reservation_id, Participant_id) VALUES (186,12)
INSERT INTO Workshop_registration (reservation_id, Participant_id) VALUES (187,7)
INSERT INTO Workshop_registration (reservation_id, Participant_id) VALUES (187,3)
INSERT INTO Workshop_registration (reservation_id, Participant_id) VALUES (187,13)
INSERT INTO Workshop_registration (reservation_id, Participant_id) VALUES (187,9)
INSERT INTO Workshop_registration (reservation_id, Participant_id) VALUES (187,8)
INSERT INTO Workshop_registration (reservation_id, Participant_id) VALUES (187,6)
INSERT INTO Workshop_registration (reservation_id, Participant_id) VALUES (187,1)
INSERT INTO Workshop_registration (reservation_id, Participant_id) VALUES (187,2)
INSERT INTO Workshop_registration (reservation_id, Participant_id) VALUES (188,9)
INSERT INTO Workshop_registration (reservation_id, Participant_id) VALUES (188,2)
INSERT INTO Workshop_registration (reservation_id, Participant_id) VALUES (188,12)
INSERT INTO Workshop_registration (reservation_id, Participant_id) VALUES (188,13)
INSERT INTO Workshop_registration (reservation_id, Participant_id) VALUES (188,11)
INSERT INTO Workshop_registration (reservation_id, Participant_id) VALUES (188,8)
INSERT INTO Workshop_registration (reservation_id, Participant_id) VALUES (188,10)
INSERT INTO Workshop_registration (reservation_id, Participant_id) VALUES (188,3)
INSERT INTO Workshop_registration (reservation_id, Participant_id) VALUES (189,3)
INSERT INTO Workshop_registration (reservation_id, Participant_id) VALUES (189,4)
INSERT INTO Workshop_registration (reservation_id, Participant_id) VALUES (190,2)
INSERT INTO Workshop_registration (reservation_id, Participant_id) VALUES (190,10)
INSERT INTO Workshop_registration (reservation_id, Participant_id) VALUES (190,1)
INSERT INTO Workshop_registration (reservation_id, Participant_id) VALUES (191,4)
INSERT INTO Workshop_registration (reservation_id, Participant_id) VALUES (192,4)
INSERT INTO Workshop_registration (reservation_id, Participant_id) VALUES (193,11)
INSERT INTO Workshop_registration (reservation_id, Participant_id) VALUES (194,2)
INSERT INTO Workshop_registration (reservation_id, Participant_id) VALUES (195,12)
INSERT INTO Workshop_registration (reservation_id, Participant_id) VALUES (195,9)
INSERT INTO Workshop_registration (reservation_id, Participant_id) VALUES (195,5)
INSERT INTO Workshop_registration (reservation_id, Participant_id) VALUES (196,11)
INSERT INTO Workshop_registration (reservation_id, Participant_id) VALUES (196,5)
INSERT INTO Workshop_registration (reservation_id, Participant_id) VALUES (196,8)
INSERT INTO Workshop_registration (reservation_id, Participant_id) VALUES (196,7)
INSERT INTO Workshop_registration (reservation_id, Participant_id) VALUES (197,6)
INSERT INTO Workshop_registration (reservation_id, Participant_id) VALUES (197,8)
INSERT INTO Workshop_registration (reservation_id, Participant_id) VALUES (197,3)
INSERT INTO Workshop_registration (reservation_id, Participant_id) VALUES (197,11)
INSERT INTO Workshop_registration (reservation_id, Participant_id) VALUES (197,1)
INSERT INTO Workshop_registration (reservation_id, Participant_id) VALUES (197,13)
INSERT INTO Workshop_registration (reservation_id, Participant_id) VALUES (198,6)
INSERT INTO Workshop_registration (reservation_id, Participant_id) VALUES (198,13)
INSERT INTO Workshop_registration (reservation_id, Participant_id) VALUES (198,11)
INSERT INTO Payments (reservation_id, in_date, value) VALUES (2,'2023-06-27 23:58:00',2129)
INSERT INTO Payments (reservation_id, in_date, value) VALUES (2,'2023-07-11 20:23:00',312)
INSERT INTO Payments (reservation_id, in_date, value) VALUES (2,'2023-06-14 16:59:00',3846.39)
INSERT INTO Payments (reservation_id, in_date, value) VALUES (3,'2022-10-08 10:48:00',10127.69)
INSERT INTO Payments (reservation_id, in_date, value) VALUES (4,'2021-06-14 01:53:00',10544)
INSERT INTO Payments (reservation_id, in_date, value) VALUES (4,'2021-06-15 00:44:00',2226.98)
INSERT INTO Payments (reservation_id, in_date, value) VALUES (5,'2020-08-12 23:32:00',3140)
INSERT INTO Payments (reservation_id, in_date, value) VALUES (5,'2020-08-12 09:15:00',2)
INSERT INTO Payments (reservation_id, in_date, value) VALUES (5,'2020-08-04 07:20:00',1541)
INSERT INTO Payments (reservation_id, in_date, value) VALUES (5,'2020-08-01 15:05:00',1501.9)
INSERT INTO Payments (reservation_id, in_date, value) VALUES (6,'2021-08-28 03:48:00',2706)
INSERT INTO Payments (reservation_id, in_date, value) VALUES (6,'2021-08-27 17:52:00',1064)
INSERT INTO Payments (reservation_id, in_date, value) VALUES (6,'2021-08-16 12:26:00',687.03)
INSERT INTO Payments (reservation_id, in_date, value) VALUES (7,'2022-07-06 07:41:00',5102)
INSERT INTO Payments (reservation_id, in_date, value) VALUES (7,'2022-06-30 11:57:00',1242)
INSERT INTO Payments (reservation_id, in_date, value) VALUES (7,'2022-07-03 07:04:00',3505.47)
INSERT INTO Payments (reservation_id, in_date, value) VALUES (8,'2024-01-23 03:26:00',4887)
INSERT INTO Payments (reservation_id, in_date, value) VALUES (8,'2024-01-10 13:46:00',5991.56)
INSERT INTO Payments (reservation_id, in_date, value) VALUES (9,'2024-06-30 10:43:00',4163.42)
INSERT INTO Payments (reservation_id, in_date, value) VALUES (11,'2024-01-12 07:44:00',10973)
INSERT INTO Payments (reservation_id, in_date, value) VALUES (11,'2024-01-13 21:20:00',879)
INSERT INTO Payments (reservation_id, in_date, value) VALUES (11,'2024-01-11 02:59:00',10801)
INSERT INTO Payments (reservation_id, in_date, value) VALUES (11,'2024-01-08 12:29:00',713.77)
INSERT INTO Payments (reservation_id, in_date, value) VALUES (12,'2022-09-28 21:06:00',8225)
INSERT INTO Payments (reservation_id, in_date, value) VALUES (12,'2022-09-30 05:32:00',437.37)
INSERT INTO Payments (reservation_id, in_date, value) VALUES (14,'2020-11-09 03:34:00',9091.24)
INSERT INTO Payments (reservation_id, in_date, value) VALUES (15,'2020-04-25 01:08:00',3003)
INSERT INTO Payments (reservation_id, in_date, value) VALUES (15,'2020-04-24 01:43:00',2605)
INSERT INTO Payments (reservation_id, in_date, value) VALUES (15,'2020-04-20 18:26:00',5159.31)
INSERT INTO Payments (reservation_id, in_date, value) VALUES (18,'2022-07-04 09:29:00',3195.72)
INSERT INTO Payments (reservation_id, in_date, value) VALUES (19,'2023-03-13 21:39:00',4061)
INSERT INTO Payments (reservation_id, in_date, value) VALUES (19,'2023-03-26 18:06:00',5510)
INSERT INTO Payments (reservation_id, in_date, value) VALUES (19,'2023-03-21 07:02:00',2505.99)
INSERT INTO Payments (reservation_id, in_date, value) VALUES (20,'2024-10-14 12:37:00',2995)
INSERT INTO Payments (reservation_id, in_date, value) VALUES (20,'2024-10-08 21:13:00',752)
INSERT INTO Payments (reservation_id, in_date, value) VALUES (20,'2024-10-10 20:57:00',1894.68)
INSERT INTO Payments (reservation_id, in_date, value) VALUES (21,'2022-04-16 06:57:00',4527)
INSERT INTO Payments (reservation_id, in_date, value) VALUES (21,'2022-04-16 18:53:00',2015.83)
INSERT INTO Payments (reservation_id, in_date, value) VALUES (22,'2021-06-30 05:00:00',4132)
INSERT INTO Payments (reservation_id, in_date, value) VALUES (22,'2021-06-26 19:54:00',334.47)
INSERT INTO Payments (reservation_id, in_date, value) VALUES (23,'2020-04-16 21:05:00',236)
INSERT INTO Payments (reservation_id, in_date, value) VALUES (23,'2020-04-04 07:01:00',356)
INSERT INTO Payments (reservation_id, in_date, value) VALUES (23,'2020-04-06 00:17:00',584)
INSERT INTO Payments (reservation_id, in_date, value) VALUES (23,'2020-04-19 09:11:00',387.77)
INSERT INTO Payments (reservation_id, in_date, value) VALUES (24,'2021-06-09 00:23:00',3922)
INSERT INTO Payments (reservation_id, in_date, value) VALUES (24,'2021-06-09 02:58:00',3863.82)
INSERT INTO Payments (reservation_id, in_date, value) VALUES (25,'2021-01-10 05:12:00',8982)
INSERT INTO Payments (reservation_id, in_date, value) VALUES (25,'2021-01-05 10:46:00',11013.52)
INSERT INTO Payments (reservation_id, in_date, value) VALUES (26,'2020-06-20 17:32:00',17120.92)
INSERT INTO Payments (reservation_id, in_date, value) VALUES (27,'2020-12-20 14:36:00',700)
INSERT INTO Payments (reservation_id, in_date, value) VALUES (27,'2020-12-21 01:38:00',376)
INSERT INTO Payments (reservation_id, in_date, value) VALUES (27,'2020-12-22 17:53:00',420.38)
INSERT INTO Payments (reservation_id, in_date, value) VALUES (28,'2021-09-18 14:58:00',4995)
INSERT INTO Payments (reservation_id, in_date, value) VALUES (28,'2021-09-28 04:16:00',8377.16)
INSERT INTO Payments (reservation_id, in_date, value) VALUES (29,'2020-06-23 00:46:00',7417)
INSERT INTO Payments (reservation_id, in_date, value) VALUES (29,'2020-06-21 12:33:00',4147)
INSERT INTO Payments (reservation_id, in_date, value) VALUES (29,'2020-06-24 07:06:00',2328)
INSERT INTO Payments (reservation_id, in_date, value) VALUES (29,'2020-06-22 18:11:00',2439.18)
INSERT INTO Payments (reservation_id, in_date, value) VALUES (30,'2022-02-22 06:52:00',6462)
INSERT INTO Payments (reservation_id, in_date, value) VALUES (30,'2022-02-10 11:26:00',1429)
INSERT INTO Payments (reservation_id, in_date, value) VALUES (30,'2022-02-04 06:23:00',5445)
INSERT INTO Payments (reservation_id, in_date, value) VALUES (30,'2022-02-14 07:09:00',1361.12)
INSERT INTO Payments (reservation_id, in_date, value) VALUES (31,'2020-04-10 01:21:00',4427.43)
INSERT INTO Payments (reservation_id, in_date, value) VALUES (32,'2022-03-30 03:19:00',4311)
INSERT INTO Payments (reservation_id, in_date, value) VALUES (32,'2022-04-13 02:40:00',3954)
INSERT INTO Payments (reservation_id, in_date, value) VALUES (32,'2022-04-09 11:45:00',2596.34)
INSERT INTO Payments (reservation_id, in_date, value) VALUES (33,'2023-05-17 14:24:00',7233)
INSERT INTO Payments (reservation_id, in_date, value) VALUES (33,'2023-05-19 14:22:00',6972)
INSERT INTO Payments (reservation_id, in_date, value) VALUES (33,'2023-05-16 02:30:00',1199.82)
INSERT INTO Payments (reservation_id, in_date, value) VALUES (34,'2021-07-12 07:26:00',900)
INSERT INTO Payments (reservation_id, in_date, value) VALUES (34,'2021-07-11 03:46:00',2.33)
INSERT INTO Payments (reservation_id, in_date, value) VALUES (35,'2023-07-19 18:09:00',15414.41)
INSERT INTO Payments (reservation_id, in_date, value) VALUES (36,'2023-05-28 09:49:00',5561)
INSERT INTO Payments (reservation_id, in_date, value) VALUES (36,'2023-06-03 17:15:00',1449)
INSERT INTO Payments (reservation_id, in_date, value) VALUES (36,'2023-06-05 05:39:00',1045)
INSERT INTO Payments (reservation_id, in_date, value) VALUES (36,'2023-06-06 21:54:00',1439.8)
INSERT INTO Payments (reservation_id, in_date, value) VALUES (37,'2021-02-22 23:14:00',3333)
INSERT INTO Payments (reservation_id, in_date, value) VALUES (37,'2021-02-10 17:50:00',605)
INSERT INTO Payments (reservation_id, in_date, value) VALUES (37,'2021-03-05 00:06:00',2550.18)
INSERT INTO Payments (reservation_id, in_date, value) VALUES (38,'2021-03-06 16:31:00',7981)
INSERT INTO Payments (reservation_id, in_date, value) VALUES (38,'2021-03-06 00:29:00',1406)
INSERT INTO Payments (reservation_id, in_date, value) VALUES (38,'2021-03-09 16:11:00',1548)
INSERT INTO Payments (reservation_id, in_date, value) VALUES (38,'2021-02-27 04:01:00',1365.22)
INSERT INTO Payments (reservation_id, in_date, value) VALUES (39,'2021-05-18 08:34:00',378.26)
INSERT INTO Payments (reservation_id, in_date, value) VALUES (40,'2022-05-05 09:09:00',18728.28)
INSERT INTO Payments (reservation_id, in_date, value) VALUES (41,'2023-02-27 19:07:00',2762)
INSERT INTO Payments (reservation_id, in_date, value) VALUES (41,'2023-02-23 23:04:00',1185.33)
INSERT INTO Payments (reservation_id, in_date, value) VALUES (42,'2022-07-13 17:08:00',3826.96)
INSERT INTO Payments (reservation_id, in_date, value) VALUES (43,'2020-02-29 02:14:00',6178)
INSERT INTO Payments (reservation_id, in_date, value) VALUES (43,'2020-03-06 01:07:00',924)
INSERT INTO Payments (reservation_id, in_date, value) VALUES (43,'2020-03-02 13:07:00',1456.05)
INSERT INTO Payments (reservation_id, in_date, value) VALUES (44,'2020-03-14 15:48:00',2602)
INSERT INTO Payments (reservation_id, in_date, value) VALUES (44,'2020-03-09 15:28:00',3130)
INSERT INTO Payments (reservation_id, in_date, value) VALUES (44,'2020-03-16 00:12:00',1345)
INSERT INTO Payments (reservation_id, in_date, value) VALUES (44,'2020-03-13 03:06:00',1842.01)
INSERT INTO Payments (reservation_id, in_date, value) VALUES (45,'2020-05-30 03:11:00',4270.7)
INSERT INTO Payments (reservation_id, in_date, value) VALUES (46,'2020-05-10 18:57:00',7817)
INSERT INTO Payments (reservation_id, in_date, value) VALUES (46,'2020-05-16 22:42:00',500)
INSERT INTO Payments (reservation_id, in_date, value) VALUES (46,'2020-05-28 08:57:00',675)
INSERT INTO Payments (reservation_id, in_date, value) VALUES (46,'2020-05-29 03:19:00',4336.83)
INSERT INTO Payments (reservation_id, in_date, value) VALUES (47,'2020-04-24 09:38:00',2851)
INSERT INTO Payments (reservation_id, in_date, value) VALUES (47,'2020-04-23 07:14:00',1789)
INSERT INTO Payments (reservation_id, in_date, value) VALUES (47,'2020-04-19 02:59:00',5590)
INSERT INTO Payments (reservation_id, in_date, value) VALUES (47,'2020-04-22 13:07:00',832.51)
INSERT INTO Payments (reservation_id, in_date, value) VALUES (48,'2020-03-17 15:53:00',19928)
INSERT INTO Payments (reservation_id, in_date, value) VALUES (48,'2020-03-11 21:56:00',4107.69)
