SET IDENTITY_INSERT Participants ON
INSERT INTO Participants (participant_id, name, surname, email, phone) VALUES (1,'Franciszek','Labus','szymonikolga@gabinety.com','+48 723 483 015')
INSERT INTO Participants (participant_id, name, surname, email, phone) VALUES (2,'Oskar','Hallmann','wtrzcionka@interia.pl','881 431 751')
INSERT INTO Participants (participant_id, name, surname, email, phone) VALUES (3,'Krystyna','Krężołek','kuciaklidia@fundacja.pl','510 441 570')
INSERT INTO Participants (participant_id, name, surname, email, phone) VALUES (4,'Malwina','Flasza','apolonia62@pyc.pl','+48 735 223 512')
INSERT INTO Participants (participant_id, name, surname, email, phone) VALUES (5,'pani','Inga Sankiewicz','leon18@fpuh.net','501 729 439')
INSERT INTO Participants (participant_id, name, surname, email, phone) VALUES (6,'Tymon','Gierek','brunowyroslak@fpuh.net','603 152 243')
INSERT INTO Participants (participant_id, name, surname, email, phone) VALUES (7,'pani','Ada Dumin','norashubert@onet.pl','533 957 464')
INSERT INTO Participants (participant_id, name, surname, email, phone) VALUES (8,'Ignacy','Borysiuk','bartushubert@gmail.com','732 714 046')
INSERT INTO Participants (participant_id, name, surname, email, phone) VALUES (9,'Olgierd','Kapałka','klaraswiadek@o2.pl','+48 32 726 55 68')
INSERT INTO Participants (participant_id, name, surname, email, phone) VALUES (10,'Dawid','Filas','koskapiotr@gmail.com','532 921 657')
INSERT INTO Participants (participant_id, name, surname, email, phone) VALUES (11,'Franciszek','Buszta','aleksander94@gmail.com','531 392 768')
INSERT INTO Participants (participant_id, name, surname, email, phone) VALUES (12,'Marek','Łuksza','eryk55@hotmail.com','22 642 47 37')
INSERT INTO Participants (participant_id, name, surname, email, phone) VALUES (13,'pani','Krystyna Sałuda','hermanntymon@hotmail.com','+48 664 979 825')
INSERT INTO Participants (participant_id, name, surname, email, phone) VALUES (14,'Nataniel','Buk','idakorniak@interia.pl','570 093 755')
INSERT INTO Participants (participant_id, name, surname, email, phone) VALUES (15,'Paweł','Freitag','mbialach@fundacja.org','+48 720 268 723')
INSERT INTO Participants (participant_id, name, surname, email, phone) VALUES (16,'Nataniel','Hyży','spietrusiewicz@fpuh.org','500 840 854')
INSERT INTO Participants (participant_id, name, surname, email, phone) VALUES (17,'Ignacy','Labocha','maciukrobert@yahoo.com','787 597 478')
INSERT INTO Participants (participant_id, name, surname, email, phone) VALUES (18,'Artur','Soczewka','lidiaputo@o2.pl','784 466 922')
INSERT INTO Participants (participant_id, name, surname, email, phone) VALUES (19,'Grzegorz','Szałaj','bartek32@spoldzielnia.pl','725 273 907')
INSERT INTO Participants (participant_id, name, surname, email, phone) VALUES (20,'Hubert','Gustaw','marcelina56@spoldzielnia.com','+48 22 648 37 93')
INSERT INTO Participants (participant_id, name, surname, email, phone) VALUES (21,'Damian','Dankiewicz','juliuszbieszke@zymelka.com','+48 22 776 83 87')
INSERT INTO Participants (participant_id, name, surname, email, phone) VALUES (22,'Gustaw','Płocharczyk','kuziorolga@yahoo.com','665 014 585')
INSERT INTO Participants (participant_id, name, surname, email, phone) VALUES (23,'Stefan','Grzela','pkazberuk@ppuh.pl','+48 22 032 95 96')
INSERT INTO Participants (participant_id, name, surname, email, phone) VALUES (24,'pan','Aleks Majak','pbrodka@ppuh.pl','+48 575 526 516')
INSERT INTO Participants (participant_id, name, surname, email, phone) VALUES (25,'Justyna','Szkoła','nikodem01@onet.pl','781 852 287')
INSERT INTO Participants (participant_id, name, surname, email, phone) VALUES (26,'Witold','Skowyra','krystyna50@wyroba.net','+48 790 140 112')
INSERT INTO Participants (participant_id, name, surname, email, phone) VALUES (27,'Gustaw','Rohde','kozlaknorbert@interia.pl','+48 32 080 50 68')
INSERT INTO Participants (participant_id, name, surname, email, phone) VALUES (28,'Dawid','Posmyk','pacygaalex@o2.pl','518 441 963')
INSERT INTO Participants (participant_id, name, surname, email, phone) VALUES (29,'pan','Ryszard Fura','tymon99@grupa.org','+48 798 311 304')
INSERT INTO Participants (participant_id, name, surname, email, phone) VALUES (30,'pan','Konstanty Bodzak','olkostanislaw@yahoo.com','32 908 47 08')
SET IDENTITY_INSERT Participants OFF
SET IDENTITY_INSERT Clients ON
INSERT INTO CLIENTS (id,zip_code, city, address) VALUES (1,'28-324','Ciechanów','ulica Czereśniowa 35')
SET IDENTITY_INSERT Clients OFF
SET IDENTITY_INSERT Participants ON
INSERT INTO Participants (participant_id,clients_id, name, surname, email, phone) VALUES (31,1,'pani','Adrianna Gołas','ignacy07@interia.pl','531 603 077')
SET IDENTITY_INSERT Participants OFF
SET IDENTITY_INSERT Clients ON
INSERT INTO CLIENTS (id,zip_code, city, address) VALUES (2,'68-713','Słupsk','ul. Nadrzeczna 080')
INSERT INTO COMPANIES (companyName, nip, phone, clients_id, email) VALUES ('Plizga-Fal i syn s.c.','9323673183','+48 724 046 062',2,'marcin66@yahoo.com')
INSERT INTO CLIENTS (id,zip_code, city, address) VALUES (3,'81-651','Gorzów Wielkopolski','aleja Łąkowa 01/68')
SET IDENTITY_INSERT Clients OFF
SET IDENTITY_INSERT Participants ON
INSERT INTO Participants (participant_id,clients_id, name, surname, email, phone) VALUES (32,3,'Aleks','Zieniewicz','mwypior@gmail.com','539 243 249')
SET IDENTITY_INSERT Participants OFF
SET IDENTITY_INSERT Clients ON
INSERT INTO CLIENTS (id,zip_code, city, address) VALUES (4,'65-702','Katowice','pl. Szymanowskiego 34/72')
SET IDENTITY_INSERT Clients OFF
SET IDENTITY_INSERT Participants ON
INSERT INTO Participants (participant_id,clients_id, name, surname, email, phone) VALUES (33,4,'pani','Apolonia Nawój','adrian36@o2.pl','+48 663 409 499')
SET IDENTITY_INSERT Participants OFF
SET IDENTITY_INSERT Clients ON
INSERT INTO CLIENTS (id,zip_code, city, address) VALUES (5,'38-187','Szczytno','aleja Baczynskiego 72')
INSERT INTO COMPANIES (companyName, nip, phone, clients_id, email) VALUES ('Stowarzyszenie Kut s.c.','5256760690','720 301 282',5,'rozakosiec@gmail.com')
INSERT INTO CLIENTS (id,zip_code, city, address) VALUES (6,'82-954','Augustów','al. Moniuszki 139')
SET IDENTITY_INSERT Clients OFF
SET IDENTITY_INSERT Participants ON
INSERT INTO Participants (participant_id,clients_id, name, surname, email, phone) VALUES (34,6,'Ksawery','Mzyk','okulisz@interia.pl','571 865 155')
SET IDENTITY_INSERT Participants OFF
SET IDENTITY_INSERT Clients ON
INSERT INTO CLIENTS (id,zip_code, city, address) VALUES (7,'49-239','Bielawa','plac Rolnicza 212')
SET IDENTITY_INSERT Clients OFF
SET IDENTITY_INSERT Participants ON
INSERT INTO Participants (participant_id,clients_id, name, surname, email, phone) VALUES (35,7,'pani','Marianna Knych','rafallusiak@onet.pl','780 114 271')
SET IDENTITY_INSERT Participants OFF
SET IDENTITY_INSERT Clients ON
INSERT INTO CLIENTS (id,zip_code, city, address) VALUES (8,'93-588','Ostrów Wielkopolski','al. Wrocławska 20/45')
SET IDENTITY_INSERT Clients OFF
SET IDENTITY_INSERT Participants ON
INSERT INTO Participants (participant_id,clients_id, name, surname, email, phone) VALUES (36,8,'Kaja','Grab','pokrzywakajetan@spoldzielnia.pl','+48 512 416 102')
SET IDENTITY_INSERT Participants OFF
SET IDENTITY_INSERT Clients ON
INSERT INTO CLIENTS (id,zip_code, city, address) VALUES (9,'33-948','Gdańsk','ulica Sienkiewicza 85/23')
SET IDENTITY_INSERT Clients OFF
SET IDENTITY_INSERT Participants ON
INSERT INTO Participants (participant_id,clients_id, name, surname, email, phone) VALUES (37,9,'Ignacy','Brzykcy','mariusz58@spoldzielnia.net','+48 532 107 803')
SET IDENTITY_INSERT Participants OFF
SET IDENTITY_INSERT Clients ON
INSERT INTO CLIENTS (id,zip_code, city, address) VALUES (10,'82-159','Zgierz','ulica Stycznia 21/85')
SET IDENTITY_INSERT Clients OFF
SET IDENTITY_INSERT Participants ON
INSERT INTO Participants (participant_id,clients_id, name, surname, email, phone) VALUES (38,10,'Albert','Petryk','alex84@o2.pl','32 657 74 45')
SET IDENTITY_INSERT Participants OFF
SET IDENTITY_INSERT Clients ON
SET IDENTITY_INSERT Clients OFF

SET IDENTITY_INSERT  Conferences ON
INSERT INTO Conferences (Conference_id, name) VALUES (1,'orchestrate wireless convergence')
SET IDENTITY_INSERT  Conferences OFF
SET IDENTITY_INSERT Conference_days ON
INSERT INTO Conference_days (conference_day_id, conference_id, date, standard_price, student_discount) VALUES (1,1,'2022-06-24',412.2,0.43)
INSERT INTO Early_signup_discounts (conference_day_id, end_date, discount) VALUES (1,'2018-12-28','0.31')
SET IDENTITY_INSERT Conference_days OFF
SET IDENTITY_INSERT  Workshops ON
INSERT INTO Workshops (workshop_id, conference_day_id, start_time, end_time, topic, price, number_of_seats) VALUES (1,1,'2022-06-24 13:22:00','2022-06-24 19:43:00','transition killer models','970.17','42')
SET IDENTITY_INSERT  Workshops OFF
SET IDENTITY_INSERT  Workshop_reservations ON
INSERT INTO Workshop_reservations (reservation_id, workshop_id, reservation_date, due_price, nr_of_seats) VALUES (1,1,2022-05-25,'2022-05-29',21)
INSERT INTO Workshop_registration (reservation_id, Participant_id) VALUES (1,27)
INSERT INTO Workshop_registration (reservation_id, Participant_id) VALUES (1,12)
INSERT INTO Workshop_registration (reservation_id, Participant_id) VALUES (1,16)
INSERT INTO Workshop_registration (reservation_id, Participant_id) VALUES (1,10)
INSERT INTO Workshop_registration (reservation_id, Participant_id) VALUES (1,15)
INSERT INTO Workshop_registration (reservation_id, Participant_id) VALUES (1,32)
INSERT INTO Workshop_registration (reservation_id, Participant_id) VALUES (1,7)
INSERT INTO Workshop_registration (reservation_id, Participant_id) VALUES (1,33)
INSERT INTO Workshop_registration (reservation_id, Participant_id) VALUES (1,8)
INSERT INTO Workshop_registration (reservation_id, Participant_id) VALUES (1,3)
INSERT INTO Workshop_registration (reservation_id, Participant_id) VALUES (1,25)
INSERT INTO Workshop_registration (reservation_id, Participant_id) VALUES (1,11)
INSERT INTO Workshop_registration (reservation_id, Participant_id) VALUES (1,24)
INSERT INTO Workshop_registration (reservation_id, Participant_id) VALUES (1,17)
INSERT INTO Workshop_registration (reservation_id, Participant_id) VALUES (1,1)
INSERT INTO Workshop_registration (reservation_id, Participant_id) VALUES (1,20)
INSERT INTO Workshop_registration (reservation_id, Participant_id) VALUES (1,30)
INSERT INTO Workshop_registration (reservation_id, Participant_id) VALUES (1,14)
INSERT INTO Workshop_registration (reservation_id, Participant_id) VALUES (1,34)
INSERT INTO Workshop_registration (reservation_id, Participant_id) VALUES (1,29)
INSERT INTO Workshop_registration (reservation_id, Participant_id) VALUES (1,23)
INSERT INTO Workshop_reservations (reservation_id, workshop_id, reservation_date, due_price, nr_of_seats) VALUES (2,1,2022-01-27,'2022-02-13',34)
INSERT INTO Workshop_registration (reservation_id, Participant_id) VALUES (2,37)
INSERT INTO Workshop_registration (reservation_id, Participant_id) VALUES (2,27)
INSERT INTO Workshop_registration (reservation_id, Participant_id) VALUES (2,35)
INSERT INTO Workshop_registration (reservation_id, Participant_id) VALUES (2,14)
INSERT INTO Workshop_registration (reservation_id, Participant_id) VALUES (2,36)
INSERT INTO Workshop_registration (reservation_id, Participant_id) VALUES (2,31)
INSERT INTO Workshop_registration (reservation_id, Participant_id) VALUES (2,9)
INSERT INTO Workshop_registration (reservation_id, Participant_id) VALUES (2,8)
INSERT INTO Workshop_registration (reservation_id, Participant_id) VALUES (2,20)
INSERT INTO Workshop_registration (reservation_id, Participant_id) VALUES (2,21)
INSERT INTO Workshop_registration (reservation_id, Participant_id) VALUES (2,33)
INSERT INTO Workshop_registration (reservation_id, Participant_id) VALUES (2,29)
INSERT INTO Workshop_registration (reservation_id, Participant_id) VALUES (2,6)
INSERT INTO Workshop_registration (reservation_id, Participant_id) VALUES (2,13)
INSERT INTO Workshop_registration (reservation_id, Participant_id) VALUES (2,23)
INSERT INTO Workshop_registration (reservation_id, Participant_id) VALUES (2,5)
INSERT INTO Workshop_registration (reservation_id, Participant_id) VALUES (2,11)
INSERT INTO Workshop_registration (reservation_id, Participant_id) VALUES (2,10)
INSERT INTO Workshop_registration (reservation_id, Participant_id) VALUES (2,12)
INSERT INTO Workshop_registration (reservation_id, Participant_id) VALUES (2,34)
INSERT INTO Workshop_registration (reservation_id, Participant_id) VALUES (2,18)
INSERT INTO Workshop_registration (reservation_id, Participant_id) VALUES (2,24)
INSERT INTO Workshop_registration (reservation_id, Participant_id) VALUES (2,15)
INSERT INTO Workshop_registration (reservation_id, Participant_id) VALUES (2,32)
INSERT INTO Workshop_registration (reservation_id, Participant_id) VALUES (2,28)
INSERT INTO Workshop_registration (reservation_id, Participant_id) VALUES (2,30)
INSERT INTO Workshop_registration (reservation_id, Participant_id) VALUES (2,25)
INSERT INTO Workshop_registration (reservation_id, Participant_id) VALUES (2,3)
INSERT INTO Workshop_registration (reservation_id, Participant_id) VALUES (2,7)
INSERT INTO Workshop_registration (reservation_id, Participant_id) VALUES (2,16)
INSERT INTO Workshop_registration (reservation_id, Participant_id) VALUES (2,4)
INSERT INTO Workshop_registration (reservation_id, Participant_id) VALUES (2,1)
INSERT INTO Workshop_registration (reservation_id, Participant_id) VALUES (2,19)
INSERT INTO Workshop_registration (reservation_id, Participant_id) VALUES (2,22)
SET IDENTITY_INSERT  Workshop_reservations OFF
SET IDENTITY_INSERT  Workshops ON
INSERT INTO Workshops (workshop_id, conference_day_id, start_time, end_time, topic, price, number_of_seats) VALUES (2,1,'2022-06-24 01:12:00','2022-06-24 13:36:00','incentivize wireless paradigms','659.38','10')
SET IDENTITY_INSERT  Workshops OFF
SET IDENTITY_INSERT  Workshop_reservations ON
INSERT INTO Workshop_reservations (reservation_id, workshop_id, reservation_date, due_price, nr_of_seats) VALUES (3,2,2021-09-24,'2021-10-02',32)
INSERT INTO Workshop_registration (reservation_id, Participant_id) VALUES (3,33)
INSERT INTO Workshop_registration (reservation_id, Participant_id) VALUES (3,21)
INSERT INTO Workshop_registration (reservation_id, Participant_id) VALUES (3,34)
INSERT INTO Workshop_registration (reservation_id, Participant_id) VALUES (3,31)
INSERT INTO Workshop_registration (reservation_id, Participant_id) VALUES (3,23)
INSERT INTO Workshop_registration (reservation_id, Participant_id) VALUES (3,12)
INSERT INTO Workshop_registration (reservation_id, Participant_id) VALUES (3,8)
INSERT INTO Workshop_registration (reservation_id, Participant_id) VALUES (3,17)
INSERT INTO Workshop_registration (reservation_id, Participant_id) VALUES (3,1)
INSERT INTO Workshop_registration (reservation_id, Participant_id) VALUES (3,36)
INSERT INTO Workshop_registration (reservation_id, Participant_id) VALUES (3,18)
INSERT INTO Workshop_registration (reservation_id, Participant_id) VALUES (3,28)
INSERT INTO Workshop_registration (reservation_id, Participant_id) VALUES (3,14)
INSERT INTO Workshop_registration (reservation_id, Participant_id) VALUES (3,13)
INSERT INTO Workshop_registration (reservation_id, Participant_id) VALUES (3,10)
INSERT INTO Workshop_registration (reservation_id, Participant_id) VALUES (3,25)
INSERT INTO Workshop_registration (reservation_id, Participant_id) VALUES (3,9)
INSERT INTO Workshop_registration (reservation_id, Participant_id) VALUES (3,4)
INSERT INTO Workshop_registration (reservation_id, Participant_id) VALUES (3,38)
INSERT INTO Workshop_registration (reservation_id, Participant_id) VALUES (3,2)
INSERT INTO Workshop_registration (reservation_id, Participant_id) VALUES (3,11)
INSERT INTO Workshop_registration (reservation_id, Participant_id) VALUES (3,27)
INSERT INTO Workshop_registration (reservation_id, Participant_id) VALUES (3,7)
INSERT INTO Workshop_registration (reservation_id, Participant_id) VALUES (3,16)
INSERT INTO Workshop_registration (reservation_id, Participant_id) VALUES (3,19)
INSERT INTO Workshop_registration (reservation_id, Participant_id) VALUES (3,26)
INSERT INTO Workshop_registration (reservation_id, Participant_id) VALUES (3,5)
INSERT INTO Workshop_registration (reservation_id, Participant_id) VALUES (3,6)
INSERT INTO Workshop_registration (reservation_id, Participant_id) VALUES (3,29)
INSERT INTO Workshop_registration (reservation_id, Participant_id) VALUES (3,20)
INSERT INTO Workshop_registration (reservation_id, Participant_id) VALUES (3,32)
INSERT INTO Workshop_registration (reservation_id, Participant_id) VALUES (3,15)
INSERT INTO Workshop_reservations (reservation_id, workshop_id, reservation_date, due_price, nr_of_seats) VALUES (4,2,2020-07-27,'2021-10-08',24)
INSERT INTO Workshop_registration (reservation_id, Participant_id) VALUES (4,38)
INSERT INTO Workshop_registration (reservation_id, Participant_id) VALUES (4,3)
INSERT INTO Workshop_registration (reservation_id, Participant_id) VALUES (4,13)
INSERT INTO Workshop_registration (reservation_id, Participant_id) VALUES (4,22)
INSERT INTO Workshop_registration (reservation_id, Participant_id) VALUES (4,23)
INSERT INTO Workshop_registration (reservation_id, Participant_id) VALUES (4,15)
INSERT INTO Workshop_registration (reservation_id, Participant_id) VALUES (4,37)
INSERT INTO Workshop_registration (reservation_id, Participant_id) VALUES (4,31)
INSERT INTO Workshop_registration (reservation_id, Participant_id) VALUES (4,35)
INSERT INTO Workshop_registration (reservation_id, Participant_id) VALUES (4,21)
INSERT INTO Workshop_registration (reservation_id, Participant_id) VALUES (4,20)
INSERT INTO Workshop_registration (reservation_id, Participant_id) VALUES (4,24)
INSERT INTO Workshop_registration (reservation_id, Participant_id) VALUES (4,26)
INSERT INTO Workshop_registration (reservation_id, Participant_id) VALUES (4,12)
INSERT INTO Workshop_registration (reservation_id, Participant_id) VALUES (4,33)
INSERT INTO Workshop_registration (reservation_id, Participant_id) VALUES (4,2)
INSERT INTO Workshop_registration (reservation_id, Participant_id) VALUES (4,32)
INSERT INTO Workshop_registration (reservation_id, Participant_id) VALUES (4,17)
INSERT INTO Workshop_registration (reservation_id, Participant_id) VALUES (4,18)
INSERT INTO Workshop_registration (reservation_id, Participant_id) VALUES (4,27)
INSERT INTO Workshop_registration (reservation_id, Participant_id) VALUES (4,29)
INSERT INTO Workshop_registration (reservation_id, Participant_id) VALUES (4,9)
INSERT INTO Workshop_registration (reservation_id, Participant_id) VALUES (4,5)
INSERT INTO Workshop_registration (reservation_id, Participant_id) VALUES (4,30)
INSERT INTO Workshop_reservations (reservation_id, workshop_id, reservation_date, due_price, nr_of_seats) VALUES (5,2,2021-07-30,'2022-04-29',0)
INSERT INTO Workshop_reservations (reservation_id, workshop_id, reservation_date, due_price, nr_of_seats) VALUES (6,2,2020-08-12,'2022-04-29',15)
INSERT INTO Workshop_registration (reservation_id, Participant_id) VALUES (6,13)
INSERT INTO Workshop_registration (reservation_id, Participant_id) VALUES (6,34)
INSERT INTO Workshop_registration (reservation_id, Participant_id) VALUES (6,31)
INSERT INTO Workshop_registration (reservation_id, Participant_id) VALUES (6,6)
INSERT INTO Workshop_registration (reservation_id, Participant_id) VALUES (6,5)
INSERT INTO Workshop_registration (reservation_id, Participant_id) VALUES (6,14)
INSERT INTO Workshop_registration (reservation_id, Participant_id) VALUES (6,35)
INSERT INTO Workshop_registration (reservation_id, Participant_id) VALUES (6,11)
INSERT INTO Workshop_registration (reservation_id, Participant_id) VALUES (6,9)
INSERT INTO Workshop_registration (reservation_id, Participant_id) VALUES (6,3)
INSERT INTO Workshop_registration (reservation_id, Participant_id) VALUES (6,8)
INSERT INTO Workshop_registration (reservation_id, Participant_id) VALUES (6,7)
INSERT INTO Workshop_registration (reservation_id, Participant_id) VALUES (6,17)
INSERT INTO Workshop_registration (reservation_id, Participant_id) VALUES (6,30)
INSERT INTO Workshop_registration (reservation_id, Participant_id) VALUES (6,26)
INSERT INTO Workshop_reservations (reservation_id, workshop_id, reservation_date, due_price, nr_of_seats) VALUES (7,2,2020-10-16,'2020-12-09',2)
INSERT INTO Workshop_registration (reservation_id, Participant_id) VALUES (7,20)
INSERT INTO Workshop_registration (reservation_id, Participant_id) VALUES (7,5)
SET IDENTITY_INSERT  Workshop_reservations OFF
SET IDENTITY_INSERT  Workshops ON
INSERT INTO Workshops (workshop_id, conference_day_id, start_time, end_time, topic, price, number_of_seats) VALUES (3,1,'2022-06-24 09:52:00','2022-06-24 19:50:00','engage real-time experiences','218.3','57')
SET IDENTITY_INSERT  Workshops OFF
SET IDENTITY_INSERT  Workshop_reservations ON
INSERT INTO Workshop_reservations (reservation_id, workshop_id, reservation_date, due_price, nr_of_seats) VALUES (8,3,2021-09-30,'2022-02-27',7)
INSERT INTO Workshop_registration (reservation_id, Participant_id) VALUES (8,8)
INSERT INTO Workshop_registration (reservation_id, Participant_id) VALUES (8,1)
INSERT INTO Workshop_registration (reservation_id, Participant_id) VALUES (8,35)
INSERT INTO Workshop_registration (reservation_id, Participant_id) VALUES (8,18)
INSERT INTO Workshop_registration (reservation_id, Participant_id) VALUES (8,27)
INSERT INTO Workshop_registration (reservation_id, Participant_id) VALUES (8,28)
INSERT INTO Workshop_registration (reservation_id, Participant_id) VALUES (8,15)
INSERT INTO Workshop_reservations (reservation_id, workshop_id, reservation_date, due_price, nr_of_seats) VALUES (9,3,2020-09-08,'2020-12-21',14)
INSERT INTO Workshop_registration (reservation_id, Participant_id) VALUES (9,6)
INSERT INTO Workshop_registration (reservation_id, Participant_id) VALUES (9,22)
INSERT INTO Workshop_registration (reservation_id, Participant_id) VALUES (9,23)
INSERT INTO Workshop_registration (reservation_id, Participant_id) VALUES (9,27)
INSERT INTO Workshop_registration (reservation_id, Participant_id) VALUES (9,24)
INSERT INTO Workshop_registration (reservation_id, Participant_id) VALUES (9,14)
INSERT INTO Workshop_registration (reservation_id, Participant_id) VALUES (9,13)
INSERT INTO Workshop_registration (reservation_id, Participant_id) VALUES (9,12)
INSERT INTO Workshop_registration (reservation_id, Participant_id) VALUES (9,32)
INSERT INTO Workshop_registration (reservation_id, Participant_id) VALUES (9,34)
INSERT INTO Workshop_registration (reservation_id, Participant_id) VALUES (9,8)
INSERT INTO Workshop_registration (reservation_id, Participant_id) VALUES (9,31)
INSERT INTO Workshop_registration (reservation_id, Participant_id) VALUES (9,17)
INSERT INTO Workshop_registration (reservation_id, Participant_id) VALUES (9,2)
SET IDENTITY_INSERT  Workshop_reservations OFF
SET IDENTITY_INSERT  Workshops ON
INSERT INTO Workshops (workshop_id, conference_day_id, start_time, end_time, topic, price, number_of_seats) VALUES (4,1,'2022-06-24 19:01:00','2022-06-24 19:16:00','harness leading-edge portals','442.13','65')
SET IDENTITY_INSERT  Workshops OFF
SET IDENTITY_INSERT  Workshop_reservations ON
INSERT INTO Workshop_reservations (reservation_id, workshop_id, reservation_date, due_price, nr_of_seats) VALUES (10,4,2020-02-20,'2021-02-19',13)
INSERT INTO Workshop_registration (reservation_id, Participant_id) VALUES (10,7)
INSERT INTO Workshop_registration (reservation_id, Participant_id) VALUES (10,16)
INSERT INTO Workshop_registration (reservation_id, Participant_id) VALUES (10,24)
INSERT INTO Workshop_registration (reservation_id, Participant_id) VALUES (10,3)
INSERT INTO Workshop_registration (reservation_id, Participant_id) VALUES (10,23)
INSERT INTO Workshop_registration (reservation_id, Participant_id) VALUES (10,38)
INSERT INTO Workshop_registration (reservation_id, Participant_id) VALUES (10,2)
INSERT INTO Workshop_registration (reservation_id, Participant_id) VALUES (10,30)
INSERT INTO Workshop_registration (reservation_id, Participant_id) VALUES (10,32)
INSERT INTO Workshop_registration (reservation_id, Participant_id) VALUES (10,36)
INSERT INTO Workshop_registration (reservation_id, Participant_id) VALUES (10,37)
INSERT INTO Workshop_registration (reservation_id, Participant_id) VALUES (10,22)
INSERT INTO Workshop_registration (reservation_id, Participant_id) VALUES (10,12)
SET IDENTITY_INSERT  Workshop_reservations OFF
SET IDENTITY_INSERT  Workshops ON
INSERT INTO Workshops (workshop_id, conference_day_id, start_time, end_time, topic, price, number_of_seats) VALUES (5,1,'2022-06-24 12:12:00','2022-06-24 19:45:00','visualize scalable systems','452.26','48')
SET IDENTITY_INSERT  Workshops OFF
SET IDENTITY_INSERT  Workshop_reservations ON
INSERT INTO Workshop_reservations (reservation_id, workshop_id, reservation_date, due_price, nr_of_seats) VALUES (11,5,2022-01-17,'2022-03-15',32)
INSERT INTO Workshop_registration (reservation_id, Participant_id) VALUES (11,32)
INSERT INTO Workshop_registration (reservation_id, Participant_id) VALUES (11,38)
INSERT INTO Workshop_registration (reservation_id, Participant_id) VALUES (11,7)
INSERT INTO Workshop_registration (reservation_id, Participant_id) VALUES (11,10)
INSERT INTO Workshop_registration (reservation_id, Participant_id) VALUES (11,27)
INSERT INTO Workshop_registration (reservation_id, Participant_id) VALUES (11,6)
INSERT INTO Workshop_registration (reservation_id, Participant_id) VALUES (11,13)
INSERT INTO Workshop_registration (reservation_id, Participant_id) VALUES (11,24)
INSERT INTO Workshop_registration (reservation_id, Participant_id) VALUES (11,28)
INSERT INTO Workshop_registration (reservation_id, Participant_id) VALUES (11,8)
INSERT INTO Workshop_registration (reservation_id, Participant_id) VALUES (11,35)
INSERT INTO Workshop_registration (reservation_id, Participant_id) VALUES (11,15)
INSERT INTO Workshop_registration (reservation_id, Participant_id) VALUES (11,33)
INSERT INTO Workshop_registration (reservation_id, Participant_id) VALUES (11,29)
INSERT INTO Workshop_registration (reservation_id, Participant_id) VALUES (11,9)
INSERT INTO Workshop_registration (reservation_id, Participant_id) VALUES (11,19)
INSERT INTO Workshop_registration (reservation_id, Participant_id) VALUES (11,2)
INSERT INTO Workshop_registration (reservation_id, Participant_id) VALUES (11,18)
INSERT INTO Workshop_registration (reservation_id, Participant_id) VALUES (11,22)
INSERT INTO Workshop_registration (reservation_id, Participant_id) VALUES (11,11)
INSERT INTO Workshop_registration (reservation_id, Participant_id) VALUES (11,3)
INSERT INTO Workshop_registration (reservation_id, Participant_id) VALUES (11,5)
INSERT INTO Workshop_registration (reservation_id, Participant_id) VALUES (11,34)
INSERT INTO Workshop_registration (reservation_id, Participant_id) VALUES (11,21)
INSERT INTO Workshop_registration (reservation_id, Participant_id) VALUES (11,20)
INSERT INTO Workshop_registration (reservation_id, Participant_id) VALUES (11,25)
INSERT INTO Workshop_registration (reservation_id, Participant_id) VALUES (11,14)
INSERT INTO Workshop_registration (reservation_id, Participant_id) VALUES (11,4)
INSERT INTO Workshop_registration (reservation_id, Participant_id) VALUES (11,26)
INSERT INTO Workshop_registration (reservation_id, Participant_id) VALUES (11,37)
INSERT INTO Workshop_registration (reservation_id, Participant_id) VALUES (11,12)
INSERT INTO Workshop_registration (reservation_id, Participant_id) VALUES (11,1)
SET IDENTITY_INSERT  Workshop_reservations OFF
SET IDENTITY_INSERT  Conference_day_reservations ON
INSERT INTO Conference_day_reservations (reservation_id, conference_day_id, clients_id, reservation_date, active, due_price, adult_seats, student_seats) VALUES (1,1,3,'2020-08-03','1','2022-01-10','17','4')
INSERT INTO Payments (reservation_id, in_date, value) VALUES (1,'2021-02-20',160.5)
INSERT INTO Payments (reservation_id, in_date, value) VALUES (1,'2021-03-11',171.0)
INSERT INTO Payments (reservation_id, in_date, value) VALUES (1,'2021-08-21',94.0)
INSERT INTO Conference_day_registration (reservation_id, Participant_id, is_student) VALUES (1,15,0)
INSERT INTO Conference_day_registration (reservation_id, Participant_id, is_student) VALUES (1,22,0)
INSERT INTO Conference_day_registration (reservation_id, Participant_id, is_student) VALUES (1,19,0)
INSERT INTO Conference_day_registration (reservation_id, Participant_id, is_student) VALUES (1,11,0)
INSERT INTO Conference_day_registration (reservation_id, Participant_id, is_student) VALUES (1,14,0)
INSERT INTO Conference_day_registration (reservation_id, Participant_id, is_student) VALUES (1,36,0)
INSERT INTO Conference_day_registration (reservation_id, Participant_id, is_student) VALUES (1,6,0)
INSERT INTO Conference_day_registration (reservation_id, Participant_id, is_student) VALUES (1,9,0)
INSERT INTO Conference_day_registration (reservation_id, Participant_id, is_student) VALUES (1,8,0)
INSERT INTO Conference_day_registration (reservation_id, Participant_id, is_student) VALUES (1,24,0)
INSERT INTO Conference_day_registration (reservation_id, Participant_id, is_student) VALUES (1,34,0)
INSERT INTO Conference_day_registration (reservation_id, Participant_id, is_student) VALUES (1,31,0)
INSERT INTO Conference_day_registration (reservation_id, Participant_id, is_student) VALUES (1,30,0)
INSERT INTO Conference_day_registration (reservation_id, Participant_id, is_student) VALUES (1,28,0)
INSERT INTO Conference_day_registration (reservation_id, Participant_id, is_student) VALUES (1,38,0)
INSERT INTO Conference_day_registration (reservation_id, Participant_id, is_student) VALUES (1,7,0)
INSERT INTO Conference_day_registration (reservation_id, Participant_id, is_student) VALUES (1,2,0)
INSERT INTO Conference_day_registration (reservation_id, Participant_id, is_student) VALUES (1,27,1)
INSERT INTO Conference_day_registration (reservation_id, Participant_id, is_student) VALUES (1,18,1)
INSERT INTO Conference_day_registration (reservation_id, Participant_id, is_student) VALUES (1,13,1)
INSERT INTO Conference_day_registration (reservation_id, Participant_id, is_student) VALUES (1,16,1)
INSERT INTO Conference_day_reservations (reservation_id, conference_day_id, clients_id, reservation_date, active, due_price, adult_seats, student_seats) VALUES (2,1,3,'2021-04-11','0','2021-06-13','7','18')
INSERT INTO Payments (reservation_id, in_date, value) VALUES (2,'2021-05-03',73.11)
INSERT INTO Payments (reservation_id, in_date, value) VALUES (2,'2021-05-23',87.0)
INSERT INTO Payments (reservation_id, in_date, value) VALUES (2,'2021-05-26',114.0)
INSERT INTO Payments (reservation_id, in_date, value) VALUES (2,'2021-06-01',150.0)
INSERT INTO Conference_day_registration (reservation_id, Participant_id, is_student) VALUES (2,29,0)
INSERT INTO Conference_day_registration (reservation_id, Participant_id, is_student) VALUES (2,7,0)
INSERT INTO Conference_day_registration (reservation_id, Participant_id, is_student) VALUES (2,35,0)
INSERT INTO Conference_day_registration (reservation_id, Participant_id, is_student) VALUES (2,3,0)
INSERT INTO Conference_day_registration (reservation_id, Participant_id, is_student) VALUES (2,25,0)
INSERT INTO Conference_day_registration (reservation_id, Participant_id, is_student) VALUES (2,15,0)
INSERT INTO Conference_day_registration (reservation_id, Participant_id, is_student) VALUES (2,12,0)
INSERT INTO Conference_day_registration (reservation_id, Participant_id, is_student) VALUES (2,2,1)
INSERT INTO Conference_day_registration (reservation_id, Participant_id, is_student) VALUES (2,32,1)
INSERT INTO Conference_day_registration (reservation_id, Participant_id, is_student) VALUES (2,34,1)
INSERT INTO Conference_day_registration (reservation_id, Participant_id, is_student) VALUES (2,8,1)
INSERT INTO Conference_day_registration (reservation_id, Participant_id, is_student) VALUES (2,36,1)
INSERT INTO Conference_day_registration (reservation_id, Participant_id, is_student) VALUES (2,38,1)
INSERT INTO Conference_day_registration (reservation_id, Participant_id, is_student) VALUES (2,28,1)
INSERT INTO Conference_day_registration (reservation_id, Participant_id, is_student) VALUES (2,23,1)
INSERT INTO Conference_day_registration (reservation_id, Participant_id, is_student) VALUES (2,31,1)
INSERT INTO Conference_day_registration (reservation_id, Participant_id, is_student) VALUES (2,33,1)
INSERT INTO Conference_day_registration (reservation_id, Participant_id, is_student) VALUES (2,14,1)
INSERT INTO Conference_day_registration (reservation_id, Participant_id, is_student) VALUES (2,16,1)
INSERT INTO Conference_day_registration (reservation_id, Participant_id, is_student) VALUES (2,18,1)
INSERT INTO Conference_day_registration (reservation_id, Participant_id, is_student) VALUES (2,27,1)
INSERT INTO Conference_day_registration (reservation_id, Participant_id, is_student) VALUES (2,5,1)
INSERT INTO Conference_day_registration (reservation_id, Participant_id, is_student) VALUES (2,11,1)
INSERT INTO Conference_day_registration (reservation_id, Participant_id, is_student) VALUES (2,26,1)
INSERT INTO Conference_day_registration (reservation_id, Participant_id, is_student) VALUES (2,4,1)
SET IDENTITY_INSERT  Conference_day_reservations OFF
SET IDENTITY_INSERT Conference_days ON
INSERT INTO Conference_days (conference_day_id, conference_id, date, standard_price, student_discount) VALUES (2,1,'2022-06-25',417.1,0.19)
INSERT INTO Early_signup_discounts (conference_day_id, end_date, discount) VALUES (2,'2021-05-29','0.48')
INSERT INTO Early_signup_discounts (conference_day_id, end_date, discount) VALUES (2,'2018-06-28','0.33')
INSERT INTO Early_signup_discounts (conference_day_id, end_date, discount) VALUES (2,'2020-05-06','0.3')
INSERT INTO Early_signup_discounts (conference_day_id, end_date, discount) VALUES (2,'2021-09-13','0.25')
INSERT INTO Early_signup_discounts (conference_day_id, end_date, discount) VALUES (2,'2018-10-11','0.41')
INSERT INTO Early_signup_discounts (conference_day_id, end_date, discount) VALUES (2,'2022-03-10','0.12')
SET IDENTITY_INSERT Conference_days OFF
SET IDENTITY_INSERT  Workshops ON
INSERT INTO Workshops (workshop_id, conference_day_id, start_time, end_time, topic, price, number_of_seats) VALUES (6,2,'2022-06-25 07:48:00','2022-06-25 12:51:00','cultivate sticky architectures','656.94','76')
SET IDENTITY_INSERT  Workshops OFF
SET IDENTITY_INSERT  Workshop_reservations ON
INSERT INTO Workshop_reservations (reservation_id, workshop_id, reservation_date, due_price, nr_of_seats) VALUES (12,6,2021-08-21,'2022-05-30',0)
SET IDENTITY_INSERT  Workshop_reservations OFF
SET IDENTITY_INSERT  Workshops ON
INSERT INTO Workshops (workshop_id, conference_day_id, start_time, end_time, topic, price, number_of_seats) VALUES (7,2,'2022-06-25 02:44:00','2022-06-25 17:22:00','drive 24/365 content','982.0','36')
SET IDENTITY_INSERT  Workshops OFF
SET IDENTITY_INSERT  Workshop_reservations ON
INSERT INTO Workshop_reservations (reservation_id, workshop_id, reservation_date, due_price, nr_of_seats) VALUES (13,7,2022-02-09,'2022-02-18',14)
INSERT INTO Workshop_registration (reservation_id, Participant_id) VALUES (13,12)
INSERT INTO Workshop_registration (reservation_id, Participant_id) VALUES (13,10)
INSERT INTO Workshop_registration (reservation_id, Participant_id) VALUES (13,38)
INSERT INTO Workshop_registration (reservation_id, Participant_id) VALUES (13,5)
INSERT INTO Workshop_registration (reservation_id, Participant_id) VALUES (13,36)
INSERT INTO Workshop_registration (reservation_id, Participant_id) VALUES (13,7)
INSERT INTO Workshop_registration (reservation_id, Participant_id) VALUES (13,8)
INSERT INTO Workshop_registration (reservation_id, Participant_id) VALUES (13,21)
INSERT INTO Workshop_registration (reservation_id, Participant_id) VALUES (13,37)
INSERT INTO Workshop_registration (reservation_id, Participant_id) VALUES (13,35)
INSERT INTO Workshop_registration (reservation_id, Participant_id) VALUES (13,30)
INSERT INTO Workshop_registration (reservation_id, Participant_id) VALUES (13,25)
INSERT INTO Workshop_registration (reservation_id, Participant_id) VALUES (13,11)
INSERT INTO Workshop_registration (reservation_id, Participant_id) VALUES (13,24)
INSERT INTO Workshop_reservations (reservation_id, workshop_id, reservation_date, due_price, nr_of_seats) VALUES (14,7,2020-04-04,'2021-07-12',12)
INSERT INTO Workshop_registration (reservation_id, Participant_id) VALUES (14,20)
INSERT INTO Workshop_registration (reservation_id, Participant_id) VALUES (14,22)
INSERT INTO Workshop_registration (reservation_id, Participant_id) VALUES (14,9)
INSERT INTO Workshop_registration (reservation_id, Participant_id) VALUES (14,12)
INSERT INTO Workshop_registration (reservation_id, Participant_id) VALUES (14,5)
INSERT INTO Workshop_registration (reservation_id, Participant_id) VALUES (14,3)
INSERT INTO Workshop_registration (reservation_id, Participant_id) VALUES (14,32)
INSERT INTO Workshop_registration (reservation_id, Participant_id) VALUES (14,23)
INSERT INTO Workshop_registration (reservation_id, Participant_id) VALUES (14,26)
INSERT INTO Workshop_registration (reservation_id, Participant_id) VALUES (14,27)
INSERT INTO Workshop_registration (reservation_id, Participant_id) VALUES (14,38)
INSERT INTO Workshop_registration (reservation_id, Participant_id) VALUES (14,33)
INSERT INTO Workshop_reservations (reservation_id, workshop_id, reservation_date, due_price, nr_of_seats) VALUES (15,7,2020-10-16,'2021-06-14',13)
INSERT INTO Workshop_registration (reservation_id, Participant_id) VALUES (15,33)
INSERT INTO Workshop_registration (reservation_id, Participant_id) VALUES (15,32)
INSERT INTO Workshop_registration (reservation_id, Participant_id) VALUES (15,8)
INSERT INTO Workshop_registration (reservation_id, Participant_id) VALUES (15,16)
INSERT INTO Workshop_registration (reservation_id, Participant_id) VALUES (15,22)
INSERT INTO Workshop_registration (reservation_id, Participant_id) VALUES (15,31)
INSERT INTO Workshop_registration (reservation_id, Participant_id) VALUES (15,3)
INSERT INTO Workshop_registration (reservation_id, Participant_id) VALUES (15,11)
INSERT INTO Workshop_registration (reservation_id, Participant_id) VALUES (15,19)
INSERT INTO Workshop_registration (reservation_id, Participant_id) VALUES (15,29)
INSERT INTO Workshop_registration (reservation_id, Participant_id) VALUES (15,18)
INSERT INTO Workshop_registration (reservation_id, Participant_id) VALUES (15,36)
INSERT INTO Workshop_registration (reservation_id, Participant_id) VALUES (15,38)
INSERT INTO Workshop_reservations (reservation_id, workshop_id, reservation_date, due_price, nr_of_seats) VALUES (16,7,2020-02-07,'2021-01-08',4)
INSERT INTO Workshop_registration (reservation_id, Participant_id) VALUES (16,7)
INSERT INTO Workshop_registration (reservation_id, Participant_id) VALUES (16,15)
INSERT INTO Workshop_registration (reservation_id, Participant_id) VALUES (16,12)
INSERT INTO Workshop_registration (reservation_id, Participant_id) VALUES (16,25)
INSERT INTO Workshop_reservations (reservation_id, workshop_id, reservation_date, due_price, nr_of_seats) VALUES (17,7,2020-07-19,'2021-04-01',38)
INSERT INTO Workshop_registration (reservation_id, Participant_id) VALUES (17,14)
INSERT INTO Workshop_registration (reservation_id, Participant_id) VALUES (17,28)
INSERT INTO Workshop_registration (reservation_id, Participant_id) VALUES (17,38)
INSERT INTO Workshop_registration (reservation_id, Participant_id) VALUES (17,29)
INSERT INTO Workshop_registration (reservation_id, Participant_id) VALUES (17,16)
INSERT INTO Workshop_registration (reservation_id, Participant_id) VALUES (17,3)
INSERT INTO Workshop_registration (reservation_id, Participant_id) VALUES (17,34)
INSERT INTO Workshop_registration (reservation_id, Participant_id) VALUES (17,33)
INSERT INTO Workshop_registration (reservation_id, Participant_id) VALUES (17,6)
INSERT INTO Workshop_registration (reservation_id, Participant_id) VALUES (17,25)
INSERT INTO Workshop_registration (reservation_id, Participant_id) VALUES (17,27)
INSERT INTO Workshop_registration (reservation_id, Participant_id) VALUES (17,31)
INSERT INTO Workshop_registration (reservation_id, Participant_id) VALUES (17,1)
INSERT INTO Workshop_registration (reservation_id, Participant_id) VALUES (17,20)
INSERT INTO Workshop_registration (reservation_id, Participant_id) VALUES (17,30)
INSERT INTO Workshop_registration (reservation_id, Participant_id) VALUES (17,35)
INSERT INTO Workshop_registration (reservation_id, Participant_id) VALUES (17,7)
INSERT INTO Workshop_registration (reservation_id, Participant_id) VALUES (17,21)
INSERT INTO Workshop_registration (reservation_id, Participant_id) VALUES (17,10)
INSERT INTO Workshop_registration (reservation_id, Participant_id) VALUES (17,8)
INSERT INTO Workshop_registration (reservation_id, Participant_id) VALUES (17,32)
INSERT INTO Workshop_registration (reservation_id, Participant_id) VALUES (17,23)
INSERT INTO Workshop_registration (reservation_id, Participant_id) VALUES (17,13)
INSERT INTO Workshop_registration (reservation_id, Participant_id) VALUES (17,5)
INSERT INTO Workshop_registration (reservation_id, Participant_id) VALUES (17,9)
INSERT INTO Workshop_registration (reservation_id, Participant_id) VALUES (17,36)
INSERT INTO Workshop_registration (reservation_id, Participant_id) VALUES (17,18)
INSERT INTO Workshop_registration (reservation_id, Participant_id) VALUES (17,12)
INSERT INTO Workshop_registration (reservation_id, Participant_id) VALUES (17,4)
INSERT INTO Workshop_registration (reservation_id, Participant_id) VALUES (17,19)
INSERT INTO Workshop_registration (reservation_id, Participant_id) VALUES (17,26)
INSERT INTO Workshop_registration (reservation_id, Participant_id) VALUES (17,11)
INSERT INTO Workshop_registration (reservation_id, Participant_id) VALUES (17,15)
INSERT INTO Workshop_registration (reservation_id, Participant_id) VALUES (17,17)
INSERT INTO Workshop_registration (reservation_id, Participant_id) VALUES (17,24)
INSERT INTO Workshop_registration (reservation_id, Participant_id) VALUES (17,37)
INSERT INTO Workshop_registration (reservation_id, Participant_id) VALUES (17,22)
INSERT INTO Workshop_registration (reservation_id, Participant_id) VALUES (17,2)
SET IDENTITY_INSERT  Workshop_reservations OFF
SET IDENTITY_INSERT  Conference_day_reservations ON
INSERT INTO Conference_day_reservations (reservation_id, conference_day_id, clients_id, reservation_date, active, due_price, adult_seats, student_seats) VALUES (3,2,3,'2020-06-13','0','2021-02-28','10','6')
INSERT INTO Payments (reservation_id, in_date, value) VALUES (3,'2021-02-09',427.502)
INSERT INTO Conference_day_registration (reservation_id, Participant_id, is_student) VALUES (3,1,0)
INSERT INTO Conference_day_registration (reservation_id, Participant_id, is_student) VALUES (3,11,0)
INSERT INTO Conference_day_registration (reservation_id, Participant_id, is_student) VALUES (3,18,0)
INSERT INTO Conference_day_registration (reservation_id, Participant_id, is_student) VALUES (3,23,0)
INSERT INTO Conference_day_registration (reservation_id, Participant_id, is_student) VALUES (3,31,0)
INSERT INTO Conference_day_registration (reservation_id, Participant_id, is_student) VALUES (3,6,0)
INSERT INTO Conference_day_registration (reservation_id, Participant_id, is_student) VALUES (3,22,0)
INSERT INTO Conference_day_registration (reservation_id, Participant_id, is_student) VALUES (3,24,0)
INSERT INTO Conference_day_registration (reservation_id, Participant_id, is_student) VALUES (3,34,0)
INSERT INTO Conference_day_registration (reservation_id, Participant_id, is_student) VALUES (3,33,0)
INSERT INTO Conference_day_registration (reservation_id, Participant_id, is_student) VALUES (3,2,1)
INSERT INTO Conference_day_registration (reservation_id, Participant_id, is_student) VALUES (3,8,1)
INSERT INTO Conference_day_registration (reservation_id, Participant_id, is_student) VALUES (3,16,1)
INSERT INTO Conference_day_registration (reservation_id, Participant_id, is_student) VALUES (3,35,1)
INSERT INTO Conference_day_registration (reservation_id, Participant_id, is_student) VALUES (3,20,1)
INSERT INTO Conference_day_registration (reservation_id, Participant_id, is_student) VALUES (3,37,1)
INSERT INTO Conference_day_reservations (reservation_id, conference_day_id, clients_id, reservation_date, active, due_price, adult_seats, student_seats) VALUES (4,2,10,'2020-12-24','0','2022-02-23','10','16')
INSERT INTO Payments (reservation_id, in_date, value) VALUES (4,'2021-04-04',433.172)
INSERT INTO Conference_day_registration (reservation_id, Participant_id, is_student) VALUES (4,4,0)
INSERT INTO Conference_day_registration (reservation_id, Participant_id, is_student) VALUES (4,2,0)
INSERT INTO Conference_day_registration (reservation_id, Participant_id, is_student) VALUES (4,6,0)
INSERT INTO Conference_day_registration (reservation_id, Participant_id, is_student) VALUES (4,34,0)
INSERT INTO Conference_day_registration (reservation_id, Participant_id, is_student) VALUES (4,12,0)
INSERT INTO Conference_day_registration (reservation_id, Participant_id, is_student) VALUES (4,26,0)
INSERT INTO Conference_day_registration (reservation_id, Participant_id, is_student) VALUES (4,36,0)
INSERT INTO Conference_day_registration (reservation_id, Participant_id, is_student) VALUES (4,37,0)
INSERT INTO Conference_day_registration (reservation_id, Participant_id, is_student) VALUES (4,5,0)
INSERT INTO Conference_day_registration (reservation_id, Participant_id, is_student) VALUES (4,15,0)
INSERT INTO Conference_day_registration (reservation_id, Participant_id, is_student) VALUES (4,32,1)
INSERT INTO Conference_day_registration (reservation_id, Participant_id, is_student) VALUES (4,38,1)
INSERT INTO Conference_day_registration (reservation_id, Participant_id, is_student) VALUES (4,11,1)
INSERT INTO Conference_day_registration (reservation_id, Participant_id, is_student) VALUES (4,22,1)
INSERT INTO Conference_day_registration (reservation_id, Participant_id, is_student) VALUES (4,35,1)
INSERT INTO Conference_day_registration (reservation_id, Participant_id, is_student) VALUES (4,16,1)
INSERT INTO Conference_day_registration (reservation_id, Participant_id, is_student) VALUES (4,21,1)
INSERT INTO Conference_day_registration (reservation_id, Participant_id, is_student) VALUES (4,7,1)
INSERT INTO Conference_day_registration (reservation_id, Participant_id, is_student) VALUES (4,31,1)
INSERT INTO Conference_day_registration (reservation_id, Participant_id, is_student) VALUES (4,3,1)
INSERT INTO Conference_day_registration (reservation_id, Participant_id, is_student) VALUES (4,19,1)
INSERT INTO Conference_day_registration (reservation_id, Participant_id, is_student) VALUES (4,24,1)
INSERT INTO Conference_day_registration (reservation_id, Participant_id, is_student) VALUES (4,20,1)
INSERT INTO Conference_day_registration (reservation_id, Participant_id, is_student) VALUES (4,29,1)
INSERT INTO Conference_day_registration (reservation_id, Participant_id, is_student) VALUES (4,1,1)
INSERT INTO Conference_day_registration (reservation_id, Participant_id, is_student) VALUES (4,30,1)
INSERT INTO Conference_day_reservations (reservation_id, conference_day_id, clients_id, reservation_date, active, due_price, adult_seats, student_seats) VALUES (5,2,6,'2021-03-06','0','2022-04-25','37','0')
INSERT INTO Payments (reservation_id, in_date, value) VALUES (5,'2021-08-06',211.0)
INSERT INTO Payments (reservation_id, in_date, value) VALUES (5,'2022-01-12',232.0)
INSERT INTO Conference_day_registration (reservation_id, Participant_id, is_student) VALUES (5,3,0)
INSERT INTO Conference_day_registration (reservation_id, Participant_id, is_student) VALUES (5,32,0)
INSERT INTO Conference_day_registration (reservation_id, Participant_id, is_student) VALUES (5,2,0)
INSERT INTO Conference_day_registration (reservation_id, Participant_id, is_student) VALUES (5,24,0)
INSERT INTO Conference_day_registration (reservation_id, Participant_id, is_student) VALUES (5,19,0)
INSERT INTO Conference_day_registration (reservation_id, Participant_id, is_student) VALUES (5,25,0)
INSERT INTO Conference_day_registration (reservation_id, Participant_id, is_student) VALUES (5,23,0)
INSERT INTO Conference_day_registration (reservation_id, Participant_id, is_student) VALUES (5,26,0)
INSERT INTO Conference_day_registration (reservation_id, Participant_id, is_student) VALUES (5,31,0)
INSERT INTO Conference_day_registration (reservation_id, Participant_id, is_student) VALUES (5,35,0)
INSERT INTO Conference_day_registration (reservation_id, Participant_id, is_student) VALUES (5,27,0)
INSERT INTO Conference_day_registration (reservation_id, Participant_id, is_student) VALUES (5,34,0)
INSERT INTO Conference_day_registration (reservation_id, Participant_id, is_student) VALUES (5,6,0)
INSERT INTO Conference_day_registration (reservation_id, Participant_id, is_student) VALUES (5,18,0)
INSERT INTO Conference_day_registration (reservation_id, Participant_id, is_student) VALUES (5,36,0)
INSERT INTO Conference_day_registration (reservation_id, Participant_id, is_student) VALUES (5,30,0)
INSERT INTO Conference_day_registration (reservation_id, Participant_id, is_student) VALUES (5,4,0)
INSERT INTO Conference_day_registration (reservation_id, Participant_id, is_student) VALUES (5,22,0)
INSERT INTO Conference_day_registration (reservation_id, Participant_id, is_student) VALUES (5,37,0)
INSERT INTO Conference_day_registration (reservation_id, Participant_id, is_student) VALUES (5,15,0)
INSERT INTO Conference_day_registration (reservation_id, Participant_id, is_student) VALUES (5,33,0)
INSERT INTO Conference_day_registration (reservation_id, Participant_id, is_student) VALUES (5,5,0)
INSERT INTO Conference_day_registration (reservation_id, Participant_id, is_student) VALUES (5,10,0)
INSERT INTO Conference_day_registration (reservation_id, Participant_id, is_student) VALUES (5,20,0)
INSERT INTO Conference_day_registration (reservation_id, Participant_id, is_student) VALUES (5,38,0)
INSERT INTO Conference_day_registration (reservation_id, Participant_id, is_student) VALUES (5,1,0)
INSERT INTO Conference_day_registration (reservation_id, Participant_id, is_student) VALUES (5,12,0)
INSERT INTO Conference_day_registration (reservation_id, Participant_id, is_student) VALUES (5,7,0)
INSERT INTO Conference_day_registration (reservation_id, Participant_id, is_student) VALUES (5,16,0)
INSERT INTO Conference_day_registration (reservation_id, Participant_id, is_student) VALUES (5,17,0)
INSERT INTO Conference_day_registration (reservation_id, Participant_id, is_student) VALUES (5,11,0)
INSERT INTO Conference_day_registration (reservation_id, Participant_id, is_student) VALUES (5,13,0)
INSERT INTO Conference_day_registration (reservation_id, Participant_id, is_student) VALUES (5,9,0)
INSERT INTO Conference_day_registration (reservation_id, Participant_id, is_student) VALUES (5,29,0)
INSERT INTO Conference_day_registration (reservation_id, Participant_id, is_student) VALUES (5,14,0)
INSERT INTO Conference_day_registration (reservation_id, Participant_id, is_student) VALUES (5,21,0)
INSERT INTO Conference_day_registration (reservation_id, Participant_id, is_student) VALUES (5,28,0)
INSERT INTO Conference_day_reservations (reservation_id, conference_day_id, clients_id, reservation_date, active, due_price, adult_seats, student_seats) VALUES (6,2,5,'2020-11-02','0','2021-07-13','16','19')
INSERT INTO Payments (reservation_id, in_date, value) VALUES (6,'2021-04-17',279.07)
INSERT INTO Payments (reservation_id, in_date, value) VALUES (6,'2021-03-21',160.0)
INSERT INTO Conference_day_registration (reservation_id, Participant_id, is_student) VALUES (6,33,0)
INSERT INTO Conference_day_registration (reservation_id, Participant_id, is_student) VALUES (6,32,0)
INSERT INTO Conference_day_registration (reservation_id, Participant_id, is_student) VALUES (6,16,0)
INSERT INTO Conference_day_registration (reservation_id, Participant_id, is_student) VALUES (6,27,0)
INSERT INTO Conference_day_registration (reservation_id, Participant_id, is_student) VALUES (6,30,0)
INSERT INTO Conference_day_registration (reservation_id, Participant_id, is_student) VALUES (6,22,0)
INSERT INTO Conference_day_registration (reservation_id, Participant_id, is_student) VALUES (6,15,0)
INSERT INTO Conference_day_registration (reservation_id, Participant_id, is_student) VALUES (6,25,0)
INSERT INTO Conference_day_registration (reservation_id, Participant_id, is_student) VALUES (6,18,0)
INSERT INTO Conference_day_registration (reservation_id, Participant_id, is_student) VALUES (6,26,0)
INSERT INTO Conference_day_registration (reservation_id, Participant_id, is_student) VALUES (6,10,0)
INSERT INTO Conference_day_registration (reservation_id, Participant_id, is_student) VALUES (6,3,0)
INSERT INTO Conference_day_registration (reservation_id, Participant_id, is_student) VALUES (6,31,0)
INSERT INTO Conference_day_registration (reservation_id, Participant_id, is_student) VALUES (6,9,0)
INSERT INTO Conference_day_registration (reservation_id, Participant_id, is_student) VALUES (6,34,0)
INSERT INTO Conference_day_registration (reservation_id, Participant_id, is_student) VALUES (6,38,0)
INSERT INTO Conference_day_registration (reservation_id, Participant_id, is_student) VALUES (6,23,1)
INSERT INTO Conference_day_registration (reservation_id, Participant_id, is_student) VALUES (6,6,1)
INSERT INTO Conference_day_registration (reservation_id, Participant_id, is_student) VALUES (6,14,1)
INSERT INTO Conference_day_registration (reservation_id, Participant_id, is_student) VALUES (6,28,1)
INSERT INTO Conference_day_registration (reservation_id, Participant_id, is_student) VALUES (6,24,1)
INSERT INTO Conference_day_registration (reservation_id, Participant_id, is_student) VALUES (6,13,1)
INSERT INTO Conference_day_registration (reservation_id, Participant_id, is_student) VALUES (6,29,1)
INSERT INTO Conference_day_registration (reservation_id, Participant_id, is_student) VALUES (6,8,1)
INSERT INTO Conference_day_registration (reservation_id, Participant_id, is_student) VALUES (6,36,1)
INSERT INTO Conference_day_registration (reservation_id, Participant_id, is_student) VALUES (6,5,1)
INSERT INTO Conference_day_registration (reservation_id, Participant_id, is_student) VALUES (6,35,1)
INSERT INTO Conference_day_registration (reservation_id, Participant_id, is_student) VALUES (6,17,1)
INSERT INTO Conference_day_registration (reservation_id, Participant_id, is_student) VALUES (6,21,1)
INSERT INTO Conference_day_registration (reservation_id, Participant_id, is_student) VALUES (6,37,1)
INSERT INTO Conference_day_registration (reservation_id, Participant_id, is_student) VALUES (6,2,1)
INSERT INTO Conference_day_registration (reservation_id, Participant_id, is_student) VALUES (6,12,1)
INSERT INTO Conference_day_registration (reservation_id, Participant_id, is_student) VALUES (6,7,1)
INSERT INTO Conference_day_registration (reservation_id, Participant_id, is_student) VALUES (6,11,1)
INSERT INTO Conference_day_registration (reservation_id, Participant_id, is_student) VALUES (6,20,1)
INSERT INTO Conference_day_reservations (reservation_id, conference_day_id, clients_id, reservation_date, active, due_price, adult_seats, student_seats) VALUES (7,2,9,'2020-01-12','0','2021-01-28','23','11')
INSERT INTO Payments (reservation_id, in_date, value) VALUES (7,'2020-10-07',435.9269)
INSERT INTO Conference_day_registration (reservation_id, Participant_id, is_student) VALUES (7,30,0)
INSERT INTO Conference_day_registration (reservation_id, Participant_id, is_student) VALUES (7,6,0)
INSERT INTO Conference_day_registration (reservation_id, Participant_id, is_student) VALUES (7,25,0)
INSERT INTO Conference_day_registration (reservation_id, Participant_id, is_student) VALUES (7,33,0)
INSERT INTO Conference_day_registration (reservation_id, Participant_id, is_student) VALUES (7,32,0)
INSERT INTO Conference_day_registration (reservation_id, Participant_id, is_student) VALUES (7,23,0)
INSERT INTO Conference_day_registration (reservation_id, Participant_id, is_student) VALUES (7,29,0)
INSERT INTO Conference_day_registration (reservation_id, Participant_id, is_student) VALUES (7,38,0)
INSERT INTO Conference_day_registration (reservation_id, Participant_id, is_student) VALUES (7,10,0)
INSERT INTO Conference_day_registration (reservation_id, Participant_id, is_student) VALUES (7,4,0)
INSERT INTO Conference_day_registration (reservation_id, Participant_id, is_student) VALUES (7,3,0)
INSERT INTO Conference_day_registration (reservation_id, Participant_id, is_student) VALUES (7,26,0)
INSERT INTO Conference_day_registration (reservation_id, Participant_id, is_student) VALUES (7,17,0)
INSERT INTO Conference_day_registration (reservation_id, Participant_id, is_student) VALUES (7,19,0)
INSERT INTO Conference_day_registration (reservation_id, Participant_id, is_student) VALUES (7,34,0)
INSERT INTO Conference_day_registration (reservation_id, Participant_id, is_student) VALUES (7,35,0)
INSERT INTO Conference_day_registration (reservation_id, Participant_id, is_student) VALUES (7,37,0)
INSERT INTO Conference_day_registration (reservation_id, Participant_id, is_student) VALUES (7,21,0)
INSERT INTO Conference_day_registration (reservation_id, Participant_id, is_student) VALUES (7,12,0)
INSERT INTO Conference_day_registration (reservation_id, Participant_id, is_student) VALUES (7,1,0)
INSERT INTO Conference_day_registration (reservation_id, Participant_id, is_student) VALUES (7,9,0)
INSERT INTO Conference_day_registration (reservation_id, Participant_id, is_student) VALUES (7,14,0)
INSERT INTO Conference_day_registration (reservation_id, Participant_id, is_student) VALUES (7,24,0)
INSERT INTO Conference_day_registration (reservation_id, Participant_id, is_student) VALUES (7,16,1)
INSERT INTO Conference_day_registration (reservation_id, Participant_id, is_student) VALUES (7,7,1)
INSERT INTO Conference_day_registration (reservation_id, Participant_id, is_student) VALUES (7,15,1)
INSERT INTO Conference_day_registration (reservation_id, Participant_id, is_student) VALUES (7,2,1)
INSERT INTO Conference_day_registration (reservation_id, Participant_id, is_student) VALUES (7,8,1)
INSERT INTO Conference_day_registration (reservation_id, Participant_id, is_student) VALUES (7,36,1)
INSERT INTO Conference_day_registration (reservation_id, Participant_id, is_student) VALUES (7,18,1)
INSERT INTO Conference_day_registration (reservation_id, Participant_id, is_student) VALUES (7,11,1)
INSERT INTO Conference_day_registration (reservation_id, Participant_id, is_student) VALUES (7,13,1)
INSERT INTO Conference_day_registration (reservation_id, Participant_id, is_student) VALUES (7,31,1)
INSERT INTO Conference_day_registration (reservation_id, Participant_id, is_student) VALUES (7,5,1)
INSERT INTO Conference_day_reservations (reservation_id, conference_day_id, clients_id, reservation_date, active, due_price, adult_seats, student_seats) VALUES (8,2,6,'2020-03-17','0','2022-05-25','36','1')
INSERT INTO Payments (reservation_id, in_date, value) VALUES (8,'2020-09-25',88.82)
INSERT INTO Payments (reservation_id, in_date, value) VALUES (8,'2021-08-13',103.0)
INSERT INTO Payments (reservation_id, in_date, value) VALUES (8,'2021-11-19',15.0)
INSERT INTO Payments (reservation_id, in_date, value) VALUES (8,'2020-04-12',118.0)
INSERT INTO Payments (reservation_id, in_date, value) VALUES (8,'2021-06-24',114.0)
INSERT INTO Conference_day_registration (reservation_id, Participant_id, is_student) VALUES (8,5,0)
INSERT INTO Conference_day_registration (reservation_id, Participant_id, is_student) VALUES (8,21,0)
INSERT INTO Conference_day_registration (reservation_id, Participant_id, is_student) VALUES (8,13,0)
INSERT INTO Conference_day_registration (reservation_id, Participant_id, is_student) VALUES (8,27,0)
INSERT INTO Conference_day_registration (reservation_id, Participant_id, is_student) VALUES (8,1,0)
INSERT INTO Conference_day_registration (reservation_id, Participant_id, is_student) VALUES (8,18,0)
INSERT INTO Conference_day_registration (reservation_id, Participant_id, is_student) VALUES (8,15,0)
INSERT INTO Conference_day_registration (reservation_id, Participant_id, is_student) VALUES (8,4,0)
INSERT INTO Conference_day_registration (reservation_id, Participant_id, is_student) VALUES (8,28,0)
INSERT INTO Conference_day_registration (reservation_id, Participant_id, is_student) VALUES (8,32,0)
INSERT INTO Conference_day_registration (reservation_id, Participant_id, is_student) VALUES (8,7,0)
INSERT INTO Conference_day_registration (reservation_id, Participant_id, is_student) VALUES (8,2,0)
INSERT INTO Conference_day_registration (reservation_id, Participant_id, is_student) VALUES (8,33,0)
INSERT INTO Conference_day_registration (reservation_id, Participant_id, is_student) VALUES (8,24,0)
INSERT INTO Conference_day_registration (reservation_id, Participant_id, is_student) VALUES (8,3,0)
INSERT INTO Conference_day_registration (reservation_id, Participant_id, is_student) VALUES (8,29,0)
INSERT INTO Conference_day_registration (reservation_id, Participant_id, is_student) VALUES (8,9,0)
INSERT INTO Conference_day_registration (reservation_id, Participant_id, is_student) VALUES (8,12,0)
INSERT INTO Conference_day_registration (reservation_id, Participant_id, is_student) VALUES (8,19,0)
INSERT INTO Conference_day_registration (reservation_id, Participant_id, is_student) VALUES (8,30,0)
INSERT INTO Conference_day_registration (reservation_id, Participant_id, is_student) VALUES (8,25,0)
INSERT INTO Conference_day_registration (reservation_id, Participant_id, is_student) VALUES (8,31,0)
INSERT INTO Conference_day_registration (reservation_id, Participant_id, is_student) VALUES (8,6,0)
INSERT INTO Conference_day_registration (reservation_id, Participant_id, is_student) VALUES (8,16,0)
INSERT INTO Conference_day_registration (reservation_id, Participant_id, is_student) VALUES (8,34,0)
INSERT INTO Conference_day_registration (reservation_id, Participant_id, is_student) VALUES (8,11,0)
INSERT INTO Conference_day_registration (reservation_id, Participant_id, is_student) VALUES (8,23,0)
INSERT INTO Conference_day_registration (reservation_id, Participant_id, is_student) VALUES (8,37,0)
INSERT INTO Conference_day_registration (reservation_id, Participant_id, is_student) VALUES (8,14,0)
INSERT INTO Conference_day_registration (reservation_id, Participant_id, is_student) VALUES (8,8,0)
INSERT INTO Conference_day_registration (reservation_id, Participant_id, is_student) VALUES (8,35,0)
INSERT INTO Conference_day_registration (reservation_id, Participant_id, is_student) VALUES (8,36,0)
INSERT INTO Conference_day_registration (reservation_id, Participant_id, is_student) VALUES (8,38,0)
INSERT INTO Conference_day_registration (reservation_id, Participant_id, is_student) VALUES (8,10,0)
INSERT INTO Conference_day_registration (reservation_id, Participant_id, is_student) VALUES (8,20,0)
INSERT INTO Conference_day_registration (reservation_id, Participant_id, is_student) VALUES (8,22,0)
INSERT INTO Conference_day_registration (reservation_id, Participant_id, is_student) VALUES (8,17,1)
INSERT INTO Conference_day_reservations (reservation_id, conference_day_id, clients_id, reservation_date, active, due_price, adult_seats, student_seats) VALUES (9,2,2,'2020-05-15','1','2021-09-01','27','4')
INSERT INTO Payments (reservation_id, in_date, value) VALUES (9,'2021-06-26',114.27)
INSERT INTO Payments (reservation_id, in_date, value) VALUES (9,'2021-05-24',101.0)
INSERT INTO Payments (reservation_id, in_date, value) VALUES (9,'2020-12-28',167.0)
INSERT INTO Payments (reservation_id, in_date, value) VALUES (9,'2020-09-07',56.0)
INSERT INTO Conference_day_registration (reservation_id, Participant_id, is_student) VALUES (9,35,0)
INSERT INTO Conference_day_registration (reservation_id, Participant_id, is_student) VALUES (9,12,0)
INSERT INTO Conference_day_registration (reservation_id, Participant_id, is_student) VALUES (9,20,0)
INSERT INTO Conference_day_registration (reservation_id, Participant_id, is_student) VALUES (9,19,0)
INSERT INTO Conference_day_registration (reservation_id, Participant_id, is_student) VALUES (9,13,0)
INSERT INTO Conference_day_registration (reservation_id, Participant_id, is_student) VALUES (9,24,0)
INSERT INTO Conference_day_registration (reservation_id, Participant_id, is_student) VALUES (9,28,0)
INSERT INTO Conference_day_registration (reservation_id, Participant_id, is_student) VALUES (9,29,0)
INSERT INTO Conference_day_registration (reservation_id, Participant_id, is_student) VALUES (9,17,0)
INSERT INTO Conference_day_registration (reservation_id, Participant_id, is_student) VALUES (9,22,0)
INSERT INTO Conference_day_registration (reservation_id, Participant_id, is_student) VALUES (9,3,0)
INSERT INTO Conference_day_registration (reservation_id, Participant_id, is_student) VALUES (9,31,0)
INSERT INTO Conference_day_registration (reservation_id, Participant_id, is_student) VALUES (9,10,0)
INSERT INTO Conference_day_registration (reservation_id, Participant_id, is_student) VALUES (9,23,0)
INSERT INTO Conference_day_registration (reservation_id, Participant_id, is_student) VALUES (9,25,0)
INSERT INTO Conference_day_registration (reservation_id, Participant_id, is_student) VALUES (9,36,0)
INSERT INTO Conference_day_registration (reservation_id, Participant_id, is_student) VALUES (9,6,0)
INSERT INTO Conference_day_registration (reservation_id, Participant_id, is_student) VALUES (9,9,0)
INSERT INTO Conference_day_registration (reservation_id, Participant_id, is_student) VALUES (9,7,0)
INSERT INTO Conference_day_registration (reservation_id, Participant_id, is_student) VALUES (9,18,0)
INSERT INTO Conference_day_registration (reservation_id, Participant_id, is_student) VALUES (9,1,0)
INSERT INTO Conference_day_registration (reservation_id, Participant_id, is_student) VALUES (9,15,0)
INSERT INTO Conference_day_registration (reservation_id, Participant_id, is_student) VALUES (9,8,0)
INSERT INTO Conference_day_registration (reservation_id, Participant_id, is_student) VALUES (9,27,0)
INSERT INTO Conference_day_registration (reservation_id, Participant_id, is_student) VALUES (9,38,0)
INSERT INTO Conference_day_registration (reservation_id, Participant_id, is_student) VALUES (9,11,0)
INSERT INTO Conference_day_registration (reservation_id, Participant_id, is_student) VALUES (9,14,0)
INSERT INTO Conference_day_registration (reservation_id, Participant_id, is_student) VALUES (9,2,1)
INSERT INTO Conference_day_registration (reservation_id, Participant_id, is_student) VALUES (9,26,1)
INSERT INTO Conference_day_registration (reservation_id, Participant_id, is_student) VALUES (9,33,1)
INSERT INTO Conference_day_registration (reservation_id, Participant_id, is_student) VALUES (9,34,1)
INSERT INTO Conference_day_reservations (reservation_id, conference_day_id, clients_id, reservation_date, active, due_price, adult_seats, student_seats) VALUES (10,2,3,'2022-02-12','1','2022-04-09','22','15')
INSERT INTO Payments (reservation_id, in_date, value) VALUES (10,'2022-03-24',255.71)
INSERT INTO Payments (reservation_id, in_date, value) VALUES (10,'2022-02-17',187.0)
INSERT INTO Conference_day_registration (reservation_id, Participant_id, is_student) VALUES (10,22,0)
INSERT INTO Conference_day_registration (reservation_id, Participant_id, is_student) VALUES (10,13,0)
INSERT INTO Conference_day_registration (reservation_id, Participant_id, is_student) VALUES (10,2,0)
INSERT INTO Conference_day_registration (reservation_id, Participant_id, is_student) VALUES (10,11,0)
INSERT INTO Conference_day_registration (reservation_id, Participant_id, is_student) VALUES (10,9,0)
INSERT INTO Conference_day_registration (reservation_id, Participant_id, is_student) VALUES (10,30,0)
INSERT INTO Conference_day_registration (reservation_id, Participant_id, is_student) VALUES (10,36,0)
INSERT INTO Conference_day_registration (reservation_id, Participant_id, is_student) VALUES (10,20,0)
INSERT INTO Conference_day_registration (reservation_id, Participant_id, is_student) VALUES (10,26,0)
INSERT INTO Conference_day_registration (reservation_id, Participant_id, is_student) VALUES (10,23,0)
INSERT INTO Conference_day_registration (reservation_id, Participant_id, is_student) VALUES (10,19,0)
INSERT INTO Conference_day_registration (reservation_id, Participant_id, is_student) VALUES (10,29,0)
INSERT INTO Conference_day_registration (reservation_id, Participant_id, is_student) VALUES (10,14,0)
INSERT INTO Conference_day_registration (reservation_id, Participant_id, is_student) VALUES (10,38,0)
INSERT INTO Conference_day_registration (reservation_id, Participant_id, is_student) VALUES (10,31,0)
INSERT INTO Conference_day_registration (reservation_id, Participant_id, is_student) VALUES (10,33,0)
INSERT INTO Conference_day_registration (reservation_id, Participant_id, is_student) VALUES (10,12,0)
INSERT INTO Conference_day_registration (reservation_id, Participant_id, is_student) VALUES (10,6,0)
INSERT INTO Conference_day_registration (reservation_id, Participant_id, is_student) VALUES (10,27,0)
INSERT INTO Conference_day_registration (reservation_id, Participant_id, is_student) VALUES (10,35,0)
INSERT INTO Conference_day_registration (reservation_id, Participant_id, is_student) VALUES (10,16,0)
INSERT INTO Conference_day_registration (reservation_id, Participant_id, is_student) VALUES (10,4,0)
INSERT INTO Conference_day_registration (reservation_id, Participant_id, is_student) VALUES (10,18,1)
INSERT INTO Conference_day_registration (reservation_id, Participant_id, is_student) VALUES (10,17,1)
INSERT INTO Conference_day_registration (reservation_id, Participant_id, is_student) VALUES (10,24,1)
INSERT INTO Conference_day_registration (reservation_id, Participant_id, is_student) VALUES (10,1,1)
INSERT INTO Conference_day_registration (reservation_id, Participant_id, is_student) VALUES (10,10,1)
INSERT INTO Conference_day_registration (reservation_id, Participant_id, is_student) VALUES (10,37,1)
INSERT INTO Conference_day_registration (reservation_id, Participant_id, is_student) VALUES (10,21,1)
INSERT INTO Conference_day_registration (reservation_id, Participant_id, is_student) VALUES (10,15,1)
INSERT INTO Conference_day_registration (reservation_id, Participant_id, is_student) VALUES (10,25,1)
INSERT INTO Conference_day_registration (reservation_id, Participant_id, is_student) VALUES (10,7,1)
INSERT INTO Conference_day_registration (reservation_id, Participant_id, is_student) VALUES (10,8,1)
INSERT INTO Conference_day_registration (reservation_id, Participant_id, is_student) VALUES (10,28,1)
INSERT INTO Conference_day_registration (reservation_id, Participant_id, is_student) VALUES (10,3,1)
INSERT INTO Conference_day_registration (reservation_id, Participant_id, is_student) VALUES (10,32,1)
INSERT INTO Conference_day_registration (reservation_id, Participant_id, is_student) VALUES (10,5,1)
INSERT INTO Conference_day_reservations (reservation_id, conference_day_id, clients_id, reservation_date, active, due_price, adult_seats, student_seats) VALUES (11,2,10,'2020-04-03','1','2020-07-16','11','0')
INSERT INTO Payments (reservation_id, in_date, value) VALUES (11,'2020-07-07',67.59)
INSERT INTO Payments (reservation_id, in_date, value) VALUES (11,'2020-06-16',161.0)
INSERT INTO Payments (reservation_id, in_date, value) VALUES (11,'2020-06-05',97.0)
INSERT INTO Payments (reservation_id, in_date, value) VALUES (11,'2020-04-09',98.0)
INSERT INTO Conference_day_registration (reservation_id, Participant_id, is_student) VALUES (11,3,0)
INSERT INTO Conference_day_registration (reservation_id, Participant_id, is_student) VALUES (11,16,0)
INSERT INTO Conference_day_registration (reservation_id, Participant_id, is_student) VALUES (11,2,0)
INSERT INTO Conference_day_registration (reservation_id, Participant_id, is_student) VALUES (11,21,0)
INSERT INTO Conference_day_registration (reservation_id, Participant_id, is_student) VALUES (11,12,0)
INSERT INTO Conference_day_registration (reservation_id, Participant_id, is_student) VALUES (11,8,0)
INSERT INTO Conference_day_registration (reservation_id, Participant_id, is_student) VALUES (11,38,0)
INSERT INTO Conference_day_registration (reservation_id, Participant_id, is_student) VALUES (11,31,0)
INSERT INTO Conference_day_registration (reservation_id, Participant_id, is_student) VALUES (11,19,0)
INSERT INTO Conference_day_registration (reservation_id, Participant_id, is_student) VALUES (11,5,0)
INSERT INTO Conference_day_registration (reservation_id, Participant_id, is_student) VALUES (11,25,0)
SET IDENTITY_INSERT  Conference_day_reservations OFF
SET IDENTITY_INSERT Conference_days ON
INSERT INTO Conference_days (conference_day_id, conference_id, date, standard_price, student_discount) VALUES (3,1,'2022-06-26',762.69,0.02)
INSERT INTO Early_signup_discounts (conference_day_id, end_date, discount) VALUES (3,'2019-12-05','0.39')
INSERT INTO Early_signup_discounts (conference_day_id, end_date, discount) VALUES (3,'2018-10-12','0.02')
INSERT INTO Early_signup_discounts (conference_day_id, end_date, discount) VALUES (3,'2022-01-17','0.39')
SET IDENTITY_INSERT Conference_days OFF
SET IDENTITY_INSERT  Workshops ON
INSERT INTO Workshops (workshop_id, conference_day_id, start_time, end_time, topic, price, number_of_seats) VALUES (8,3,'2022-06-26 04:54:00','2022-06-26 08:03:00','scale granular e-markets','345.81','21')
SET IDENTITY_INSERT  Workshops OFF
SET IDENTITY_INSERT  Workshop_reservations ON
INSERT INTO Workshop_reservations (reservation_id, workshop_id, reservation_date, due_price, nr_of_seats) VALUES (18,8,2020-05-22,'2022-02-24',7)
INSERT INTO Workshop_registration (reservation_id, Participant_id) VALUES (18,9)
INSERT INTO Workshop_registration (reservation_id, Participant_id) VALUES (18,12)
INSERT INTO Workshop_registration (reservation_id, Participant_id) VALUES (18,19)
INSERT INTO Workshop_registration (reservation_id, Participant_id) VALUES (18,26)
INSERT INTO Workshop_registration (reservation_id, Participant_id) VALUES (18,2)
INSERT INTO Workshop_registration (reservation_id, Participant_id) VALUES (18,27)
INSERT INTO Workshop_registration (reservation_id, Participant_id) VALUES (18,31)
INSERT INTO Workshop_reservations (reservation_id, workshop_id, reservation_date, due_price, nr_of_seats) VALUES (19,8,2022-03-26,'2022-05-16',16)
INSERT INTO Workshop_registration (reservation_id, Participant_id) VALUES (19,5)
INSERT INTO Workshop_registration (reservation_id, Participant_id) VALUES (19,31)
INSERT INTO Workshop_registration (reservation_id, Participant_id) VALUES (19,37)
INSERT INTO Workshop_registration (reservation_id, Participant_id) VALUES (19,27)
INSERT INTO Workshop_registration (reservation_id, Participant_id) VALUES (19,21)
INSERT INTO Workshop_registration (reservation_id, Participant_id) VALUES (19,28)
INSERT INTO Workshop_registration (reservation_id, Participant_id) VALUES (19,19)
INSERT INTO Workshop_registration (reservation_id, Participant_id) VALUES (19,35)
INSERT INTO Workshop_registration (reservation_id, Participant_id) VALUES (19,32)
INSERT INTO Workshop_registration (reservation_id, Participant_id) VALUES (19,25)
INSERT INTO Workshop_registration (reservation_id, Participant_id) VALUES (19,13)
INSERT INTO Workshop_registration (reservation_id, Participant_id) VALUES (19,29)
INSERT INTO Workshop_registration (reservation_id, Participant_id) VALUES (19,38)
INSERT INTO Workshop_registration (reservation_id, Participant_id) VALUES (19,24)
INSERT INTO Workshop_registration (reservation_id, Participant_id) VALUES (19,30)
INSERT INTO Workshop_registration (reservation_id, Participant_id) VALUES (19,4)
INSERT INTO Workshop_reservations (reservation_id, workshop_id, reservation_date, due_price, nr_of_seats) VALUES (20,8,2022-02-08,'2022-05-10',34)
INSERT INTO Workshop_registration (reservation_id, Participant_id) VALUES (20,24)
INSERT INTO Workshop_registration (reservation_id, Participant_id) VALUES (20,19)
INSERT INTO Workshop_registration (reservation_id, Participant_id) VALUES (20,14)
INSERT INTO Workshop_registration (reservation_id, Participant_id) VALUES (20,31)
INSERT INTO Workshop_registration (reservation_id, Participant_id) VALUES (20,2)
INSERT INTO Workshop_registration (reservation_id, Participant_id) VALUES (20,36)
INSERT INTO Workshop_registration (reservation_id, Participant_id) VALUES (20,3)
INSERT INTO Workshop_registration (reservation_id, Participant_id) VALUES (20,34)
INSERT INTO Workshop_registration (reservation_id, Participant_id) VALUES (20,15)
INSERT INTO Workshop_registration (reservation_id, Participant_id) VALUES (20,8)
INSERT INTO Workshop_registration (reservation_id, Participant_id) VALUES (20,9)
INSERT INTO Workshop_registration (reservation_id, Participant_id) VALUES (20,1)
INSERT INTO Workshop_registration (reservation_id, Participant_id) VALUES (20,35)
INSERT INTO Workshop_registration (reservation_id, Participant_id) VALUES (20,29)
INSERT INTO Workshop_registration (reservation_id, Participant_id) VALUES (20,25)
INSERT INTO Workshop_registration (reservation_id, Participant_id) VALUES (20,10)
INSERT INTO Workshop_registration (reservation_id, Participant_id) VALUES (20,21)
INSERT INTO Workshop_registration (reservation_id, Participant_id) VALUES (20,26)
INSERT INTO Workshop_registration (reservation_id, Participant_id) VALUES (20,20)
INSERT INTO Workshop_registration (reservation_id, Participant_id) VALUES (20,18)
INSERT INTO Workshop_registration (reservation_id, Participant_id) VALUES (20,13)
INSERT INTO Workshop_registration (reservation_id, Participant_id) VALUES (20,32)
INSERT INTO Workshop_registration (reservation_id, Participant_id) VALUES (20,6)
INSERT INTO Workshop_registration (reservation_id, Participant_id) VALUES (20,30)
INSERT INTO Workshop_registration (reservation_id, Participant_id) VALUES (20,22)
INSERT INTO Workshop_registration (reservation_id, Participant_id) VALUES (20,33)
INSERT INTO Workshop_registration (reservation_id, Participant_id) VALUES (20,23)
INSERT INTO Workshop_registration (reservation_id, Participant_id) VALUES (20,12)
INSERT INTO Workshop_registration (reservation_id, Participant_id) VALUES (20,28)
INSERT INTO Workshop_registration (reservation_id, Participant_id) VALUES (20,37)
INSERT INTO Workshop_registration (reservation_id, Participant_id) VALUES (20,11)
INSERT INTO Workshop_registration (reservation_id, Participant_id) VALUES (20,17)
INSERT INTO Workshop_registration (reservation_id, Participant_id) VALUES (20,38)
INSERT INTO Workshop_registration (reservation_id, Participant_id) VALUES (20,5)
INSERT INTO Workshop_reservations (reservation_id, workshop_id, reservation_date, due_price, nr_of_seats) VALUES (21,8,2021-09-07,'2021-12-02',21)
INSERT INTO Workshop_registration (reservation_id, Participant_id) VALUES (21,29)
INSERT INTO Workshop_registration (reservation_id, Participant_id) VALUES (21,6)
INSERT INTO Workshop_registration (reservation_id, Participant_id) VALUES (21,2)
INSERT INTO Workshop_registration (reservation_id, Participant_id) VALUES (21,22)
INSERT INTO Workshop_registration (reservation_id, Participant_id) VALUES (21,32)
INSERT INTO Workshop_registration (reservation_id, Participant_id) VALUES (21,14)
INSERT INTO Workshop_registration (reservation_id, Participant_id) VALUES (21,15)
INSERT INTO Workshop_registration (reservation_id, Participant_id) VALUES (21,27)
INSERT INTO Workshop_registration (reservation_id, Participant_id) VALUES (21,12)
INSERT INTO Workshop_registration (reservation_id, Participant_id) VALUES (21,36)
INSERT INTO Workshop_registration (reservation_id, Participant_id) VALUES (21,13)
INSERT INTO Workshop_registration (reservation_id, Participant_id) VALUES (21,5)
INSERT INTO Workshop_registration (reservation_id, Participant_id) VALUES (21,37)
INSERT INTO Workshop_registration (reservation_id, Participant_id) VALUES (21,25)
INSERT INTO Workshop_registration (reservation_id, Participant_id) VALUES (21,28)
INSERT INTO Workshop_registration (reservation_id, Participant_id) VALUES (21,24)
INSERT INTO Workshop_registration (reservation_id, Participant_id) VALUES (21,33)
INSERT INTO Workshop_registration (reservation_id, Participant_id) VALUES (21,38)
INSERT INTO Workshop_registration (reservation_id, Participant_id) VALUES (21,31)
INSERT INTO Workshop_registration (reservation_id, Participant_id) VALUES (21,3)
INSERT INTO Workshop_registration (reservation_id, Participant_id) VALUES (21,26)
SET IDENTITY_INSERT  Workshop_reservations OFF
SET IDENTITY_INSERT  Workshops ON
INSERT INTO Workshops (workshop_id, conference_day_id, start_time, end_time, topic, price, number_of_seats) VALUES (9,3,'2022-06-26 12:48:00','2022-06-26 16:51:00','strategize scalable eyeballs','684.96','100')
SET IDENTITY_INSERT  Workshops OFF
SET IDENTITY_INSERT  Workshop_reservations ON
INSERT INTO Workshop_reservations (reservation_id, workshop_id, reservation_date, due_price, nr_of_seats) VALUES (22,9,2020-11-13,'2021-02-16',22)
INSERT INTO Workshop_registration (reservation_id, Participant_id) VALUES (22,38)
INSERT INTO Workshop_registration (reservation_id, Participant_id) VALUES (22,36)
INSERT INTO Workshop_registration (reservation_id, Participant_id) VALUES (22,33)
INSERT INTO Workshop_registration (reservation_id, Participant_id) VALUES (22,14)
INSERT INTO Workshop_registration (reservation_id, Participant_id) VALUES (22,21)
INSERT INTO Workshop_registration (reservation_id, Participant_id) VALUES (22,10)
INSERT INTO Workshop_registration (reservation_id, Participant_id) VALUES (22,24)
INSERT INTO Workshop_registration (reservation_id, Participant_id) VALUES (22,1)
INSERT INTO Workshop_registration (reservation_id, Participant_id) VALUES (22,37)
INSERT INTO Workshop_registration (reservation_id, Participant_id) VALUES (22,29)
INSERT INTO Workshop_registration (reservation_id, Participant_id) VALUES (22,2)
INSERT INTO Workshop_registration (reservation_id, Participant_id) VALUES (22,35)
INSERT INTO Workshop_registration (reservation_id, Participant_id) VALUES (22,23)
INSERT INTO Workshop_registration (reservation_id, Participant_id) VALUES (22,27)
INSERT INTO Workshop_registration (reservation_id, Participant_id) VALUES (22,4)
INSERT INTO Workshop_registration (reservation_id, Participant_id) VALUES (22,20)
INSERT INTO Workshop_registration (reservation_id, Participant_id) VALUES (22,6)
INSERT INTO Workshop_registration (reservation_id, Participant_id) VALUES (22,9)
INSERT INTO Workshop_registration (reservation_id, Participant_id) VALUES (22,8)
INSERT INTO Workshop_registration (reservation_id, Participant_id) VALUES (22,5)
INSERT INTO Workshop_registration (reservation_id, Participant_id) VALUES (22,3)
INSERT INTO Workshop_registration (reservation_id, Participant_id) VALUES (22,15)
INSERT INTO Workshop_reservations (reservation_id, workshop_id, reservation_date, due_price, nr_of_seats) VALUES (23,9,2020-06-29,'2022-02-10',1)
INSERT INTO Workshop_registration (reservation_id, Participant_id) VALUES (23,16)
INSERT INTO Workshop_reservations (reservation_id, workshop_id, reservation_date, due_price, nr_of_seats) VALUES (24,9,2021-05-09,'2022-03-12',36)
INSERT INTO Workshop_registration (reservation_id, Participant_id) VALUES (24,13)
INSERT INTO Workshop_registration (reservation_id, Participant_id) VALUES (24,38)
INSERT INTO Workshop_registration (reservation_id, Participant_id) VALUES (24,25)
INSERT INTO Workshop_registration (reservation_id, Participant_id) VALUES (24,24)
INSERT INTO Workshop_registration (reservation_id, Participant_id) VALUES (24,21)
INSERT INTO Workshop_registration (reservation_id, Participant_id) VALUES (24,20)
INSERT INTO Workshop_registration (reservation_id, Participant_id) VALUES (24,34)
INSERT INTO Workshop_registration (reservation_id, Participant_id) VALUES (24,33)
INSERT INTO Workshop_registration (reservation_id, Participant_id) VALUES (24,5)
INSERT INTO Workshop_registration (reservation_id, Participant_id) VALUES (24,12)
INSERT INTO Workshop_registration (reservation_id, Participant_id) VALUES (24,7)
INSERT INTO Workshop_registration (reservation_id, Participant_id) VALUES (24,10)
INSERT INTO Workshop_registration (reservation_id, Participant_id) VALUES (24,2)
INSERT INTO Workshop_registration (reservation_id, Participant_id) VALUES (24,9)
INSERT INTO Workshop_registration (reservation_id, Participant_id) VALUES (24,1)
INSERT INTO Workshop_registration (reservation_id, Participant_id) VALUES (24,23)
INSERT INTO Workshop_registration (reservation_id, Participant_id) VALUES (24,14)
INSERT INTO Workshop_registration (reservation_id, Participant_id) VALUES (24,36)
INSERT INTO Workshop_registration (reservation_id, Participant_id) VALUES (24,19)
INSERT INTO Workshop_registration (reservation_id, Participant_id) VALUES (24,26)
INSERT INTO Workshop_registration (reservation_id, Participant_id) VALUES (24,35)
INSERT INTO Workshop_registration (reservation_id, Participant_id) VALUES (24,11)
INSERT INTO Workshop_registration (reservation_id, Participant_id) VALUES (24,29)
INSERT INTO Workshop_registration (reservation_id, Participant_id) VALUES (24,15)
INSERT INTO Workshop_registration (reservation_id, Participant_id) VALUES (24,18)
INSERT INTO Workshop_registration (reservation_id, Participant_id) VALUES (24,27)
INSERT INTO Workshop_registration (reservation_id, Participant_id) VALUES (24,17)
INSERT INTO Workshop_registration (reservation_id, Participant_id) VALUES (24,4)
INSERT INTO Workshop_registration (reservation_id, Participant_id) VALUES (24,3)
INSERT INTO Workshop_registration (reservation_id, Participant_id) VALUES (24,8)
INSERT INTO Workshop_registration (reservation_id, Participant_id) VALUES (24,28)
INSERT INTO Workshop_registration (reservation_id, Participant_id) VALUES (24,6)
INSERT INTO Workshop_registration (reservation_id, Participant_id) VALUES (24,30)
INSERT INTO Workshop_registration (reservation_id, Participant_id) VALUES (24,31)
INSERT INTO Workshop_registration (reservation_id, Participant_id) VALUES (24,32)
INSERT INTO Workshop_registration (reservation_id, Participant_id) VALUES (24,22)
INSERT INTO Workshop_reservations (reservation_id, workshop_id, reservation_date, due_price, nr_of_seats) VALUES (25,9,2022-02-02,'2022-05-28',2)
INSERT INTO Workshop_registration (reservation_id, Participant_id) VALUES (25,8)
INSERT INTO Workshop_registration (reservation_id, Participant_id) VALUES (25,1)
INSERT INTO Workshop_reservations (reservation_id, workshop_id, reservation_date, due_price, nr_of_seats) VALUES (26,9,2020-07-11,'2021-01-17',21)
INSERT INTO Workshop_registration (reservation_id, Participant_id) VALUES (26,35)
INSERT INTO Workshop_registration (reservation_id, Participant_id) VALUES (26,11)
INSERT INTO Workshop_registration (reservation_id, Participant_id) VALUES (26,23)
INSERT INTO Workshop_registration (reservation_id, Participant_id) VALUES (26,15)
INSERT INTO Workshop_registration (reservation_id, Participant_id) VALUES (26,29)
INSERT INTO Workshop_registration (reservation_id, Participant_id) VALUES (26,28)
INSERT INTO Workshop_registration (reservation_id, Participant_id) VALUES (26,30)
INSERT INTO Workshop_registration (reservation_id, Participant_id) VALUES (26,5)
INSERT INTO Workshop_registration (reservation_id, Participant_id) VALUES (26,26)
INSERT INTO Workshop_registration (reservation_id, Participant_id) VALUES (26,9)
INSERT INTO Workshop_registration (reservation_id, Participant_id) VALUES (26,17)
INSERT INTO Workshop_registration (reservation_id, Participant_id) VALUES (26,12)
INSERT INTO Workshop_registration (reservation_id, Participant_id) VALUES (26,37)
INSERT INTO Workshop_registration (reservation_id, Participant_id) VALUES (26,14)
INSERT INTO Workshop_registration (reservation_id, Participant_id) VALUES (26,33)
INSERT INTO Workshop_registration (reservation_id, Participant_id) VALUES (26,13)
INSERT INTO Workshop_registration (reservation_id, Participant_id) VALUES (26,20)
INSERT INTO Workshop_registration (reservation_id, Participant_id) VALUES (26,16)
INSERT INTO Workshop_registration (reservation_id, Participant_id) VALUES (26,38)
INSERT INTO Workshop_registration (reservation_id, Participant_id) VALUES (26,31)
INSERT INTO Workshop_registration (reservation_id, Participant_id) VALUES (26,21)
INSERT INTO Workshop_reservations (reservation_id, workshop_id, reservation_date, due_price, nr_of_seats) VALUES (27,9,2021-11-29,'2021-12-29',12)
INSERT INTO Workshop_registration (reservation_id, Participant_id) VALUES (27,21)
INSERT INTO Workshop_registration (reservation_id, Participant_id) VALUES (27,8)
INSERT INTO Workshop_registration (reservation_id, Participant_id) VALUES (27,14)
INSERT INTO Workshop_registration (reservation_id, Participant_id) VALUES (27,3)
INSERT INTO Workshop_registration (reservation_id, Participant_id) VALUES (27,19)
INSERT INTO Workshop_registration (reservation_id, Participant_id) VALUES (27,30)
INSERT INTO Workshop_registration (reservation_id, Participant_id) VALUES (27,36)
INSERT INTO Workshop_registration (reservation_id, Participant_id) VALUES (27,37)
INSERT INTO Workshop_registration (reservation_id, Participant_id) VALUES (27,4)
INSERT INTO Workshop_registration (reservation_id, Participant_id) VALUES (27,38)
INSERT INTO Workshop_registration (reservation_id, Participant_id) VALUES (27,15)
INSERT INTO Workshop_registration (reservation_id, Participant_id) VALUES (27,17)
INSERT INTO Workshop_reservations (reservation_id, workshop_id, reservation_date, due_price, nr_of_seats) VALUES (28,9,2020-06-28,'2022-01-09',12)
INSERT INTO Workshop_registration (reservation_id, Participant_id) VALUES (28,21)
INSERT INTO Workshop_registration (reservation_id, Participant_id) VALUES (28,25)
INSERT INTO Workshop_registration (reservation_id, Participant_id) VALUES (28,17)
INSERT INTO Workshop_registration (reservation_id, Participant_id) VALUES (28,4)
INSERT INTO Workshop_registration (reservation_id, Participant_id) VALUES (28,38)
INSERT INTO Workshop_registration (reservation_id, Participant_id) VALUES (28,13)
INSERT INTO Workshop_registration (reservation_id, Participant_id) VALUES (28,23)
INSERT INTO Workshop_registration (reservation_id, Participant_id) VALUES (28,15)
INSERT INTO Workshop_registration (reservation_id, Participant_id) VALUES (28,34)
INSERT INTO Workshop_registration (reservation_id, Participant_id) VALUES (28,27)
INSERT INTO Workshop_registration (reservation_id, Participant_id) VALUES (28,30)
INSERT INTO Workshop_registration (reservation_id, Participant_id) VALUES (28,20)
SET IDENTITY_INSERT  Workshop_reservations OFF
SET IDENTITY_INSERT  Workshops ON
INSERT INTO Workshops (workshop_id, conference_day_id, start_time, end_time, topic, price, number_of_seats) VALUES (10,3,'2022-06-26 02:38:00','2022-06-26 07:46:00','scale cross-platform relationships','36.08','73')
SET IDENTITY_INSERT  Workshops OFF
SET IDENTITY_INSERT  Workshop_reservations ON
INSERT INTO Workshop_reservations (reservation_id, workshop_id, reservation_date, due_price, nr_of_seats) VALUES (29,10,2020-01-30,'2020-05-04',1)
INSERT INTO Workshop_registration (reservation_id, Participant_id) VALUES (29,28)
INSERT INTO Workshop_reservations (reservation_id, workshop_id, reservation_date, due_price, nr_of_seats) VALUES (30,10,2022-05-29,'2022-06-24',37)
INSERT INTO Workshop_registration (reservation_id, Participant_id) VALUES (30,28)
INSERT INTO Workshop_registration (reservation_id, Participant_id) VALUES (30,38)
INSERT INTO Workshop_registration (reservation_id, Participant_id) VALUES (30,11)
INSERT INTO Workshop_registration (reservation_id, Participant_id) VALUES (30,31)
INSERT INTO Workshop_registration (reservation_id, Participant_id) VALUES (30,24)
INSERT INTO Workshop_registration (reservation_id, Participant_id) VALUES (30,4)
INSERT INTO Workshop_registration (reservation_id, Participant_id) VALUES (30,37)
INSERT INTO Workshop_registration (reservation_id, Participant_id) VALUES (30,10)
INSERT INTO Workshop_registration (reservation_id, Participant_id) VALUES (30,8)
INSERT INTO Workshop_registration (reservation_id, Participant_id) VALUES (30,36)
INSERT INTO Workshop_registration (reservation_id, Participant_id) VALUES (30,18)
INSERT INTO Workshop_registration (reservation_id, Participant_id) VALUES (30,26)
INSERT INTO Workshop_registration (reservation_id, Participant_id) VALUES (30,3)
INSERT INTO Workshop_registration (reservation_id, Participant_id) VALUES (30,1)
INSERT INTO Workshop_registration (reservation_id, Participant_id) VALUES (30,29)
INSERT INTO Workshop_registration (reservation_id, Participant_id) VALUES (30,20)
INSERT INTO Workshop_registration (reservation_id, Participant_id) VALUES (30,21)
INSERT INTO Workshop_registration (reservation_id, Participant_id) VALUES (30,34)
INSERT INTO Workshop_registration (reservation_id, Participant_id) VALUES (30,2)
INSERT INTO Workshop_registration (reservation_id, Participant_id) VALUES (30,5)
INSERT INTO Workshop_registration (reservation_id, Participant_id) VALUES (30,19)
INSERT INTO Workshop_registration (reservation_id, Participant_id) VALUES (30,14)
INSERT INTO Workshop_registration (reservation_id, Participant_id) VALUES (30,6)
INSERT INTO Workshop_registration (reservation_id, Participant_id) VALUES (30,27)
INSERT INTO Workshop_registration (reservation_id, Participant_id) VALUES (30,13)
INSERT INTO Workshop_registration (reservation_id, Participant_id) VALUES (30,9)
INSERT INTO Workshop_registration (reservation_id, Participant_id) VALUES (30,12)
INSERT INTO Workshop_registration (reservation_id, Participant_id) VALUES (30,17)
INSERT INTO Workshop_registration (reservation_id, Participant_id) VALUES (30,23)
INSERT INTO Workshop_registration (reservation_id, Participant_id) VALUES (30,30)
INSERT INTO Workshop_registration (reservation_id, Participant_id) VALUES (30,15)
INSERT INTO Workshop_registration (reservation_id, Participant_id) VALUES (30,16)
INSERT INTO Workshop_registration (reservation_id, Participant_id) VALUES (30,25)
INSERT INTO Workshop_registration (reservation_id, Participant_id) VALUES (30,32)
INSERT INTO Workshop_registration (reservation_id, Participant_id) VALUES (30,22)
INSERT INTO Workshop_registration (reservation_id, Participant_id) VALUES (30,7)
INSERT INTO Workshop_registration (reservation_id, Participant_id) VALUES (30,33)
INSERT INTO Workshop_reservations (reservation_id, workshop_id, reservation_date, due_price, nr_of_seats) VALUES (31,10,2021-12-29,'2022-06-14',15)
INSERT INTO Workshop_registration (reservation_id, Participant_id) VALUES (31,11)
INSERT INTO Workshop_registration (reservation_id, Participant_id) VALUES (31,20)
INSERT INTO Workshop_registration (reservation_id, Participant_id) VALUES (31,34)
INSERT INTO Workshop_registration (reservation_id, Participant_id) VALUES (31,5)
INSERT INTO Workshop_registration (reservation_id, Participant_id) VALUES (31,3)
INSERT INTO Workshop_registration (reservation_id, Participant_id) VALUES (31,30)
INSERT INTO Workshop_registration (reservation_id, Participant_id) VALUES (31,25)
INSERT INTO Workshop_registration (reservation_id, Participant_id) VALUES (31,8)
INSERT INTO Workshop_registration (reservation_id, Participant_id) VALUES (31,14)
INSERT INTO Workshop_registration (reservation_id, Participant_id) VALUES (31,28)
INSERT INTO Workshop_registration (reservation_id, Participant_id) VALUES (31,19)
INSERT INTO Workshop_registration (reservation_id, Participant_id) VALUES (31,27)
INSERT INTO Workshop_registration (reservation_id, Participant_id) VALUES (31,7)
INSERT INTO Workshop_registration (reservation_id, Participant_id) VALUES (31,33)
INSERT INTO Workshop_registration (reservation_id, Participant_id) VALUES (31,37)
INSERT INTO Workshop_reservations (reservation_id, workshop_id, reservation_date, due_price, nr_of_seats) VALUES (32,10,2022-06-13,'2022-06-18',20)
INSERT INTO Workshop_registration (reservation_id, Participant_id) VALUES (32,21)
INSERT INTO Workshop_registration (reservation_id, Participant_id) VALUES (32,19)
INSERT INTO Workshop_registration (reservation_id, Participant_id) VALUES (32,16)
INSERT INTO Workshop_registration (reservation_id, Participant_id) VALUES (32,3)
INSERT INTO Workshop_registration (reservation_id, Participant_id) VALUES (32,18)
INSERT INTO Workshop_registration (reservation_id, Participant_id) VALUES (32,31)
INSERT INTO Workshop_registration (reservation_id, Participant_id) VALUES (32,13)
INSERT INTO Workshop_registration (reservation_id, Participant_id) VALUES (32,35)
INSERT INTO Workshop_registration (reservation_id, Participant_id) VALUES (32,22)
INSERT INTO Workshop_registration (reservation_id, Participant_id) VALUES (32,9)
INSERT INTO Workshop_registration (reservation_id, Participant_id) VALUES (32,33)
INSERT INTO Workshop_registration (reservation_id, Participant_id) VALUES (32,14)
INSERT INTO Workshop_registration (reservation_id, Participant_id) VALUES (32,6)
INSERT INTO Workshop_registration (reservation_id, Participant_id) VALUES (32,25)
INSERT INTO Workshop_registration (reservation_id, Participant_id) VALUES (32,28)
INSERT INTO Workshop_registration (reservation_id, Participant_id) VALUES (32,15)
INSERT INTO Workshop_registration (reservation_id, Participant_id) VALUES (32,26)
INSERT INTO Workshop_registration (reservation_id, Participant_id) VALUES (32,12)
INSERT INTO Workshop_registration (reservation_id, Participant_id) VALUES (32,30)
INSERT INTO Workshop_registration (reservation_id, Participant_id) VALUES (32,5)
INSERT INTO Workshop_reservations (reservation_id, workshop_id, reservation_date, due_price, nr_of_seats) VALUES (33,10,2021-04-20,'2022-05-27',3)
INSERT INTO Workshop_registration (reservation_id, Participant_id) VALUES (33,1)
INSERT INTO Workshop_registration (reservation_id, Participant_id) VALUES (33,16)
INSERT INTO Workshop_registration (reservation_id, Participant_id) VALUES (33,31)
INSERT INTO Workshop_reservations (reservation_id, workshop_id, reservation_date, due_price, nr_of_seats) VALUES (34,10,2020-12-23,'2022-06-11',21)
INSERT INTO Workshop_registration (reservation_id, Participant_id) VALUES (34,26)
INSERT INTO Workshop_registration (reservation_id, Participant_id) VALUES (34,25)
INSERT INTO Workshop_registration (reservation_id, Participant_id) VALUES (34,28)
INSERT INTO Workshop_registration (reservation_id, Participant_id) VALUES (34,10)
INSERT INTO Workshop_registration (reservation_id, Participant_id) VALUES (34,2)
INSERT INTO Workshop_registration (reservation_id, Participant_id) VALUES (34,11)
INSERT INTO Workshop_registration (reservation_id, Participant_id) VALUES (34,4)
INSERT INTO Workshop_registration (reservation_id, Participant_id) VALUES (34,35)
INSERT INTO Workshop_registration (reservation_id, Participant_id) VALUES (34,9)
INSERT INTO Workshop_registration (reservation_id, Participant_id) VALUES (34,19)
INSERT INTO Workshop_registration (reservation_id, Participant_id) VALUES (34,16)
INSERT INTO Workshop_registration (reservation_id, Participant_id) VALUES (34,22)
INSERT INTO Workshop_registration (reservation_id, Participant_id) VALUES (34,32)
INSERT INTO Workshop_registration (reservation_id, Participant_id) VALUES (34,8)
INSERT INTO Workshop_registration (reservation_id, Participant_id) VALUES (34,29)
INSERT INTO Workshop_registration (reservation_id, Participant_id) VALUES (34,18)
INSERT INTO Workshop_registration (reservation_id, Participant_id) VALUES (34,7)
INSERT INTO Workshop_registration (reservation_id, Participant_id) VALUES (34,13)
INSERT INTO Workshop_registration (reservation_id, Participant_id) VALUES (34,20)
INSERT INTO Workshop_registration (reservation_id, Participant_id) VALUES (34,38)
INSERT INTO Workshop_registration (reservation_id, Participant_id) VALUES (34,23)
INSERT INTO Workshop_reservations (reservation_id, workshop_id, reservation_date, due_price, nr_of_seats) VALUES (35,10,2021-12-01,'2022-01-15',30)
INSERT INTO Workshop_registration (reservation_id, Participant_id) VALUES (35,3)
INSERT INTO Workshop_registration (reservation_id, Participant_id) VALUES (35,36)
INSERT INTO Workshop_registration (reservation_id, Participant_id) VALUES (35,33)
INSERT INTO Workshop_registration (reservation_id, Participant_id) VALUES (35,28)
INSERT INTO Workshop_registration (reservation_id, Participant_id) VALUES (35,14)
INSERT INTO Workshop_registration (reservation_id, Participant_id) VALUES (35,29)
INSERT INTO Workshop_registration (reservation_id, Participant_id) VALUES (35,23)
INSERT INTO Workshop_registration (reservation_id, Participant_id) VALUES (35,18)
INSERT INTO Workshop_registration (reservation_id, Participant_id) VALUES (35,13)
INSERT INTO Workshop_registration (reservation_id, Participant_id) VALUES (35,31)
INSERT INTO Workshop_registration (reservation_id, Participant_id) VALUES (35,16)
INSERT INTO Workshop_registration (reservation_id, Participant_id) VALUES (35,26)
INSERT INTO Workshop_registration (reservation_id, Participant_id) VALUES (35,1)
INSERT INTO Workshop_registration (reservation_id, Participant_id) VALUES (35,22)
INSERT INTO Workshop_registration (reservation_id, Participant_id) VALUES (35,38)
INSERT INTO Workshop_registration (reservation_id, Participant_id) VALUES (35,8)
INSERT INTO Workshop_registration (reservation_id, Participant_id) VALUES (35,12)
INSERT INTO Workshop_registration (reservation_id, Participant_id) VALUES (35,5)
INSERT INTO Workshop_registration (reservation_id, Participant_id) VALUES (35,24)
INSERT INTO Workshop_registration (reservation_id, Participant_id) VALUES (35,11)
INSERT INTO Workshop_registration (reservation_id, Participant_id) VALUES (35,34)
INSERT INTO Workshop_registration (reservation_id, Participant_id) VALUES (35,20)
INSERT INTO Workshop_registration (reservation_id, Participant_id) VALUES (35,7)
INSERT INTO Workshop_registration (reservation_id, Participant_id) VALUES (35,25)
INSERT INTO Workshop_registration (reservation_id, Participant_id) VALUES (35,10)
INSERT INTO Workshop_registration (reservation_id, Participant_id) VALUES (35,9)
INSERT INTO Workshop_registration (reservation_id, Participant_id) VALUES (35,32)
INSERT INTO Workshop_registration (reservation_id, Participant_id) VALUES (35,4)
INSERT INTO Workshop_registration (reservation_id, Participant_id) VALUES (35,2)
INSERT INTO Workshop_registration (reservation_id, Participant_id) VALUES (35,6)
INSERT INTO Workshop_reservations (reservation_id, workshop_id, reservation_date, due_price, nr_of_seats) VALUES (36,10,2022-03-22,'2022-03-25',2)
INSERT INTO Workshop_registration (reservation_id, Participant_id) VALUES (36,24)
INSERT INTO Workshop_registration (reservation_id, Participant_id) VALUES (36,29)
INSERT INTO Workshop_reservations (reservation_id, workshop_id, reservation_date, due_price, nr_of_seats) VALUES (37,10,2022-04-21,'2022-06-03',30)
INSERT INTO Workshop_registration (reservation_id, Participant_id) VALUES (37,5)
INSERT INTO Workshop_registration (reservation_id, Participant_id) VALUES (37,18)
INSERT INTO Workshop_registration (reservation_id, Participant_id) VALUES (37,37)
INSERT INTO Workshop_registration (reservation_id, Participant_id) VALUES (37,10)
INSERT INTO Workshop_registration (reservation_id, Participant_id) VALUES (37,19)
INSERT INTO Workshop_registration (reservation_id, Participant_id) VALUES (37,28)
INSERT INTO Workshop_registration (reservation_id, Participant_id) VALUES (37,1)
INSERT INTO Workshop_registration (reservation_id, Participant_id) VALUES (37,17)
INSERT INTO Workshop_registration (reservation_id, Participant_id) VALUES (37,22)
INSERT INTO Workshop_registration (reservation_id, Participant_id) VALUES (37,8)
INSERT INTO Workshop_registration (reservation_id, Participant_id) VALUES (37,9)
INSERT INTO Workshop_registration (reservation_id, Participant_id) VALUES (37,6)
INSERT INTO Workshop_registration (reservation_id, Participant_id) VALUES (37,26)
INSERT INTO Workshop_registration (reservation_id, Participant_id) VALUES (37,14)
INSERT INTO Workshop_registration (reservation_id, Participant_id) VALUES (37,20)
INSERT INTO Workshop_registration (reservation_id, Participant_id) VALUES (37,34)
INSERT INTO Workshop_registration (reservation_id, Participant_id) VALUES (37,35)
INSERT INTO Workshop_registration (reservation_id, Participant_id) VALUES (37,36)
INSERT INTO Workshop_registration (reservation_id, Participant_id) VALUES (37,25)
INSERT INTO Workshop_registration (reservation_id, Participant_id) VALUES (37,2)
INSERT INTO Workshop_registration (reservation_id, Participant_id) VALUES (37,15)
INSERT INTO Workshop_registration (reservation_id, Participant_id) VALUES (37,11)
INSERT INTO Workshop_registration (reservation_id, Participant_id) VALUES (37,32)
INSERT INTO Workshop_registration (reservation_id, Participant_id) VALUES (37,38)
INSERT INTO Workshop_registration (reservation_id, Participant_id) VALUES (37,7)
INSERT INTO Workshop_registration (reservation_id, Participant_id) VALUES (37,4)
INSERT INTO Workshop_registration (reservation_id, Participant_id) VALUES (37,16)
INSERT INTO Workshop_registration (reservation_id, Participant_id) VALUES (37,33)
INSERT INTO Workshop_registration (reservation_id, Participant_id) VALUES (37,27)
INSERT INTO Workshop_registration (reservation_id, Participant_id) VALUES (37,12)
SET IDENTITY_INSERT  Workshop_reservations OFF
SET IDENTITY_INSERT  Workshops ON
INSERT INTO Workshops (workshop_id, conference_day_id, start_time, end_time, topic, price, number_of_seats) VALUES (11,3,'2022-06-26 12:10:00','2022-06-26 20:34:00','evolve dynamic applications','882.18','65')
SET IDENTITY_INSERT  Workshops OFF
SET IDENTITY_INSERT  Workshop_reservations ON
INSERT INTO Workshop_reservations (reservation_id, workshop_id, reservation_date, due_price, nr_of_seats) VALUES (38,11,2021-07-24,'2022-02-21',33)
INSERT INTO Workshop_registration (reservation_id, Participant_id) VALUES (38,2)
INSERT INTO Workshop_registration (reservation_id, Participant_id) VALUES (38,13)
INSERT INTO Workshop_registration (reservation_id, Participant_id) VALUES (38,23)
INSERT INTO Workshop_registration (reservation_id, Participant_id) VALUES (38,31)
INSERT INTO Workshop_registration (reservation_id, Participant_id) VALUES (38,18)
INSERT INTO Workshop_registration (reservation_id, Participant_id) VALUES (38,37)
INSERT INTO Workshop_registration (reservation_id, Participant_id) VALUES (38,12)
INSERT INTO Workshop_registration (reservation_id, Participant_id) VALUES (38,28)
INSERT INTO Workshop_registration (reservation_id, Participant_id) VALUES (38,5)
INSERT INTO Workshop_registration (reservation_id, Participant_id) VALUES (38,26)
INSERT INTO Workshop_registration (reservation_id, Participant_id) VALUES (38,11)
INSERT INTO Workshop_registration (reservation_id, Participant_id) VALUES (38,22)
INSERT INTO Workshop_registration (reservation_id, Participant_id) VALUES (38,36)
INSERT INTO Workshop_registration (reservation_id, Participant_id) VALUES (38,38)
INSERT INTO Workshop_registration (reservation_id, Participant_id) VALUES (38,34)
INSERT INTO Workshop_registration (reservation_id, Participant_id) VALUES (38,1)
INSERT INTO Workshop_registration (reservation_id, Participant_id) VALUES (38,7)
INSERT INTO Workshop_registration (reservation_id, Participant_id) VALUES (38,8)
INSERT INTO Workshop_registration (reservation_id, Participant_id) VALUES (38,29)
INSERT INTO Workshop_registration (reservation_id, Participant_id) VALUES (38,35)
INSERT INTO Workshop_registration (reservation_id, Participant_id) VALUES (38,33)
INSERT INTO Workshop_registration (reservation_id, Participant_id) VALUES (38,21)
INSERT INTO Workshop_registration (reservation_id, Participant_id) VALUES (38,15)
INSERT INTO Workshop_registration (reservation_id, Participant_id) VALUES (38,20)
INSERT INTO Workshop_registration (reservation_id, Participant_id) VALUES (38,19)
INSERT INTO Workshop_registration (reservation_id, Participant_id) VALUES (38,10)
INSERT INTO Workshop_registration (reservation_id, Participant_id) VALUES (38,17)
INSERT INTO Workshop_registration (reservation_id, Participant_id) VALUES (38,24)
INSERT INTO Workshop_registration (reservation_id, Participant_id) VALUES (38,4)
INSERT INTO Workshop_registration (reservation_id, Participant_id) VALUES (38,32)
INSERT INTO Workshop_registration (reservation_id, Participant_id) VALUES (38,16)
INSERT INTO Workshop_registration (reservation_id, Participant_id) VALUES (38,30)
INSERT INTO Workshop_registration (reservation_id, Participant_id) VALUES (38,6)
INSERT INTO Workshop_reservations (reservation_id, workshop_id, reservation_date, due_price, nr_of_seats) VALUES (39,11,2021-06-07,'2022-02-10',22)
INSERT INTO Workshop_registration (reservation_id, Participant_id) VALUES (39,4)
INSERT INTO Workshop_registration (reservation_id, Participant_id) VALUES (39,34)
INSERT INTO Workshop_registration (reservation_id, Participant_id) VALUES (39,8)
INSERT INTO Workshop_registration (reservation_id, Participant_id) VALUES (39,18)
INSERT INTO Workshop_registration (reservation_id, Participant_id) VALUES (39,15)
INSERT INTO Workshop_registration (reservation_id, Participant_id) VALUES (39,11)
INSERT INTO Workshop_registration (reservation_id, Participant_id) VALUES (39,17)
INSERT INTO Workshop_registration (reservation_id, Participant_id) VALUES (39,38)
INSERT INTO Workshop_registration (reservation_id, Participant_id) VALUES (39,29)
INSERT INTO Workshop_registration (reservation_id, Participant_id) VALUES (39,26)
INSERT INTO Workshop_registration (reservation_id, Participant_id) VALUES (39,14)
INSERT INTO Workshop_registration (reservation_id, Participant_id) VALUES (39,24)
INSERT INTO Workshop_registration (reservation_id, Participant_id) VALUES (39,32)
INSERT INTO Workshop_registration (reservation_id, Participant_id) VALUES (39,10)
INSERT INTO Workshop_registration (reservation_id, Participant_id) VALUES (39,5)
INSERT INTO Workshop_registration (reservation_id, Participant_id) VALUES (39,35)
INSERT INTO Workshop_registration (reservation_id, Participant_id) VALUES (39,36)
INSERT INTO Workshop_registration (reservation_id, Participant_id) VALUES (39,12)
INSERT INTO Workshop_registration (reservation_id, Participant_id) VALUES (39,9)
INSERT INTO Workshop_registration (reservation_id, Participant_id) VALUES (39,21)
INSERT INTO Workshop_registration (reservation_id, Participant_id) VALUES (39,23)
INSERT INTO Workshop_registration (reservation_id, Participant_id) VALUES (39,37)
INSERT INTO Workshop_reservations (reservation_id, workshop_id, reservation_date, due_price, nr_of_seats) VALUES (40,11,2021-04-24,'2021-05-05',1)
INSERT INTO Workshop_registration (reservation_id, Participant_id) VALUES (40,18)
INSERT INTO Workshop_reservations (reservation_id, workshop_id, reservation_date, due_price, nr_of_seats) VALUES (41,11,2022-01-05,'2022-06-04',23)
INSERT INTO Workshop_registration (reservation_id, Participant_id) VALUES (41,2)
INSERT INTO Workshop_registration (reservation_id, Participant_id) VALUES (41,12)
INSERT INTO Workshop_registration (reservation_id, Participant_id) VALUES (41,37)
INSERT INTO Workshop_registration (reservation_id, Participant_id) VALUES (41,31)
INSERT INTO Workshop_registration (reservation_id, Participant_id) VALUES (41,38)
INSERT INTO Workshop_registration (reservation_id, Participant_id) VALUES (41,6)
INSERT INTO Workshop_registration (reservation_id, Participant_id) VALUES (41,17)
INSERT INTO Workshop_registration (reservation_id, Participant_id) VALUES (41,29)
INSERT INTO Workshop_registration (reservation_id, Participant_id) VALUES (41,15)
INSERT INTO Workshop_registration (reservation_id, Participant_id) VALUES (41,7)
INSERT INTO Workshop_registration (reservation_id, Participant_id) VALUES (41,22)
INSERT INTO Workshop_registration (reservation_id, Participant_id) VALUES (41,35)
INSERT INTO Workshop_registration (reservation_id, Participant_id) VALUES (41,32)
INSERT INTO Workshop_registration (reservation_id, Participant_id) VALUES (41,11)
INSERT INTO Workshop_registration (reservation_id, Participant_id) VALUES (41,25)
INSERT INTO Workshop_registration (reservation_id, Participant_id) VALUES (41,18)
INSERT INTO Workshop_registration (reservation_id, Participant_id) VALUES (41,30)
INSERT INTO Workshop_registration (reservation_id, Participant_id) VALUES (41,4)
INSERT INTO Workshop_registration (reservation_id, Participant_id) VALUES (41,23)
INSERT INTO Workshop_registration (reservation_id, Participant_id) VALUES (41,1)
INSERT INTO Workshop_registration (reservation_id, Participant_id) VALUES (41,26)
INSERT INTO Workshop_registration (reservation_id, Participant_id) VALUES (41,5)
INSERT INTO Workshop_registration (reservation_id, Participant_id) VALUES (41,10)
INSERT INTO Workshop_reservations (reservation_id, workshop_id, reservation_date, due_price, nr_of_seats) VALUES (42,11,2020-06-22,'2020-11-13',13)
INSERT INTO Workshop_registration (reservation_id, Participant_id) VALUES (42,38)
INSERT INTO Workshop_registration (reservation_id, Participant_id) VALUES (42,1)
INSERT INTO Workshop_registration (reservation_id, Participant_id) VALUES (42,2)
INSERT INTO Workshop_registration (reservation_id, Participant_id) VALUES (42,33)
INSERT INTO Workshop_registration (reservation_id, Participant_id) VALUES (42,26)
INSERT INTO Workshop_registration (reservation_id, Participant_id) VALUES (42,18)
INSERT INTO Workshop_registration (reservation_id, Participant_id) VALUES (42,14)
INSERT INTO Workshop_registration (reservation_id, Participant_id) VALUES (42,22)
INSERT INTO Workshop_registration (reservation_id, Participant_id) VALUES (42,12)
INSERT INTO Workshop_registration (reservation_id, Participant_id) VALUES (42,24)
INSERT INTO Workshop_registration (reservation_id, Participant_id) VALUES (42,7)
INSERT INTO Workshop_registration (reservation_id, Participant_id) VALUES (42,34)
INSERT INTO Workshop_registration (reservation_id, Participant_id) VALUES (42,8)
INSERT INTO Workshop_reservations (reservation_id, workshop_id, reservation_date, due_price, nr_of_seats) VALUES (43,11,2021-08-19,'2021-10-06',6)
INSERT INTO Workshop_registration (reservation_id, Participant_id) VALUES (43,17)
INSERT INTO Workshop_registration (reservation_id, Participant_id) VALUES (43,14)
INSERT INTO Workshop_registration (reservation_id, Participant_id) VALUES (43,9)
INSERT INTO Workshop_registration (reservation_id, Participant_id) VALUES (43,6)
INSERT INTO Workshop_registration (reservation_id, Participant_id) VALUES (43,26)
INSERT INTO Workshop_registration (reservation_id, Participant_id) VALUES (43,3)
INSERT INTO Workshop_reservations (reservation_id, workshop_id, reservation_date, due_price, nr_of_seats) VALUES (44,11,2022-05-19,'2022-06-25',38)
INSERT INTO Workshop_registration (reservation_id, Participant_id) VALUES (44,6)
INSERT INTO Workshop_registration (reservation_id, Participant_id) VALUES (44,15)
INSERT INTO Workshop_registration (reservation_id, Participant_id) VALUES (44,30)
INSERT INTO Workshop_registration (reservation_id, Participant_id) VALUES (44,3)
INSERT INTO Workshop_registration (reservation_id, Participant_id) VALUES (44,37)
INSERT INTO Workshop_registration (reservation_id, Participant_id) VALUES (44,1)
INSERT INTO Workshop_registration (reservation_id, Participant_id) VALUES (44,28)
INSERT INTO Workshop_registration (reservation_id, Participant_id) VALUES (44,22)
INSERT INTO Workshop_registration (reservation_id, Participant_id) VALUES (44,8)
INSERT INTO Workshop_registration (reservation_id, Participant_id) VALUES (44,17)
INSERT INTO Workshop_registration (reservation_id, Participant_id) VALUES (44,4)
INSERT INTO Workshop_registration (reservation_id, Participant_id) VALUES (44,34)
INSERT INTO Workshop_registration (reservation_id, Participant_id) VALUES (44,20)
INSERT INTO Workshop_registration (reservation_id, Participant_id) VALUES (44,9)
INSERT INTO Workshop_registration (reservation_id, Participant_id) VALUES (44,5)
INSERT INTO Workshop_registration (reservation_id, Participant_id) VALUES (44,29)
INSERT INTO Workshop_registration (reservation_id, Participant_id) VALUES (44,36)
INSERT INTO Workshop_registration (reservation_id, Participant_id) VALUES (44,27)
INSERT INTO Workshop_registration (reservation_id, Participant_id) VALUES (44,18)
INSERT INTO Workshop_registration (reservation_id, Participant_id) VALUES (44,13)
INSERT INTO Workshop_registration (reservation_id, Participant_id) VALUES (44,24)
INSERT INTO Workshop_registration (reservation_id, Participant_id) VALUES (44,12)
INSERT INTO Workshop_registration (reservation_id, Participant_id) VALUES (44,26)
INSERT INTO Workshop_registration (reservation_id, Participant_id) VALUES (44,7)
INSERT INTO Workshop_registration (reservation_id, Participant_id) VALUES (44,33)
INSERT INTO Workshop_registration (reservation_id, Participant_id) VALUES (44,11)
INSERT INTO Workshop_registration (reservation_id, Participant_id) VALUES (44,35)
INSERT INTO Workshop_registration (reservation_id, Participant_id) VALUES (44,31)
INSERT INTO Workshop_registration (reservation_id, Participant_id) VALUES (44,23)
INSERT INTO Workshop_registration (reservation_id, Participant_id) VALUES (44,21)
INSERT INTO Workshop_registration (reservation_id, Participant_id) VALUES (44,14)
INSERT INTO Workshop_registration (reservation_id, Participant_id) VALUES (44,16)
INSERT INTO Workshop_registration (reservation_id, Participant_id) VALUES (44,10)
INSERT INTO Workshop_registration (reservation_id, Participant_id) VALUES (44,2)
INSERT INTO Workshop_registration (reservation_id, Participant_id) VALUES (44,19)
INSERT INTO Workshop_registration (reservation_id, Participant_id) VALUES (44,32)
INSERT INTO Workshop_registration (reservation_id, Participant_id) VALUES (44,38)
INSERT INTO Workshop_registration (reservation_id, Participant_id) VALUES (44,25)
INSERT INTO Workshop_reservations (reservation_id, workshop_id, reservation_date, due_price, nr_of_seats) VALUES (45,11,2021-11-25,'2022-03-07',15)
INSERT INTO Workshop_registration (reservation_id, Participant_id) VALUES (45,1)
INSERT INTO Workshop_registration (reservation_id, Participant_id) VALUES (45,34)
INSERT INTO Workshop_registration (reservation_id, Participant_id) VALUES (45,12)
INSERT INTO Workshop_registration (reservation_id, Participant_id) VALUES (45,20)
INSERT INTO Workshop_registration (reservation_id, Participant_id) VALUES (45,2)
INSERT INTO Workshop_registration (reservation_id, Participant_id) VALUES (45,8)
INSERT INTO Workshop_registration (reservation_id, Participant_id) VALUES (45,10)
INSERT INTO Workshop_registration (reservation_id, Participant_id) VALUES (45,5)
INSERT INTO Workshop_registration (reservation_id, Participant_id) VALUES (45,17)
INSERT INTO Workshop_registration (reservation_id, Participant_id) VALUES (45,31)
INSERT INTO Workshop_registration (reservation_id, Participant_id) VALUES (45,37)
INSERT INTO Workshop_registration (reservation_id, Participant_id) VALUES (45,29)
INSERT INTO Workshop_registration (reservation_id, Participant_id) VALUES (45,21)
INSERT INTO Workshop_registration (reservation_id, Participant_id) VALUES (45,27)
INSERT INTO Workshop_registration (reservation_id, Participant_id) VALUES (45,30)
INSERT INTO Workshop_reservations (reservation_id, workshop_id, reservation_date, due_price, nr_of_seats) VALUES (46,11,2022-02-10,'2022-03-26',6)
INSERT INTO Workshop_registration (reservation_id, Participant_id) VALUES (46,10)
INSERT INTO Workshop_registration (reservation_id, Participant_id) VALUES (46,26)
INSERT INTO Workshop_registration (reservation_id, Participant_id) VALUES (46,21)
INSERT INTO Workshop_registration (reservation_id, Participant_id) VALUES (46,15)
INSERT INTO Workshop_registration (reservation_id, Participant_id) VALUES (46,27)
INSERT INTO Workshop_registration (reservation_id, Participant_id) VALUES (46,32)
SET IDENTITY_INSERT  Workshop_reservations OFF
SET IDENTITY_INSERT  Workshops ON
INSERT INTO Workshops (workshop_id, conference_day_id, start_time, end_time, topic, price, number_of_seats) VALUES (12,3,'2022-06-26 08:30:00','2022-06-26 09:30:00','implement distributed partnerships','833.81','14')
SET IDENTITY_INSERT  Workshops OFF
SET IDENTITY_INSERT  Workshop_reservations ON
INSERT INTO Workshop_reservations (reservation_id, workshop_id, reservation_date, due_price, nr_of_seats) VALUES (47,12,2020-10-28,'2021-04-08',36)
INSERT INTO Workshop_registration (reservation_id, Participant_id) VALUES (47,34)
INSERT INTO Workshop_registration (reservation_id, Participant_id) VALUES (47,5)
INSERT INTO Workshop_registration (reservation_id, Participant_id) VALUES (47,1)
INSERT INTO Workshop_registration (reservation_id, Participant_id) VALUES (47,6)
INSERT INTO Workshop_registration (reservation_id, Participant_id) VALUES (47,32)
INSERT INTO Workshop_registration (reservation_id, Participant_id) VALUES (47,26)
INSERT INTO Workshop_registration (reservation_id, Participant_id) VALUES (47,12)
INSERT INTO Workshop_registration (reservation_id, Participant_id) VALUES (47,19)
INSERT INTO Workshop_registration (reservation_id, Participant_id) VALUES (47,11)
INSERT INTO Workshop_registration (reservation_id, Participant_id) VALUES (47,15)
INSERT INTO Workshop_registration (reservation_id, Participant_id) VALUES (47,27)
INSERT INTO Workshop_registration (reservation_id, Participant_id) VALUES (47,29)
INSERT INTO Workshop_registration (reservation_id, Participant_id) VALUES (47,31)
INSERT INTO Workshop_registration (reservation_id, Participant_id) VALUES (47,22)
INSERT INTO Workshop_registration (reservation_id, Participant_id) VALUES (47,9)
INSERT INTO Workshop_registration (reservation_id, Participant_id) VALUES (47,14)
INSERT INTO Workshop_registration (reservation_id, Participant_id) VALUES (47,37)
INSERT INTO Workshop_registration (reservation_id, Participant_id) VALUES (47,35)
INSERT INTO Workshop_registration (reservation_id, Participant_id) VALUES (47,8)
INSERT INTO Workshop_registration (reservation_id, Participant_id) VALUES (47,33)
INSERT INTO Workshop_registration (reservation_id, Participant_id) VALUES (47,21)
INSERT INTO Workshop_registration (reservation_id, Participant_id) VALUES (47,17)
INSERT INTO Workshop_registration (reservation_id, Participant_id) VALUES (47,28)
INSERT INTO Workshop_registration (reservation_id, Participant_id) VALUES (47,30)
INSERT INTO Workshop_registration (reservation_id, Participant_id) VALUES (47,13)
INSERT INTO Workshop_registration (reservation_id, Participant_id) VALUES (47,36)
INSERT INTO Workshop_registration (reservation_id, Participant_id) VALUES (47,24)
INSERT INTO Workshop_registration (reservation_id, Participant_id) VALUES (47,16)
INSERT INTO Workshop_registration (reservation_id, Participant_id) VALUES (47,25)
INSERT INTO Workshop_registration (reservation_id, Participant_id) VALUES (47,4)
INSERT INTO Workshop_registration (reservation_id, Participant_id) VALUES (47,3)
INSERT INTO Workshop_registration (reservation_id, Participant_id) VALUES (47,20)
INSERT INTO Workshop_registration (reservation_id, Participant_id) VALUES (47,2)
INSERT INTO Workshop_registration (reservation_id, Participant_id) VALUES (47,23)
INSERT INTO Workshop_registration (reservation_id, Participant_id) VALUES (47,7)
INSERT INTO Workshop_registration (reservation_id, Participant_id) VALUES (47,38)
INSERT INTO Workshop_reservations (reservation_id, workshop_id, reservation_date, due_price, nr_of_seats) VALUES (48,12,2020-12-03,'2020-12-06',18)
INSERT INTO Workshop_registration (reservation_id, Participant_id) VALUES (48,13)
INSERT INTO Workshop_registration (reservation_id, Participant_id) VALUES (48,29)
INSERT INTO Workshop_registration (reservation_id, Participant_id) VALUES (48,9)
INSERT INTO Workshop_registration (reservation_id, Participant_id) VALUES (48,7)
INSERT INTO Workshop_registration (reservation_id, Participant_id) VALUES (48,38)
INSERT INTO Workshop_registration (reservation_id, Participant_id) VALUES (48,34)
INSERT INTO Workshop_registration (reservation_id, Participant_id) VALUES (48,37)
INSERT INTO Workshop_registration (reservation_id, Participant_id) VALUES (48,4)
INSERT INTO Workshop_registration (reservation_id, Participant_id) VALUES (48,21)
INSERT INTO Workshop_registration (reservation_id, Participant_id) VALUES (48,18)
INSERT INTO Workshop_registration (reservation_id, Participant_id) VALUES (48,36)
INSERT INTO Workshop_registration (reservation_id, Participant_id) VALUES (48,32)
INSERT INTO Workshop_registration (reservation_id, Participant_id) VALUES (48,20)
INSERT INTO Workshop_registration (reservation_id, Participant_id) VALUES (48,5)
INSERT INTO Workshop_registration (reservation_id, Participant_id) VALUES (48,23)
INSERT INTO Workshop_registration (reservation_id, Participant_id) VALUES (48,8)
INSERT INTO Workshop_registration (reservation_id, Participant_id) VALUES (48,2)
INSERT INTO Workshop_registration (reservation_id, Participant_id) VALUES (48,26)
INSERT INTO Workshop_reservations (reservation_id, workshop_id, reservation_date, due_price, nr_of_seats) VALUES (49,12,2022-04-26,'2022-06-12',15)
INSERT INTO Workshop_registration (reservation_id, Participant_id) VALUES (49,13)
INSERT INTO Workshop_registration (reservation_id, Participant_id) VALUES (49,26)
INSERT INTO Workshop_registration (reservation_id, Participant_id) VALUES (49,34)
INSERT INTO Workshop_registration (reservation_id, Participant_id) VALUES (49,38)
INSERT INTO Workshop_registration (reservation_id, Participant_id) VALUES (49,12)
INSERT INTO Workshop_registration (reservation_id, Participant_id) VALUES (49,3)
INSERT INTO Workshop_registration (reservation_id, Participant_id) VALUES (49,33)
INSERT INTO Workshop_registration (reservation_id, Participant_id) VALUES (49,20)
INSERT INTO Workshop_registration (reservation_id, Participant_id) VALUES (49,15)
INSERT INTO Workshop_registration (reservation_id, Participant_id) VALUES (49,14)
INSERT INTO Workshop_registration (reservation_id, Participant_id) VALUES (49,10)
INSERT INTO Workshop_registration (reservation_id, Participant_id) VALUES (49,17)
INSERT INTO Workshop_registration (reservation_id, Participant_id) VALUES (49,35)
INSERT INTO Workshop_registration (reservation_id, Participant_id) VALUES (49,4)
INSERT INTO Workshop_registration (reservation_id, Participant_id) VALUES (49,32)
INSERT INTO Workshop_reservations (reservation_id, workshop_id, reservation_date, due_price, nr_of_seats) VALUES (50,12,2021-04-05,'2021-08-01',7)
INSERT INTO Workshop_registration (reservation_id, Participant_id) VALUES (50,24)
INSERT INTO Workshop_registration (reservation_id, Participant_id) VALUES (50,17)
INSERT INTO Workshop_registration (reservation_id, Participant_id) VALUES (50,7)
INSERT INTO Workshop_registration (reservation_id, Participant_id) VALUES (50,15)
INSERT INTO Workshop_registration (reservation_id, Participant_id) VALUES (50,18)
INSERT INTO Workshop_registration (reservation_id, Participant_id) VALUES (50,27)
INSERT INTO Workshop_registration (reservation_id, Participant_id) VALUES (50,11)
SET IDENTITY_INSERT  Workshop_reservations OFF
SET IDENTITY_INSERT  Conference_day_reservations ON
INSERT INTO Conference_day_reservations (reservation_id, conference_day_id, clients_id, reservation_date, active, due_price, adult_seats, student_seats) VALUES (12,3,7,'2021-11-27','0','2021-12-06','7','29')
INSERT INTO Payments (reservation_id, in_date, value) VALUES (12,'2021-12-03',145.3)
INSERT INTO Payments (reservation_id, in_date, value) VALUES (12,'2021-12-03',242.0)
INSERT INTO Payments (reservation_id, in_date, value) VALUES (12,'2021-11-30',125.0)
INSERT INTO Payments (reservation_id, in_date, value) VALUES (12,'2021-12-03',272.0)
INSERT INTO Conference_day_registration (reservation_id, Participant_id, is_student) VALUES (12,9,0)
INSERT INTO Conference_day_registration (reservation_id, Participant_id, is_student) VALUES (12,36,0)
INSERT INTO Conference_day_registration (reservation_id, Participant_id, is_student) VALUES (12,35,0)
INSERT INTO Conference_day_registration (reservation_id, Participant_id, is_student) VALUES (12,24,0)
INSERT INTO Conference_day_registration (reservation_id, Participant_id, is_student) VALUES (12,20,0)
INSERT INTO Conference_day_registration (reservation_id, Participant_id, is_student) VALUES (12,25,0)
INSERT INTO Conference_day_registration (reservation_id, Participant_id, is_student) VALUES (12,29,0)
INSERT INTO Conference_day_registration (reservation_id, Participant_id, is_student) VALUES (12,27,1)
INSERT INTO Conference_day_registration (reservation_id, Participant_id, is_student) VALUES (12,6,1)
INSERT INTO Conference_day_registration (reservation_id, Participant_id, is_student) VALUES (12,8,1)
INSERT INTO Conference_day_registration (reservation_id, Participant_id, is_student) VALUES (12,37,1)
INSERT INTO Conference_day_registration (reservation_id, Participant_id, is_student) VALUES (12,14,1)
INSERT INTO Conference_day_registration (reservation_id, Participant_id, is_student) VALUES (12,26,1)
INSERT INTO Conference_day_registration (reservation_id, Participant_id, is_student) VALUES (12,18,1)
INSERT INTO Conference_day_registration (reservation_id, Participant_id, is_student) VALUES (12,1,1)
INSERT INTO Conference_day_registration (reservation_id, Participant_id, is_student) VALUES (12,12,1)
INSERT INTO Conference_day_registration (reservation_id, Participant_id, is_student) VALUES (12,10,1)
INSERT INTO Conference_day_registration (reservation_id, Participant_id, is_student) VALUES (12,23,1)
INSERT INTO Conference_day_registration (reservation_id, Participant_id, is_student) VALUES (12,15,1)
INSERT INTO Conference_day_registration (reservation_id, Participant_id, is_student) VALUES (12,11,1)
INSERT INTO Conference_day_registration (reservation_id, Participant_id, is_student) VALUES (12,16,1)
INSERT INTO Conference_day_registration (reservation_id, Participant_id, is_student) VALUES (12,13,1)
INSERT INTO Conference_day_registration (reservation_id, Participant_id, is_student) VALUES (12,32,1)
INSERT INTO Conference_day_registration (reservation_id, Participant_id, is_student) VALUES (12,33,1)
INSERT INTO Conference_day_registration (reservation_id, Participant_id, is_student) VALUES (12,30,1)
INSERT INTO Conference_day_registration (reservation_id, Participant_id, is_student) VALUES (12,21,1)
INSERT INTO Conference_day_registration (reservation_id, Participant_id, is_student) VALUES (12,7,1)
INSERT INTO Conference_day_registration (reservation_id, Participant_id, is_student) VALUES (12,28,1)
INSERT INTO Conference_day_registration (reservation_id, Participant_id, is_student) VALUES (12,5,1)
INSERT INTO Conference_day_registration (reservation_id, Participant_id, is_student) VALUES (12,17,1)
INSERT INTO Conference_day_registration (reservation_id, Participant_id, is_student) VALUES (12,19,1)
INSERT INTO Conference_day_registration (reservation_id, Participant_id, is_student) VALUES (12,34,1)
INSERT INTO Conference_day_registration (reservation_id, Participant_id, is_student) VALUES (12,2,1)
INSERT INTO Conference_day_registration (reservation_id, Participant_id, is_student) VALUES (12,38,1)
INSERT INTO Conference_day_registration (reservation_id, Participant_id, is_student) VALUES (12,22,1)
INSERT INTO Conference_day_registration (reservation_id, Participant_id, is_student) VALUES (12,3,1)
INSERT INTO Conference_day_reservations (reservation_id, conference_day_id, clients_id, reservation_date, active, due_price, adult_seats, student_seats) VALUES (13,3,1,'2021-09-10','0','2022-03-23','2','0')
INSERT INTO Payments (reservation_id, in_date, value) VALUES (13,'2021-09-27',319.91)
INSERT INTO Payments (reservation_id, in_date, value) VALUES (13,'2022-01-19',197.0)
INSERT INTO Payments (reservation_id, in_date, value) VALUES (13,'2021-09-11',247.0)
INSERT INTO Conference_day_registration (reservation_id, Participant_id, is_student) VALUES (13,8,0)
INSERT INTO Conference_day_registration (reservation_id, Participant_id, is_student) VALUES (13,20,0)
SET IDENTITY_INSERT  Conference_day_reservations OFF
SET IDENTITY_INSERT Conference_days ON
INSERT INTO Conference_days (conference_day_id, conference_id, date, standard_price, student_discount) VALUES (4,1,'2022-06-27',251.87,0.12)
INSERT INTO Early_signup_discounts (conference_day_id, end_date, discount) VALUES (4,'2018-03-08','0.37')
INSERT INTO Early_signup_discounts (conference_day_id, end_date, discount) VALUES (4,'2021-11-29','0.43')
INSERT INTO Early_signup_discounts (conference_day_id, end_date, discount) VALUES (4,'2018-10-03','0.04')
SET IDENTITY_INSERT Conference_days OFF
SET IDENTITY_INSERT  Workshops ON
INSERT INTO Workshops (workshop_id, conference_day_id, start_time, end_time, topic, price, number_of_seats) VALUES (13,4,'2022-06-27 06:27:00','2022-06-27 21:39:00','extend out-of-the-box schemas','953.41','33')
SET IDENTITY_INSERT  Workshops OFF
SET IDENTITY_INSERT  Workshop_reservations ON
INSERT INTO Workshop_reservations (reservation_id, workshop_id, reservation_date, due_price, nr_of_seats) VALUES (51,13,2021-05-12,'2021-10-06',19)
INSERT INTO Workshop_registration (reservation_id, Participant_id) VALUES (51,10)
INSERT INTO Workshop_registration (reservation_id, Participant_id) VALUES (51,27)
INSERT INTO Workshop_registration (reservation_id, Participant_id) VALUES (51,22)
INSERT INTO Workshop_registration (reservation_id, Participant_id) VALUES (51,4)
INSERT INTO Workshop_registration (reservation_id, Participant_id) VALUES (51,16)
INSERT INTO Workshop_registration (reservation_id, Participant_id) VALUES (51,25)
INSERT INTO Workshop_registration (reservation_id, Participant_id) VALUES (51,28)
INSERT INTO Workshop_registration (reservation_id, Participant_id) VALUES (51,8)
INSERT INTO Workshop_registration (reservation_id, Participant_id) VALUES (51,3)
INSERT INTO Workshop_registration (reservation_id, Participant_id) VALUES (51,13)
INSERT INTO Workshop_registration (reservation_id, Participant_id) VALUES (51,26)
INSERT INTO Workshop_registration (reservation_id, Participant_id) VALUES (51,18)
INSERT INTO Workshop_registration (reservation_id, Participant_id) VALUES (51,9)
INSERT INTO Workshop_registration (reservation_id, Participant_id) VALUES (51,37)
INSERT INTO Workshop_registration (reservation_id, Participant_id) VALUES (51,38)
INSERT INTO Workshop_registration (reservation_id, Participant_id) VALUES (51,14)
INSERT INTO Workshop_registration (reservation_id, Participant_id) VALUES (51,33)
INSERT INTO Workshop_registration (reservation_id, Participant_id) VALUES (51,12)
INSERT INTO Workshop_registration (reservation_id, Participant_id) VALUES (51,11)
INSERT INTO Workshop_reservations (reservation_id, workshop_id, reservation_date, due_price, nr_of_seats) VALUES (52,13,2021-09-09,'2022-04-13',9)
INSERT INTO Workshop_registration (reservation_id, Participant_id) VALUES (52,13)
INSERT INTO Workshop_registration (reservation_id, Participant_id) VALUES (52,11)
INSERT INTO Workshop_registration (reservation_id, Participant_id) VALUES (52,16)
INSERT INTO Workshop_registration (reservation_id, Participant_id) VALUES (52,3)
INSERT INTO Workshop_registration (reservation_id, Participant_id) VALUES (52,27)
INSERT INTO Workshop_registration (reservation_id, Participant_id) VALUES (52,23)
INSERT INTO Workshop_registration (reservation_id, Participant_id) VALUES (52,35)
INSERT INTO Workshop_registration (reservation_id, Participant_id) VALUES (52,26)
INSERT INTO Workshop_registration (reservation_id, Participant_id) VALUES (52,37)
INSERT INTO Workshop_reservations (reservation_id, workshop_id, reservation_date, due_price, nr_of_seats) VALUES (53,13,2021-01-10,'2021-02-22',14)
INSERT INTO Workshop_registration (reservation_id, Participant_id) VALUES (53,20)
INSERT INTO Workshop_registration (reservation_id, Participant_id) VALUES (53,23)
INSERT INTO Workshop_registration (reservation_id, Participant_id) VALUES (53,8)
INSERT INTO Workshop_registration (reservation_id, Participant_id) VALUES (53,9)
INSERT INTO Workshop_registration (reservation_id, Participant_id) VALUES (53,12)
INSERT INTO Workshop_registration (reservation_id, Participant_id) VALUES (53,19)
INSERT INTO Workshop_registration (reservation_id, Participant_id) VALUES (53,5)
INSERT INTO Workshop_registration (reservation_id, Participant_id) VALUES (53,35)
INSERT INTO Workshop_registration (reservation_id, Participant_id) VALUES (53,16)
INSERT INTO Workshop_registration (reservation_id, Participant_id) VALUES (53,36)
INSERT INTO Workshop_registration (reservation_id, Participant_id) VALUES (53,6)
INSERT INTO Workshop_registration (reservation_id, Participant_id) VALUES (53,33)
INSERT INTO Workshop_registration (reservation_id, Participant_id) VALUES (53,25)
INSERT INTO Workshop_registration (reservation_id, Participant_id) VALUES (53,34)
SET IDENTITY_INSERT  Workshop_reservations OFF
SET IDENTITY_INSERT  Workshops ON
INSERT INTO Workshops (workshop_id, conference_day_id, start_time, end_time, topic, price, number_of_seats) VALUES (14,4,'2022-06-27 18:46:00','2022-06-27 20:18:00','target enterprise e-services','543.6','30')
SET IDENTITY_INSERT  Workshops OFF
SET IDENTITY_INSERT  Workshop_reservations ON
INSERT INTO Workshop_reservations (reservation_id, workshop_id, reservation_date, due_price, nr_of_seats) VALUES (54,14,2020-06-16,'2021-09-25',14)
INSERT INTO Workshop_registration (reservation_id, Participant_id) VALUES (54,33)
INSERT INTO Workshop_registration (reservation_id, Participant_id) VALUES (54,21)
INSERT INTO Workshop_registration (reservation_id, Participant_id) VALUES (54,15)
INSERT INTO Workshop_registration (reservation_id, Participant_id) VALUES (54,35)
INSERT INTO Workshop_registration (reservation_id, Participant_id) VALUES (54,9)
INSERT INTO Workshop_registration (reservation_id, Participant_id) VALUES (54,38)
INSERT INTO Workshop_registration (reservation_id, Participant_id) VALUES (54,32)
INSERT INTO Workshop_registration (reservation_id, Participant_id) VALUES (54,31)
INSERT INTO Workshop_registration (reservation_id, Participant_id) VALUES (54,10)
INSERT INTO Workshop_registration (reservation_id, Participant_id) VALUES (54,3)
INSERT INTO Workshop_registration (reservation_id, Participant_id) VALUES (54,5)
INSERT INTO Workshop_registration (reservation_id, Participant_id) VALUES (54,4)
INSERT INTO Workshop_registration (reservation_id, Participant_id) VALUES (54,16)
INSERT INTO Workshop_registration (reservation_id, Participant_id) VALUES (54,25)
INSERT INTO Workshop_reservations (reservation_id, workshop_id, reservation_date, due_price, nr_of_seats) VALUES (55,14,2020-01-23,'2021-06-10',25)
INSERT INTO Workshop_registration (reservation_id, Participant_id) VALUES (55,27)
INSERT INTO Workshop_registration (reservation_id, Participant_id) VALUES (55,11)
INSERT INTO Workshop_registration (reservation_id, Participant_id) VALUES (55,37)
INSERT INTO Workshop_registration (reservation_id, Participant_id) VALUES (55,36)
INSERT INTO Workshop_registration (reservation_id, Participant_id) VALUES (55,31)
INSERT INTO Workshop_registration (reservation_id, Participant_id) VALUES (55,5)
INSERT INTO Workshop_registration (reservation_id, Participant_id) VALUES (55,24)
INSERT INTO Workshop_registration (reservation_id, Participant_id) VALUES (55,23)
INSERT INTO Workshop_registration (reservation_id, Participant_id) VALUES (55,26)
INSERT INTO Workshop_registration (reservation_id, Participant_id) VALUES (55,6)
INSERT INTO Workshop_registration (reservation_id, Participant_id) VALUES (55,7)
INSERT INTO Workshop_registration (reservation_id, Participant_id) VALUES (55,18)
INSERT INTO Workshop_registration (reservation_id, Participant_id) VALUES (55,19)
INSERT INTO Workshop_registration (reservation_id, Participant_id) VALUES (55,22)
INSERT INTO Workshop_registration (reservation_id, Participant_id) VALUES (55,35)
INSERT INTO Workshop_registration (reservation_id, Participant_id) VALUES (55,1)
INSERT INTO Workshop_registration (reservation_id, Participant_id) VALUES (55,33)
INSERT INTO Workshop_registration (reservation_id, Participant_id) VALUES (55,20)
INSERT INTO Workshop_registration (reservation_id, Participant_id) VALUES (55,4)
INSERT INTO Workshop_registration (reservation_id, Participant_id) VALUES (55,34)
INSERT INTO Workshop_registration (reservation_id, Participant_id) VALUES (55,8)
INSERT INTO Workshop_registration (reservation_id, Participant_id) VALUES (55,17)
INSERT INTO Workshop_registration (reservation_id, Participant_id) VALUES (55,15)
INSERT INTO Workshop_registration (reservation_id, Participant_id) VALUES (55,25)
INSERT INTO Workshop_registration (reservation_id, Participant_id) VALUES (55,9)
INSERT INTO Workshop_reservations (reservation_id, workshop_id, reservation_date, due_price, nr_of_seats) VALUES (56,14,2021-03-30,'2022-06-15',15)
INSERT INTO Workshop_registration (reservation_id, Participant_id) VALUES (56,31)
INSERT INTO Workshop_registration (reservation_id, Participant_id) VALUES (56,10)
INSERT INTO Workshop_registration (reservation_id, Participant_id) VALUES (56,32)
INSERT INTO Workshop_registration (reservation_id, Participant_id) VALUES (56,29)
INSERT INTO Workshop_registration (reservation_id, Participant_id) VALUES (56,15)
INSERT INTO Workshop_registration (reservation_id, Participant_id) VALUES (56,2)
INSERT INTO Workshop_registration (reservation_id, Participant_id) VALUES (56,27)
INSERT INTO Workshop_registration (reservation_id, Participant_id) VALUES (56,28)
INSERT INTO Workshop_registration (reservation_id, Participant_id) VALUES (56,36)
INSERT INTO Workshop_registration (reservation_id, Participant_id) VALUES (56,38)
INSERT INTO Workshop_registration (reservation_id, Participant_id) VALUES (56,35)
INSERT INTO Workshop_registration (reservation_id, Participant_id) VALUES (56,11)
INSERT INTO Workshop_registration (reservation_id, Participant_id) VALUES (56,33)
INSERT INTO Workshop_registration (reservation_id, Participant_id) VALUES (56,14)
INSERT INTO Workshop_registration (reservation_id, Participant_id) VALUES (56,17)
INSERT INTO Workshop_reservations (reservation_id, workshop_id, reservation_date, due_price, nr_of_seats) VALUES (57,14,2020-04-09,'2020-06-15',9)
INSERT INTO Workshop_registration (reservation_id, Participant_id) VALUES (57,17)
INSERT INTO Workshop_registration (reservation_id, Participant_id) VALUES (57,31)
INSERT INTO Workshop_registration (reservation_id, Participant_id) VALUES (57,5)
INSERT INTO Workshop_registration (reservation_id, Participant_id) VALUES (57,15)
INSERT INTO Workshop_registration (reservation_id, Participant_id) VALUES (57,7)
INSERT INTO Workshop_registration (reservation_id, Participant_id) VALUES (57,22)
INSERT INTO Workshop_registration (reservation_id, Participant_id) VALUES (57,1)
INSERT INTO Workshop_registration (reservation_id, Participant_id) VALUES (57,19)
INSERT INTO Workshop_registration (reservation_id, Participant_id) VALUES (57,2)
INSERT INTO Workshop_reservations (reservation_id, workshop_id, reservation_date, due_price, nr_of_seats) VALUES (58,14,2020-04-20,'2021-06-20',37)
INSERT INTO Workshop_registration (reservation_id, Participant_id) VALUES (58,16)
INSERT INTO Workshop_registration (reservation_id, Participant_id) VALUES (58,33)
INSERT INTO Workshop_registration (reservation_id, Participant_id) VALUES (58,4)
INSERT INTO Workshop_registration (reservation_id, Participant_id) VALUES (58,8)
INSERT INTO Workshop_registration (reservation_id, Participant_id) VALUES (58,18)
INSERT INTO Workshop_registration (reservation_id, Participant_id) VALUES (58,12)
INSERT INTO Workshop_registration (reservation_id, Participant_id) VALUES (58,31)
INSERT INTO Workshop_registration (reservation_id, Participant_id) VALUES (58,36)
INSERT INTO Workshop_registration (reservation_id, Participant_id) VALUES (58,22)
INSERT INTO Workshop_registration (reservation_id, Participant_id) VALUES (58,13)
INSERT INTO Workshop_registration (reservation_id, Participant_id) VALUES (58,34)
INSERT INTO Workshop_registration (reservation_id, Participant_id) VALUES (58,29)
INSERT INTO Workshop_registration (reservation_id, Participant_id) VALUES (58,17)
INSERT INTO Workshop_registration (reservation_id, Participant_id) VALUES (58,14)
INSERT INTO Workshop_registration (reservation_id, Participant_id) VALUES (58,30)
INSERT INTO Workshop_registration (reservation_id, Participant_id) VALUES (58,28)
INSERT INTO Workshop_registration (reservation_id, Participant_id) VALUES (58,37)
INSERT INTO Workshop_registration (reservation_id, Participant_id) VALUES (58,20)
INSERT INTO Workshop_registration (reservation_id, Participant_id) VALUES (58,38)
INSERT INTO Workshop_registration (reservation_id, Participant_id) VALUES (58,35)
INSERT INTO Workshop_registration (reservation_id, Participant_id) VALUES (58,26)
INSERT INTO Workshop_registration (reservation_id, Participant_id) VALUES (58,11)
INSERT INTO Workshop_registration (reservation_id, Participant_id) VALUES (58,5)
INSERT INTO Workshop_registration (reservation_id, Participant_id) VALUES (58,7)
INSERT INTO Workshop_registration (reservation_id, Participant_id) VALUES (58,6)
INSERT INTO Workshop_registration (reservation_id, Participant_id) VALUES (58,2)
INSERT INTO Workshop_registration (reservation_id, Participant_id) VALUES (58,1)
INSERT INTO Workshop_registration (reservation_id, Participant_id) VALUES (58,21)
INSERT INTO Workshop_registration (reservation_id, Participant_id) VALUES (58,19)
INSERT INTO Workshop_registration (reservation_id, Participant_id) VALUES (58,32)
INSERT INTO Workshop_registration (reservation_id, Participant_id) VALUES (58,24)
INSERT INTO Workshop_registration (reservation_id, Participant_id) VALUES (58,25)
INSERT INTO Workshop_registration (reservation_id, Participant_id) VALUES (58,15)
INSERT INTO Workshop_registration (reservation_id, Participant_id) VALUES (58,10)
INSERT INTO Workshop_registration (reservation_id, Participant_id) VALUES (58,3)
INSERT INTO Workshop_registration (reservation_id, Participant_id) VALUES (58,23)
INSERT INTO Workshop_registration (reservation_id, Participant_id) VALUES (58,27)
INSERT INTO Workshop_reservations (reservation_id, workshop_id, reservation_date, due_price, nr_of_seats) VALUES (59,14,2020-10-11,'2021-01-05',2)
INSERT INTO Workshop_registration (reservation_id, Participant_id) VALUES (59,34)
INSERT INTO Workshop_registration (reservation_id, Participant_id) VALUES (59,23)
INSERT INTO Workshop_reservations (reservation_id, workshop_id, reservation_date, due_price, nr_of_seats) VALUES (60,14,2020-05-07,'2021-12-17',22)
INSERT INTO Workshop_registration (reservation_id, Participant_id) VALUES (60,6)
INSERT INTO Workshop_registration (reservation_id, Participant_id) VALUES (60,18)
INSERT INTO Workshop_registration (reservation_id, Participant_id) VALUES (60,26)
INSERT INTO Workshop_registration (reservation_id, Participant_id) VALUES (60,3)
INSERT INTO Workshop_registration (reservation_id, Participant_id) VALUES (60,19)
INSERT INTO Workshop_registration (reservation_id, Participant_id) VALUES (60,17)
INSERT INTO Workshop_registration (reservation_id, Participant_id) VALUES (60,30)
INSERT INTO Workshop_registration (reservation_id, Participant_id) VALUES (60,34)
INSERT INTO Workshop_registration (reservation_id, Participant_id) VALUES (60,37)
INSERT INTO Workshop_registration (reservation_id, Participant_id) VALUES (60,4)
INSERT INTO Workshop_registration (reservation_id, Participant_id) VALUES (60,36)
INSERT INTO Workshop_registration (reservation_id, Participant_id) VALUES (60,8)
INSERT INTO Workshop_registration (reservation_id, Participant_id) VALUES (60,16)
INSERT INTO Workshop_registration (reservation_id, Participant_id) VALUES (60,14)
INSERT INTO Workshop_registration (reservation_id, Participant_id) VALUES (60,9)
INSERT INTO Workshop_registration (reservation_id, Participant_id) VALUES (60,28)
INSERT INTO Workshop_registration (reservation_id, Participant_id) VALUES (60,27)
INSERT INTO Workshop_registration (reservation_id, Participant_id) VALUES (60,24)
INSERT INTO Workshop_registration (reservation_id, Participant_id) VALUES (60,10)
INSERT INTO Workshop_registration (reservation_id, Participant_id) VALUES (60,31)
INSERT INTO Workshop_registration (reservation_id, Participant_id) VALUES (60,21)
INSERT INTO Workshop_registration (reservation_id, Participant_id) VALUES (60,13)
INSERT INTO Workshop_reservations (reservation_id, workshop_id, reservation_date, due_price, nr_of_seats) VALUES (61,14,2020-01-27,'2022-06-18',19)
INSERT INTO Workshop_registration (reservation_id, Participant_id) VALUES (61,4)
INSERT INTO Workshop_registration (reservation_id, Participant_id) VALUES (61,36)
INSERT INTO Workshop_registration (reservation_id, Participant_id) VALUES (61,2)
INSERT INTO Workshop_registration (reservation_id, Participant_id) VALUES (61,7)
INSERT INTO Workshop_registration (reservation_id, Participant_id) VALUES (61,30)
INSERT INTO Workshop_registration (reservation_id, Participant_id) VALUES (61,29)
INSERT INTO Workshop_registration (reservation_id, Participant_id) VALUES (61,18)
INSERT INTO Workshop_registration (reservation_id, Participant_id) VALUES (61,25)
INSERT INTO Workshop_registration (reservation_id, Participant_id) VALUES (61,24)
INSERT INTO Workshop_registration (reservation_id, Participant_id) VALUES (61,17)
INSERT INTO Workshop_registration (reservation_id, Participant_id) VALUES (61,6)
INSERT INTO Workshop_registration (reservation_id, Participant_id) VALUES (61,34)
INSERT INTO Workshop_registration (reservation_id, Participant_id) VALUES (61,20)
INSERT INTO Workshop_registration (reservation_id, Participant_id) VALUES (61,19)
INSERT INTO Workshop_registration (reservation_id, Participant_id) VALUES (61,27)
INSERT INTO Workshop_registration (reservation_id, Participant_id) VALUES (61,10)
INSERT INTO Workshop_registration (reservation_id, Participant_id) VALUES (61,9)
INSERT INTO Workshop_registration (reservation_id, Participant_id) VALUES (61,37)
INSERT INTO Workshop_registration (reservation_id, Participant_id) VALUES (61,38)
SET IDENTITY_INSERT  Workshop_reservations OFF
SET IDENTITY_INSERT  Workshops ON
INSERT INTO Workshops (workshop_id, conference_day_id, start_time, end_time, topic, price, number_of_seats) VALUES (15,4,'2022-06-27 11:52:00','2022-06-27 18:09:00','optimize distributed communities','230.1','94')
SET IDENTITY_INSERT  Workshops OFF
SET IDENTITY_INSERT  Workshop_reservations ON
INSERT INTO Workshop_reservations (reservation_id, workshop_id, reservation_date, due_price, nr_of_seats) VALUES (62,15,2021-12-18,'2022-04-04',26)
INSERT INTO Workshop_registration (reservation_id, Participant_id) VALUES (62,28)
INSERT INTO Workshop_registration (reservation_id, Participant_id) VALUES (62,25)
INSERT INTO Workshop_registration (reservation_id, Participant_id) VALUES (62,5)
INSERT INTO Workshop_registration (reservation_id, Participant_id) VALUES (62,37)
INSERT INTO Workshop_registration (reservation_id, Participant_id) VALUES (62,26)
INSERT INTO Workshop_registration (reservation_id, Participant_id) VALUES (62,15)
INSERT INTO Workshop_registration (reservation_id, Participant_id) VALUES (62,19)
INSERT INTO Workshop_registration (reservation_id, Participant_id) VALUES (62,24)
INSERT INTO Workshop_registration (reservation_id, Participant_id) VALUES (62,3)
INSERT INTO Workshop_registration (reservation_id, Participant_id) VALUES (62,34)
INSERT INTO Workshop_registration (reservation_id, Participant_id) VALUES (62,20)
INSERT INTO Workshop_registration (reservation_id, Participant_id) VALUES (62,9)
INSERT INTO Workshop_registration (reservation_id, Participant_id) VALUES (62,35)
INSERT INTO Workshop_registration (reservation_id, Participant_id) VALUES (62,8)
INSERT INTO Workshop_registration (reservation_id, Participant_id) VALUES (62,32)
INSERT INTO Workshop_registration (reservation_id, Participant_id) VALUES (62,27)
INSERT INTO Workshop_registration (reservation_id, Participant_id) VALUES (62,13)
INSERT INTO Workshop_registration (reservation_id, Participant_id) VALUES (62,21)
INSERT INTO Workshop_registration (reservation_id, Participant_id) VALUES (62,18)
INSERT INTO Workshop_registration (reservation_id, Participant_id) VALUES (62,38)
INSERT INTO Workshop_registration (reservation_id, Participant_id) VALUES (62,7)
INSERT INTO Workshop_registration (reservation_id, Participant_id) VALUES (62,12)
INSERT INTO Workshop_registration (reservation_id, Participant_id) VALUES (62,1)
INSERT INTO Workshop_registration (reservation_id, Participant_id) VALUES (62,4)
INSERT INTO Workshop_registration (reservation_id, Participant_id) VALUES (62,16)
INSERT INTO Workshop_registration (reservation_id, Participant_id) VALUES (62,29)
SET IDENTITY_INSERT  Workshop_reservations OFF
SET IDENTITY_INSERT  Workshops ON
INSERT INTO Workshops (workshop_id, conference_day_id, start_time, end_time, topic, price, number_of_seats) VALUES (16,4,'2022-06-27 01:02:00','2022-06-27 22:35:00','cultivate back-end ROI','370.31','65')
SET IDENTITY_INSERT  Workshops OFF
SET IDENTITY_INSERT  Workshop_reservations ON
INSERT INTO Workshop_reservations (reservation_id, workshop_id, reservation_date, due_price, nr_of_seats) VALUES (63,16,2020-09-01,'2020-12-19',3)
INSERT INTO Workshop_registration (reservation_id, Participant_id) VALUES (63,35)
INSERT INTO Workshop_registration (reservation_id, Participant_id) VALUES (63,21)
INSERT INTO Workshop_registration (reservation_id, Participant_id) VALUES (63,33)
SET IDENTITY_INSERT  Workshop_reservations OFF
SET IDENTITY_INSERT  Workshops ON
INSERT INTO Workshops (workshop_id, conference_day_id, start_time, end_time, topic, price, number_of_seats) VALUES (17,4,'2022-06-27 15:36:00','2022-06-27 17:06:00','grow leading-edge bandwidth','150.89','48')
SET IDENTITY_INSERT  Workshops OFF
SET IDENTITY_INSERT  Workshop_reservations ON
INSERT INTO Workshop_reservations (reservation_id, workshop_id, reservation_date, due_price, nr_of_seats) VALUES (64,17,2020-01-14,'2021-08-21',38)
INSERT INTO Workshop_registration (reservation_id, Participant_id) VALUES (64,17)
INSERT INTO Workshop_registration (reservation_id, Participant_id) VALUES (64,16)
INSERT INTO Workshop_registration (reservation_id, Participant_id) VALUES (64,4)
INSERT INTO Workshop_registration (reservation_id, Participant_id) VALUES (64,15)
INSERT INTO Workshop_registration (reservation_id, Participant_id) VALUES (64,18)
INSERT INTO Workshop_registration (reservation_id, Participant_id) VALUES (64,29)
INSERT INTO Workshop_registration (reservation_id, Participant_id) VALUES (64,25)
INSERT INTO Workshop_registration (reservation_id, Participant_id) VALUES (64,26)
INSERT INTO Workshop_registration (reservation_id, Participant_id) VALUES (64,33)
INSERT INTO Workshop_registration (reservation_id, Participant_id) VALUES (64,19)
INSERT INTO Workshop_registration (reservation_id, Participant_id) VALUES (64,36)
INSERT INTO Workshop_registration (reservation_id, Participant_id) VALUES (64,34)
INSERT INTO Workshop_registration (reservation_id, Participant_id) VALUES (64,10)
INSERT INTO Workshop_registration (reservation_id, Participant_id) VALUES (64,11)
INSERT INTO Workshop_registration (reservation_id, Participant_id) VALUES (64,38)
INSERT INTO Workshop_registration (reservation_id, Participant_id) VALUES (64,20)
INSERT INTO Workshop_registration (reservation_id, Participant_id) VALUES (64,28)
INSERT INTO Workshop_registration (reservation_id, Participant_id) VALUES (64,9)
INSERT INTO Workshop_registration (reservation_id, Participant_id) VALUES (64,12)
INSERT INTO Workshop_registration (reservation_id, Participant_id) VALUES (64,1)
INSERT INTO Workshop_registration (reservation_id, Participant_id) VALUES (64,22)
INSERT INTO Workshop_registration (reservation_id, Participant_id) VALUES (64,23)
INSERT INTO Workshop_registration (reservation_id, Participant_id) VALUES (64,27)
INSERT INTO Workshop_registration (reservation_id, Participant_id) VALUES (64,5)
INSERT INTO Workshop_registration (reservation_id, Participant_id) VALUES (64,21)
INSERT INTO Workshop_registration (reservation_id, Participant_id) VALUES (64,3)
INSERT INTO Workshop_registration (reservation_id, Participant_id) VALUES (64,35)
INSERT INTO Workshop_registration (reservation_id, Participant_id) VALUES (64,2)
INSERT INTO Workshop_registration (reservation_id, Participant_id) VALUES (64,31)
INSERT INTO Workshop_registration (reservation_id, Participant_id) VALUES (64,32)
INSERT INTO Workshop_registration (reservation_id, Participant_id) VALUES (64,30)
INSERT INTO Workshop_registration (reservation_id, Participant_id) VALUES (64,24)
INSERT INTO Workshop_registration (reservation_id, Participant_id) VALUES (64,13)
INSERT INTO Workshop_registration (reservation_id, Participant_id) VALUES (64,14)
INSERT INTO Workshop_registration (reservation_id, Participant_id) VALUES (64,6)
INSERT INTO Workshop_registration (reservation_id, Participant_id) VALUES (64,8)
INSERT INTO Workshop_registration (reservation_id, Participant_id) VALUES (64,37)
INSERT INTO Workshop_registration (reservation_id, Participant_id) VALUES (64,7)
INSERT INTO Workshop_reservations (reservation_id, workshop_id, reservation_date, due_price, nr_of_seats) VALUES (65,17,2021-12-19,'2022-01-24',3)
INSERT INTO Workshop_registration (reservation_id, Participant_id) VALUES (65,16)
INSERT INTO Workshop_registration (reservation_id, Participant_id) VALUES (65,25)
INSERT INTO Workshop_registration (reservation_id, Participant_id) VALUES (65,15)
INSERT INTO Workshop_reservations (reservation_id, workshop_id, reservation_date, due_price, nr_of_seats) VALUES (66,17,2022-01-18,'2022-05-27',5)
INSERT INTO Workshop_registration (reservation_id, Participant_id) VALUES (66,23)
INSERT INTO Workshop_registration (reservation_id, Participant_id) VALUES (66,34)
INSERT INTO Workshop_registration (reservation_id, Participant_id) VALUES (66,4)
INSERT INTO Workshop_registration (reservation_id, Participant_id) VALUES (66,35)
INSERT INTO Workshop_registration (reservation_id, Participant_id) VALUES (66,17)
INSERT INTO Workshop_reservations (reservation_id, workshop_id, reservation_date, due_price, nr_of_seats) VALUES (67,17,2021-12-06,'2022-01-17',9)
INSERT INTO Workshop_registration (reservation_id, Participant_id) VALUES (67,6)
INSERT INTO Workshop_registration (reservation_id, Participant_id) VALUES (67,8)
INSERT INTO Workshop_registration (reservation_id, Participant_id) VALUES (67,4)
INSERT INTO Workshop_registration (reservation_id, Participant_id) VALUES (67,19)
INSERT INTO Workshop_registration (reservation_id, Participant_id) VALUES (67,7)
INSERT INTO Workshop_registration (reservation_id, Participant_id) VALUES (67,35)
INSERT INTO Workshop_registration (reservation_id, Participant_id) VALUES (67,5)
INSERT INTO Workshop_registration (reservation_id, Participant_id) VALUES (67,1)
INSERT INTO Workshop_registration (reservation_id, Participant_id) VALUES (67,23)
INSERT INTO Workshop_reservations (reservation_id, workshop_id, reservation_date, due_price, nr_of_seats) VALUES (68,17,2020-07-02,'2021-10-04',12)
INSERT INTO Workshop_registration (reservation_id, Participant_id) VALUES (68,10)
INSERT INTO Workshop_registration (reservation_id, Participant_id) VALUES (68,23)
INSERT INTO Workshop_registration (reservation_id, Participant_id) VALUES (68,30)
INSERT INTO Workshop_registration (reservation_id, Participant_id) VALUES (68,22)
INSERT INTO Workshop_registration (reservation_id, Participant_id) VALUES (68,12)
INSERT INTO Workshop_registration (reservation_id, Participant_id) VALUES (68,38)
INSERT INTO Workshop_registration (reservation_id, Participant_id) VALUES (68,3)
INSERT INTO Workshop_registration (reservation_id, Participant_id) VALUES (68,9)
INSERT INTO Workshop_registration (reservation_id, Participant_id) VALUES (68,14)
INSERT INTO Workshop_registration (reservation_id, Participant_id) VALUES (68,36)
INSERT INTO Workshop_registration (reservation_id, Participant_id) VALUES (68,20)
INSERT INTO Workshop_registration (reservation_id, Participant_id) VALUES (68,28)
INSERT INTO Workshop_reservations (reservation_id, workshop_id, reservation_date, due_price, nr_of_seats) VALUES (69,17,2022-02-28,'2022-03-03',24)
INSERT INTO Workshop_registration (reservation_id, Participant_id) VALUES (69,15)
INSERT INTO Workshop_registration (reservation_id, Participant_id) VALUES (69,25)
INSERT INTO Workshop_registration (reservation_id, Participant_id) VALUES (69,26)
INSERT INTO Workshop_registration (reservation_id, Participant_id) VALUES (69,35)
INSERT INTO Workshop_registration (reservation_id, Participant_id) VALUES (69,10)
INSERT INTO Workshop_registration (reservation_id, Participant_id) VALUES (69,12)
INSERT INTO Workshop_registration (reservation_id, Participant_id) VALUES (69,38)
INSERT INTO Workshop_registration (reservation_id, Participant_id) VALUES (69,36)
INSERT INTO Workshop_registration (reservation_id, Participant_id) VALUES (69,14)
INSERT INTO Workshop_registration (reservation_id, Participant_id) VALUES (69,19)
INSERT INTO Workshop_registration (reservation_id, Participant_id) VALUES (69,18)
INSERT INTO Workshop_registration (reservation_id, Participant_id) VALUES (69,29)
INSERT INTO Workshop_registration (reservation_id, Participant_id) VALUES (69,5)
INSERT INTO Workshop_registration (reservation_id, Participant_id) VALUES (69,22)
INSERT INTO Workshop_registration (reservation_id, Participant_id) VALUES (69,11)
INSERT INTO Workshop_registration (reservation_id, Participant_id) VALUES (69,7)
INSERT INTO Workshop_registration (reservation_id, Participant_id) VALUES (69,21)
INSERT INTO Workshop_registration (reservation_id, Participant_id) VALUES (69,3)
INSERT INTO Workshop_registration (reservation_id, Participant_id) VALUES (69,33)
INSERT INTO Workshop_registration (reservation_id, Participant_id) VALUES (69,37)
INSERT INTO Workshop_registration (reservation_id, Participant_id) VALUES (69,34)
INSERT INTO Workshop_registration (reservation_id, Participant_id) VALUES (69,13)
INSERT INTO Workshop_registration (reservation_id, Participant_id) VALUES (69,28)
INSERT INTO Workshop_registration (reservation_id, Participant_id) VALUES (69,16)
INSERT INTO Workshop_reservations (reservation_id, workshop_id, reservation_date, due_price, nr_of_seats) VALUES (70,17,2021-07-27,'2021-10-15',35)
INSERT INTO Workshop_registration (reservation_id, Participant_id) VALUES (70,5)
INSERT INTO Workshop_registration (reservation_id, Participant_id) VALUES (70,16)
INSERT INTO Workshop_registration (reservation_id, Participant_id) VALUES (70,27)
INSERT INTO Workshop_registration (reservation_id, Participant_id) VALUES (70,23)
INSERT INTO Workshop_registration (reservation_id, Participant_id) VALUES (70,26)
INSERT INTO Workshop_registration (reservation_id, Participant_id) VALUES (70,21)
INSERT INTO Workshop_registration (reservation_id, Participant_id) VALUES (70,8)
INSERT INTO Workshop_registration (reservation_id, Participant_id) VALUES (70,15)
INSERT INTO Workshop_registration (reservation_id, Participant_id) VALUES (70,19)
INSERT INTO Workshop_registration (reservation_id, Participant_id) VALUES (70,9)
INSERT INTO Workshop_registration (reservation_id, Participant_id) VALUES (70,22)
INSERT INTO Workshop_registration (reservation_id, Participant_id) VALUES (70,33)
INSERT INTO Workshop_registration (reservation_id, Participant_id) VALUES (70,11)
INSERT INTO Workshop_registration (reservation_id, Participant_id) VALUES (70,36)
INSERT INTO Workshop_registration (reservation_id, Participant_id) VALUES (70,25)
INSERT INTO Workshop_registration (reservation_id, Participant_id) VALUES (70,14)
INSERT INTO Workshop_registration (reservation_id, Participant_id) VALUES (70,31)
INSERT INTO Workshop_registration (reservation_id, Participant_id) VALUES (70,3)
INSERT INTO Workshop_registration (reservation_id, Participant_id) VALUES (70,37)
INSERT INTO Workshop_registration (reservation_id, Participant_id) VALUES (70,6)
INSERT INTO Workshop_registration (reservation_id, Participant_id) VALUES (70,29)
INSERT INTO Workshop_registration (reservation_id, Participant_id) VALUES (70,2)
INSERT INTO Workshop_registration (reservation_id, Participant_id) VALUES (70,28)
INSERT INTO Workshop_registration (reservation_id, Participant_id) VALUES (70,30)
INSERT INTO Workshop_registration (reservation_id, Participant_id) VALUES (70,12)
INSERT INTO Workshop_registration (reservation_id, Participant_id) VALUES (70,7)
INSERT INTO Workshop_registration (reservation_id, Participant_id) VALUES (70,4)
INSERT INTO Workshop_registration (reservation_id, Participant_id) VALUES (70,13)
INSERT INTO Workshop_registration (reservation_id, Participant_id) VALUES (70,17)
INSERT INTO Workshop_registration (reservation_id, Participant_id) VALUES (70,32)
INSERT INTO Workshop_registration (reservation_id, Participant_id) VALUES (70,34)
INSERT INTO Workshop_registration (reservation_id, Participant_id) VALUES (70,35)
INSERT INTO Workshop_registration (reservation_id, Participant_id) VALUES (70,38)
INSERT INTO Workshop_registration (reservation_id, Participant_id) VALUES (70,24)
INSERT INTO Workshop_registration (reservation_id, Participant_id) VALUES (70,10)
INSERT INTO Workshop_reservations (reservation_id, workshop_id, reservation_date, due_price, nr_of_seats) VALUES (71,17,2021-11-24,'2022-01-08',21)
INSERT INTO Workshop_registration (reservation_id, Participant_id) VALUES (71,24)
INSERT INTO Workshop_registration (reservation_id, Participant_id) VALUES (71,3)
INSERT INTO Workshop_registration (reservation_id, Participant_id) VALUES (71,34)
INSERT INTO Workshop_registration (reservation_id, Participant_id) VALUES (71,19)
INSERT INTO Workshop_registration (reservation_id, Participant_id) VALUES (71,5)
INSERT INTO Workshop_registration (reservation_id, Participant_id) VALUES (71,18)
INSERT INTO Workshop_registration (reservation_id, Participant_id) VALUES (71,6)
INSERT INTO Workshop_registration (reservation_id, Participant_id) VALUES (71,10)
INSERT INTO Workshop_registration (reservation_id, Participant_id) VALUES (71,12)
INSERT INTO Workshop_registration (reservation_id, Participant_id) VALUES (71,36)
INSERT INTO Workshop_registration (reservation_id, Participant_id) VALUES (71,2)
INSERT INTO Workshop_registration (reservation_id, Participant_id) VALUES (71,16)
INSERT INTO Workshop_registration (reservation_id, Participant_id) VALUES (71,14)
INSERT INTO Workshop_registration (reservation_id, Participant_id) VALUES (71,27)
INSERT INTO Workshop_registration (reservation_id, Participant_id) VALUES (71,26)
INSERT INTO Workshop_registration (reservation_id, Participant_id) VALUES (71,22)
INSERT INTO Workshop_registration (reservation_id, Participant_id) VALUES (71,20)
INSERT INTO Workshop_registration (reservation_id, Participant_id) VALUES (71,15)
INSERT INTO Workshop_registration (reservation_id, Participant_id) VALUES (71,1)
INSERT INTO Workshop_registration (reservation_id, Participant_id) VALUES (71,7)
INSERT INTO Workshop_registration (reservation_id, Participant_id) VALUES (71,17)
INSERT INTO Workshop_reservations (reservation_id, workshop_id, reservation_date, due_price, nr_of_seats) VALUES (72,17,2021-06-04,'2021-08-27',31)
INSERT INTO Workshop_registration (reservation_id, Participant_id) VALUES (72,21)
INSERT INTO Workshop_registration (reservation_id, Participant_id) VALUES (72,7)
INSERT INTO Workshop_registration (reservation_id, Participant_id) VALUES (72,31)
INSERT INTO Workshop_registration (reservation_id, Participant_id) VALUES (72,12)
INSERT INTO Workshop_registration (reservation_id, Participant_id) VALUES (72,33)
INSERT INTO Workshop_registration (reservation_id, Participant_id) VALUES (72,25)
INSERT INTO Workshop_registration (reservation_id, Participant_id) VALUES (72,38)
INSERT INTO Workshop_registration (reservation_id, Participant_id) VALUES (72,30)
INSERT INTO Workshop_registration (reservation_id, Participant_id) VALUES (72,27)
INSERT INTO Workshop_registration (reservation_id, Participant_id) VALUES (72,23)
INSERT INTO Workshop_registration (reservation_id, Participant_id) VALUES (72,10)
INSERT INTO Workshop_registration (reservation_id, Participant_id) VALUES (72,1)
INSERT INTO Workshop_registration (reservation_id, Participant_id) VALUES (72,32)
INSERT INTO Workshop_registration (reservation_id, Participant_id) VALUES (72,20)
INSERT INTO Workshop_registration (reservation_id, Participant_id) VALUES (72,16)
INSERT INTO Workshop_registration (reservation_id, Participant_id) VALUES (72,35)
INSERT INTO Workshop_registration (reservation_id, Participant_id) VALUES (72,36)
INSERT INTO Workshop_registration (reservation_id, Participant_id) VALUES (72,3)
INSERT INTO Workshop_registration (reservation_id, Participant_id) VALUES (72,24)
INSERT INTO Workshop_registration (reservation_id, Participant_id) VALUES (72,17)
INSERT INTO Workshop_registration (reservation_id, Participant_id) VALUES (72,22)
INSERT INTO Workshop_registration (reservation_id, Participant_id) VALUES (72,9)
INSERT INTO Workshop_registration (reservation_id, Participant_id) VALUES (72,14)
INSERT INTO Workshop_registration (reservation_id, Participant_id) VALUES (72,34)
INSERT INTO Workshop_registration (reservation_id, Participant_id) VALUES (72,19)
INSERT INTO Workshop_registration (reservation_id, Participant_id) VALUES (72,15)
INSERT INTO Workshop_registration (reservation_id, Participant_id) VALUES (72,18)
INSERT INTO Workshop_registration (reservation_id, Participant_id) VALUES (72,8)
INSERT INTO Workshop_registration (reservation_id, Participant_id) VALUES (72,28)
INSERT INTO Workshop_registration (reservation_id, Participant_id) VALUES (72,5)
INSERT INTO Workshop_registration (reservation_id, Participant_id) VALUES (72,2)
SET IDENTITY_INSERT  Workshop_reservations OFF
SET IDENTITY_INSERT  Workshops ON
INSERT INTO Workshops (workshop_id, conference_day_id, start_time, end_time, topic, price, number_of_seats) VALUES (18,4,'2022-06-27 10:56:00','2022-06-27 19:58:00','facilitate open-source paradigms','348.61','62')
SET IDENTITY_INSERT  Workshops OFF
SET IDENTITY_INSERT  Workshop_reservations ON
INSERT INTO Workshop_reservations (reservation_id, workshop_id, reservation_date, due_price, nr_of_seats) VALUES (73,18,2021-12-17,'2022-04-17',28)
INSERT INTO Workshop_registration (reservation_id, Participant_id) VALUES (73,9)
INSERT INTO Workshop_registration (reservation_id, Participant_id) VALUES (73,22)
INSERT INTO Workshop_registration (reservation_id, Participant_id) VALUES (73,4)
INSERT INTO Workshop_registration (reservation_id, Participant_id) VALUES (73,38)
INSERT INTO Workshop_registration (reservation_id, Participant_id) VALUES (73,27)
INSERT INTO Workshop_registration (reservation_id, Participant_id) VALUES (73,16)
INSERT INTO Workshop_registration (reservation_id, Participant_id) VALUES (73,25)
INSERT INTO Workshop_registration (reservation_id, Participant_id) VALUES (73,29)
INSERT INTO Workshop_registration (reservation_id, Participant_id) VALUES (73,34)
INSERT INTO Workshop_registration (reservation_id, Participant_id) VALUES (73,8)
INSERT INTO Workshop_registration (reservation_id, Participant_id) VALUES (73,17)
INSERT INTO Workshop_registration (reservation_id, Participant_id) VALUES (73,13)
INSERT INTO Workshop_registration (reservation_id, Participant_id) VALUES (73,36)
INSERT INTO Workshop_registration (reservation_id, Participant_id) VALUES (73,19)
INSERT INTO Workshop_registration (reservation_id, Participant_id) VALUES (73,6)
INSERT INTO Workshop_registration (reservation_id, Participant_id) VALUES (73,35)
INSERT INTO Workshop_registration (reservation_id, Participant_id) VALUES (73,24)
INSERT INTO Workshop_registration (reservation_id, Participant_id) VALUES (73,2)
INSERT INTO Workshop_registration (reservation_id, Participant_id) VALUES (73,26)
INSERT INTO Workshop_registration (reservation_id, Participant_id) VALUES (73,23)
INSERT INTO Workshop_registration (reservation_id, Participant_id) VALUES (73,32)
INSERT INTO Workshop_registration (reservation_id, Participant_id) VALUES (73,12)
INSERT INTO Workshop_registration (reservation_id, Participant_id) VALUES (73,33)
INSERT INTO Workshop_registration (reservation_id, Participant_id) VALUES (73,15)
INSERT INTO Workshop_registration (reservation_id, Participant_id) VALUES (73,18)
INSERT INTO Workshop_registration (reservation_id, Participant_id) VALUES (73,10)
INSERT INTO Workshop_registration (reservation_id, Participant_id) VALUES (73,3)
INSERT INTO Workshop_registration (reservation_id, Participant_id) VALUES (73,37)
SET IDENTITY_INSERT  Workshop_reservations OFF
SET IDENTITY_INSERT  Conference_day_reservations ON
INSERT INTO Conference_day_reservations (reservation_id, conference_day_id, clients_id, reservation_date, active, due_price, adult_seats, student_seats) VALUES (14,4,7,'2022-02-25','1','2022-05-22','17','6')
INSERT INTO Payments (reservation_id, in_date, value) VALUES (14,'2022-03-08',62.57)
INSERT INTO Payments (reservation_id, in_date, value) VALUES (14,'2022-03-20',113.0)
INSERT INTO Payments (reservation_id, in_date, value) VALUES (14,'2022-05-21',89.0)
INSERT INTO Conference_day_registration (reservation_id, Participant_id, is_student) VALUES (14,3,0)
INSERT INTO Conference_day_registration (reservation_id, Participant_id, is_student) VALUES (14,19,0)
INSERT INTO Conference_day_registration (reservation_id, Participant_id, is_student) VALUES (14,16,0)
INSERT INTO Conference_day_registration (reservation_id, Participant_id, is_student) VALUES (14,10,0)
INSERT INTO Conference_day_registration (reservation_id, Participant_id, is_student) VALUES (14,20,0)
INSERT INTO Conference_day_registration (reservation_id, Participant_id, is_student) VALUES (14,7,0)
INSERT INTO Conference_day_registration (reservation_id, Participant_id, is_student) VALUES (14,23,0)
INSERT INTO Conference_day_registration (reservation_id, Participant_id, is_student) VALUES (14,37,0)
INSERT INTO Conference_day_registration (reservation_id, Participant_id, is_student) VALUES (14,21,0)
INSERT INTO Conference_day_registration (reservation_id, Participant_id, is_student) VALUES (14,12,0)
INSERT INTO Conference_day_registration (reservation_id, Participant_id, is_student) VALUES (14,6,0)
INSERT INTO Conference_day_registration (reservation_id, Participant_id, is_student) VALUES (14,11,0)
INSERT INTO Conference_day_registration (reservation_id, Participant_id, is_student) VALUES (14,30,0)
INSERT INTO Conference_day_registration (reservation_id, Participant_id, is_student) VALUES (14,25,0)
INSERT INTO Conference_day_registration (reservation_id, Participant_id, is_student) VALUES (14,17,0)
INSERT INTO Conference_day_registration (reservation_id, Participant_id, is_student) VALUES (14,15,0)
INSERT INTO Conference_day_registration (reservation_id, Participant_id, is_student) VALUES (14,36,0)
INSERT INTO Conference_day_registration (reservation_id, Participant_id, is_student) VALUES (14,34,1)
INSERT INTO Conference_day_registration (reservation_id, Participant_id, is_student) VALUES (14,26,1)
INSERT INTO Conference_day_registration (reservation_id, Participant_id, is_student) VALUES (14,28,1)
INSERT INTO Conference_day_registration (reservation_id, Participant_id, is_student) VALUES (14,5,1)
INSERT INTO Conference_day_registration (reservation_id, Participant_id, is_student) VALUES (14,18,1)
INSERT INTO Conference_day_registration (reservation_id, Participant_id, is_student) VALUES (14,9,1)
SET IDENTITY_INSERT  Conference_day_reservations OFF
SET IDENTITY_INSERT  Conferences ON
INSERT INTO Conferences (Conference_id, name) VALUES (2,'transition sticky supply-chains')
SET IDENTITY_INSERT  Conferences OFF
SET IDENTITY_INSERT Conference_days ON
INSERT INTO Conference_days (conference_day_id, conference_id, date, standard_price, student_discount) VALUES (5,2,'2020-05-02',510.9,0.1)
INSERT INTO Early_signup_discounts (conference_day_id, end_date, discount) VALUES (5,'2019-08-08','0.27')
INSERT INTO Early_signup_discounts (conference_day_id, end_date, discount) VALUES (5,'2018-03-05','0.24')
INSERT INTO Early_signup_discounts (conference_day_id, end_date, discount) VALUES (5,'2019-04-03','0.39')
SET IDENTITY_INSERT Conference_days OFF
SET IDENTITY_INSERT  Workshops ON
INSERT INTO Workshops (workshop_id, conference_day_id, start_time, end_time, topic, price, number_of_seats) VALUES (19,5,'2020-05-02 16:10:00','2020-05-02 18:02:00','enable innovative action-items','280.9','15')
SET IDENTITY_INSERT  Workshops OFF
SET IDENTITY_INSERT  Workshop_reservations ON
INSERT INTO Workshop_reservations (reservation_id, workshop_id, reservation_date, due_price, nr_of_seats) VALUES (74,19,2020-04-06,'2020-04-28',6)
INSERT INTO Workshop_registration (reservation_id, Participant_id) VALUES (74,17)
INSERT INTO Workshop_registration (reservation_id, Participant_id) VALUES (74,3)
INSERT INTO Workshop_registration (reservation_id, Participant_id) VALUES (74,19)
INSERT INTO Workshop_registration (reservation_id, Participant_id) VALUES (74,28)
INSERT INTO Workshop_registration (reservation_id, Participant_id) VALUES (74,30)
INSERT INTO Workshop_registration (reservation_id, Participant_id) VALUES (74,29)
SET IDENTITY_INSERT  Workshop_reservations OFF
SET IDENTITY_INSERT  Workshops ON
INSERT INTO Workshops (workshop_id, conference_day_id, start_time, end_time, topic, price, number_of_seats) VALUES (20,5,'2020-05-02 08:43:00','2020-05-02 16:49:00','maximize customized architectures','145.28','71')
SET IDENTITY_INSERT  Workshops OFF
SET IDENTITY_INSERT  Workshop_reservations ON
INSERT INTO Workshop_reservations (reservation_id, workshop_id, reservation_date, due_price, nr_of_seats) VALUES (75,20,2020-02-04,'2020-03-08',17)
INSERT INTO Workshop_registration (reservation_id, Participant_id) VALUES (75,12)
INSERT INTO Workshop_registration (reservation_id, Participant_id) VALUES (75,23)
INSERT INTO Workshop_registration (reservation_id, Participant_id) VALUES (75,1)
INSERT INTO Workshop_registration (reservation_id, Participant_id) VALUES (75,16)
INSERT INTO Workshop_registration (reservation_id, Participant_id) VALUES (75,35)
INSERT INTO Workshop_registration (reservation_id, Participant_id) VALUES (75,2)
INSERT INTO Workshop_registration (reservation_id, Participant_id) VALUES (75,29)
INSERT INTO Workshop_registration (reservation_id, Participant_id) VALUES (75,6)
INSERT INTO Workshop_registration (reservation_id, Participant_id) VALUES (75,25)
INSERT INTO Workshop_registration (reservation_id, Participant_id) VALUES (75,11)
INSERT INTO Workshop_registration (reservation_id, Participant_id) VALUES (75,8)
INSERT INTO Workshop_registration (reservation_id, Participant_id) VALUES (75,27)
INSERT INTO Workshop_registration (reservation_id, Participant_id) VALUES (75,32)
INSERT INTO Workshop_registration (reservation_id, Participant_id) VALUES (75,24)
INSERT INTO Workshop_registration (reservation_id, Participant_id) VALUES (75,36)
INSERT INTO Workshop_registration (reservation_id, Participant_id) VALUES (75,38)
INSERT INTO Workshop_registration (reservation_id, Participant_id) VALUES (75,4)
INSERT INTO Workshop_reservations (reservation_id, workshop_id, reservation_date, due_price, nr_of_seats) VALUES (76,20,2020-04-28,'2020-05-01',13)
INSERT INTO Workshop_registration (reservation_id, Participant_id) VALUES (76,11)
INSERT INTO Workshop_registration (reservation_id, Participant_id) VALUES (76,15)
INSERT INTO Workshop_registration (reservation_id, Participant_id) VALUES (76,23)
INSERT INTO Workshop_registration (reservation_id, Participant_id) VALUES (76,28)
INSERT INTO Workshop_registration (reservation_id, Participant_id) VALUES (76,7)
INSERT INTO Workshop_registration (reservation_id, Participant_id) VALUES (76,5)
INSERT INTO Workshop_registration (reservation_id, Participant_id) VALUES (76,16)
INSERT INTO Workshop_registration (reservation_id, Participant_id) VALUES (76,24)
INSERT INTO Workshop_registration (reservation_id, Participant_id) VALUES (76,19)
INSERT INTO Workshop_registration (reservation_id, Participant_id) VALUES (76,20)
INSERT INTO Workshop_registration (reservation_id, Participant_id) VALUES (76,37)
INSERT INTO Workshop_registration (reservation_id, Participant_id) VALUES (76,32)
INSERT INTO Workshop_registration (reservation_id, Participant_id) VALUES (76,17)
INSERT INTO Workshop_reservations (reservation_id, workshop_id, reservation_date, due_price, nr_of_seats) VALUES (77,20,2020-01-25,'2020-02-17',5)
INSERT INTO Workshop_registration (reservation_id, Participant_id) VALUES (77,15)
INSERT INTO Workshop_registration (reservation_id, Participant_id) VALUES (77,22)
INSERT INTO Workshop_registration (reservation_id, Participant_id) VALUES (77,34)
INSERT INTO Workshop_registration (reservation_id, Participant_id) VALUES (77,26)
INSERT INTO Workshop_registration (reservation_id, Participant_id) VALUES (77,25)
INSERT INTO Workshop_reservations (reservation_id, workshop_id, reservation_date, due_price, nr_of_seats) VALUES (78,20,2020-01-30,'2020-03-17',22)
INSERT INTO Workshop_registration (reservation_id, Participant_id) VALUES (78,2)
INSERT INTO Workshop_registration (reservation_id, Participant_id) VALUES (78,20)
INSERT INTO Workshop_registration (reservation_id, Participant_id) VALUES (78,35)
INSERT INTO Workshop_registration (reservation_id, Participant_id) VALUES (78,27)
INSERT INTO Workshop_registration (reservation_id, Participant_id) VALUES (78,12)
INSERT INTO Workshop_registration (reservation_id, Participant_id) VALUES (78,31)
INSERT INTO Workshop_registration (reservation_id, Participant_id) VALUES (78,4)
INSERT INTO Workshop_registration (reservation_id, Participant_id) VALUES (78,9)
INSERT INTO Workshop_registration (reservation_id, Participant_id) VALUES (78,3)
INSERT INTO Workshop_registration (reservation_id, Participant_id) VALUES (78,30)
INSERT INTO Workshop_registration (reservation_id, Participant_id) VALUES (78,37)
INSERT INTO Workshop_registration (reservation_id, Participant_id) VALUES (78,10)
INSERT INTO Workshop_registration (reservation_id, Participant_id) VALUES (78,5)
INSERT INTO Workshop_registration (reservation_id, Participant_id) VALUES (78,22)
INSERT INTO Workshop_registration (reservation_id, Participant_id) VALUES (78,28)
INSERT INTO Workshop_registration (reservation_id, Participant_id) VALUES (78,1)
INSERT INTO Workshop_registration (reservation_id, Participant_id) VALUES (78,23)
INSERT INTO Workshop_registration (reservation_id, Participant_id) VALUES (78,18)
INSERT INTO Workshop_registration (reservation_id, Participant_id) VALUES (78,16)
INSERT INTO Workshop_registration (reservation_id, Participant_id) VALUES (78,34)
INSERT INTO Workshop_registration (reservation_id, Participant_id) VALUES (78,36)
INSERT INTO Workshop_registration (reservation_id, Participant_id) VALUES (78,8)
SET IDENTITY_INSERT  Workshop_reservations OFF
SET IDENTITY_INSERT  Workshops ON
INSERT INTO Workshops (workshop_id, conference_day_id, start_time, end_time, topic, price, number_of_seats) VALUES (21,5,'2020-05-02 00:50:00','2020-05-02 16:01:00','seize sexy applications','855.77','37')
SET IDENTITY_INSERT  Workshops OFF
SET IDENTITY_INSERT  Workshop_reservations ON
INSERT INTO Workshop_reservations (reservation_id, workshop_id, reservation_date, due_price, nr_of_seats) VALUES (79,21,2020-02-06,'2020-04-13',4)
INSERT INTO Workshop_registration (reservation_id, Participant_id) VALUES (79,22)
INSERT INTO Workshop_registration (reservation_id, Participant_id) VALUES (79,7)
INSERT INTO Workshop_registration (reservation_id, Participant_id) VALUES (79,31)
INSERT INTO Workshop_registration (reservation_id, Participant_id) VALUES (79,15)
INSERT INTO Workshop_reservations (reservation_id, workshop_id, reservation_date, due_price, nr_of_seats) VALUES (80,21,2020-01-31,'2020-03-26',22)
INSERT INTO Workshop_registration (reservation_id, Participant_id) VALUES (80,34)
INSERT INTO Workshop_registration (reservation_id, Participant_id) VALUES (80,18)
INSERT INTO Workshop_registration (reservation_id, Participant_id) VALUES (80,17)
INSERT INTO Workshop_registration (reservation_id, Participant_id) VALUES (80,7)
INSERT INTO Workshop_registration (reservation_id, Participant_id) VALUES (80,11)
INSERT INTO Workshop_registration (reservation_id, Participant_id) VALUES (80,8)
INSERT INTO Workshop_registration (reservation_id, Participant_id) VALUES (80,14)
INSERT INTO Workshop_registration (reservation_id, Participant_id) VALUES (80,13)
INSERT INTO Workshop_registration (reservation_id, Participant_id) VALUES (80,5)
INSERT INTO Workshop_registration (reservation_id, Participant_id) VALUES (80,22)
INSERT INTO Workshop_registration (reservation_id, Participant_id) VALUES (80,10)
INSERT INTO Workshop_registration (reservation_id, Participant_id) VALUES (80,9)
INSERT INTO Workshop_registration (reservation_id, Participant_id) VALUES (80,30)
INSERT INTO Workshop_registration (reservation_id, Participant_id) VALUES (80,3)
INSERT INTO Workshop_registration (reservation_id, Participant_id) VALUES (80,36)
INSERT INTO Workshop_registration (reservation_id, Participant_id) VALUES (80,37)
INSERT INTO Workshop_registration (reservation_id, Participant_id) VALUES (80,2)
INSERT INTO Workshop_registration (reservation_id, Participant_id) VALUES (80,38)
INSERT INTO Workshop_registration (reservation_id, Participant_id) VALUES (80,28)
INSERT INTO Workshop_registration (reservation_id, Participant_id) VALUES (80,16)
INSERT INTO Workshop_registration (reservation_id, Participant_id) VALUES (80,20)
INSERT INTO Workshop_registration (reservation_id, Participant_id) VALUES (80,1)
INSERT INTO Workshop_reservations (reservation_id, workshop_id, reservation_date, due_price, nr_of_seats) VALUES (81,21,2020-01-27,'2020-03-21',32)
INSERT INTO Workshop_registration (reservation_id, Participant_id) VALUES (81,7)
INSERT INTO Workshop_registration (reservation_id, Participant_id) VALUES (81,1)
INSERT INTO Workshop_registration (reservation_id, Participant_id) VALUES (81,30)
INSERT INTO Workshop_registration (reservation_id, Participant_id) VALUES (81,20)
INSERT INTO Workshop_registration (reservation_id, Participant_id) VALUES (81,34)
INSERT INTO Workshop_registration (reservation_id, Participant_id) VALUES (81,8)
INSERT INTO Workshop_registration (reservation_id, Participant_id) VALUES (81,35)
INSERT INTO Workshop_registration (reservation_id, Participant_id) VALUES (81,16)
INSERT INTO Workshop_registration (reservation_id, Participant_id) VALUES (81,2)
INSERT INTO Workshop_registration (reservation_id, Participant_id) VALUES (81,19)
INSERT INTO Workshop_registration (reservation_id, Participant_id) VALUES (81,10)
INSERT INTO Workshop_registration (reservation_id, Participant_id) VALUES (81,25)
INSERT INTO Workshop_registration (reservation_id, Participant_id) VALUES (81,12)
INSERT INTO Workshop_registration (reservation_id, Participant_id) VALUES (81,9)
INSERT INTO Workshop_registration (reservation_id, Participant_id) VALUES (81,14)
INSERT INTO Workshop_registration (reservation_id, Participant_id) VALUES (81,3)
INSERT INTO Workshop_registration (reservation_id, Participant_id) VALUES (81,36)
INSERT INTO Workshop_registration (reservation_id, Participant_id) VALUES (81,33)
INSERT INTO Workshop_registration (reservation_id, Participant_id) VALUES (81,37)
INSERT INTO Workshop_registration (reservation_id, Participant_id) VALUES (81,38)
INSERT INTO Workshop_registration (reservation_id, Participant_id) VALUES (81,11)
INSERT INTO Workshop_registration (reservation_id, Participant_id) VALUES (81,29)
INSERT INTO Workshop_registration (reservation_id, Participant_id) VALUES (81,27)
INSERT INTO Workshop_registration (reservation_id, Participant_id) VALUES (81,28)
INSERT INTO Workshop_registration (reservation_id, Participant_id) VALUES (81,23)
INSERT INTO Workshop_registration (reservation_id, Participant_id) VALUES (81,13)
INSERT INTO Workshop_registration (reservation_id, Participant_id) VALUES (81,18)
INSERT INTO Workshop_registration (reservation_id, Participant_id) VALUES (81,17)
INSERT INTO Workshop_registration (reservation_id, Participant_id) VALUES (81,22)
INSERT INTO Workshop_registration (reservation_id, Participant_id) VALUES (81,5)
INSERT INTO Workshop_registration (reservation_id, Participant_id) VALUES (81,24)
INSERT INTO Workshop_registration (reservation_id, Participant_id) VALUES (81,6)
INSERT INTO Workshop_reservations (reservation_id, workshop_id, reservation_date, due_price, nr_of_seats) VALUES (82,21,2020-04-02,'2020-04-07',5)
INSERT INTO Workshop_registration (reservation_id, Participant_id) VALUES (82,27)
INSERT INTO Workshop_registration (reservation_id, Participant_id) VALUES (82,3)
INSERT INTO Workshop_registration (reservation_id, Participant_id) VALUES (82,33)
INSERT INTO Workshop_registration (reservation_id, Participant_id) VALUES (82,36)
INSERT INTO Workshop_registration (reservation_id, Participant_id) VALUES (82,14)
INSERT INTO Workshop_reservations (reservation_id, workshop_id, reservation_date, due_price, nr_of_seats) VALUES (83,21,2020-02-02,'2020-02-20',34)
INSERT INTO Workshop_registration (reservation_id, Participant_id) VALUES (83,23)
INSERT INTO Workshop_registration (reservation_id, Participant_id) VALUES (83,33)
INSERT INTO Workshop_registration (reservation_id, Participant_id) VALUES (83,17)
INSERT INTO Workshop_registration (reservation_id, Participant_id) VALUES (83,14)
INSERT INTO Workshop_registration (reservation_id, Participant_id) VALUES (83,9)
INSERT INTO Workshop_registration (reservation_id, Participant_id) VALUES (83,37)
INSERT INTO Workshop_registration (reservation_id, Participant_id) VALUES (83,16)
INSERT INTO Workshop_registration (reservation_id, Participant_id) VALUES (83,10)
INSERT INTO Workshop_registration (reservation_id, Participant_id) VALUES (83,13)
INSERT INTO Workshop_registration (reservation_id, Participant_id) VALUES (83,19)
INSERT INTO Workshop_registration (reservation_id, Participant_id) VALUES (83,38)
INSERT INTO Workshop_registration (reservation_id, Participant_id) VALUES (83,2)
INSERT INTO Workshop_registration (reservation_id, Participant_id) VALUES (83,21)
INSERT INTO Workshop_registration (reservation_id, Participant_id) VALUES (83,15)
INSERT INTO Workshop_registration (reservation_id, Participant_id) VALUES (83,34)
INSERT INTO Workshop_registration (reservation_id, Participant_id) VALUES (83,30)
INSERT INTO Workshop_registration (reservation_id, Participant_id) VALUES (83,24)
INSERT INTO Workshop_registration (reservation_id, Participant_id) VALUES (83,12)
INSERT INTO Workshop_registration (reservation_id, Participant_id) VALUES (83,22)
INSERT INTO Workshop_registration (reservation_id, Participant_id) VALUES (83,5)
INSERT INTO Workshop_registration (reservation_id, Participant_id) VALUES (83,32)
INSERT INTO Workshop_registration (reservation_id, Participant_id) VALUES (83,1)
INSERT INTO Workshop_registration (reservation_id, Participant_id) VALUES (83,8)
INSERT INTO Workshop_registration (reservation_id, Participant_id) VALUES (83,20)
INSERT INTO Workshop_registration (reservation_id, Participant_id) VALUES (83,29)
INSERT INTO Workshop_registration (reservation_id, Participant_id) VALUES (83,25)
INSERT INTO Workshop_registration (reservation_id, Participant_id) VALUES (83,26)
INSERT INTO Workshop_registration (reservation_id, Participant_id) VALUES (83,7)
INSERT INTO Workshop_registration (reservation_id, Participant_id) VALUES (83,6)
INSERT INTO Workshop_registration (reservation_id, Participant_id) VALUES (83,28)
INSERT INTO Workshop_registration (reservation_id, Participant_id) VALUES (83,31)
INSERT INTO Workshop_registration (reservation_id, Participant_id) VALUES (83,4)
INSERT INTO Workshop_registration (reservation_id, Participant_id) VALUES (83,18)
INSERT INTO Workshop_registration (reservation_id, Participant_id) VALUES (83,35)
INSERT INTO Workshop_reservations (reservation_id, workshop_id, reservation_date, due_price, nr_of_seats) VALUES (84,21,2020-04-02,'2020-04-17',27)
INSERT INTO Workshop_registration (reservation_id, Participant_id) VALUES (84,6)
INSERT INTO Workshop_registration (reservation_id, Participant_id) VALUES (84,29)
INSERT INTO Workshop_registration (reservation_id, Participant_id) VALUES (84,20)
INSERT INTO Workshop_registration (reservation_id, Participant_id) VALUES (84,2)
INSERT INTO Workshop_registration (reservation_id, Participant_id) VALUES (84,33)
INSERT INTO Workshop_registration (reservation_id, Participant_id) VALUES (84,23)
INSERT INTO Workshop_registration (reservation_id, Participant_id) VALUES (84,17)
INSERT INTO Workshop_registration (reservation_id, Participant_id) VALUES (84,14)
INSERT INTO Workshop_registration (reservation_id, Participant_id) VALUES (84,27)
INSERT INTO Workshop_registration (reservation_id, Participant_id) VALUES (84,36)
INSERT INTO Workshop_registration (reservation_id, Participant_id) VALUES (84,24)
INSERT INTO Workshop_registration (reservation_id, Participant_id) VALUES (84,32)
INSERT INTO Workshop_registration (reservation_id, Participant_id) VALUES (84,7)
INSERT INTO Workshop_registration (reservation_id, Participant_id) VALUES (84,22)
INSERT INTO Workshop_registration (reservation_id, Participant_id) VALUES (84,37)
INSERT INTO Workshop_registration (reservation_id, Participant_id) VALUES (84,11)
INSERT INTO Workshop_registration (reservation_id, Participant_id) VALUES (84,15)
INSERT INTO Workshop_registration (reservation_id, Participant_id) VALUES (84,26)
INSERT INTO Workshop_registration (reservation_id, Participant_id) VALUES (84,10)
INSERT INTO Workshop_registration (reservation_id, Participant_id) VALUES (84,9)
INSERT INTO Workshop_registration (reservation_id, Participant_id) VALUES (84,30)
INSERT INTO Workshop_registration (reservation_id, Participant_id) VALUES (84,28)
INSERT INTO Workshop_registration (reservation_id, Participant_id) VALUES (84,38)
INSERT INTO Workshop_registration (reservation_id, Participant_id) VALUES (84,34)
INSERT INTO Workshop_registration (reservation_id, Participant_id) VALUES (84,31)
INSERT INTO Workshop_registration (reservation_id, Participant_id) VALUES (84,13)
INSERT INTO Workshop_registration (reservation_id, Participant_id) VALUES (84,4)
INSERT INTO Workshop_reservations (reservation_id, workshop_id, reservation_date, due_price, nr_of_seats) VALUES (85,21,2020-02-29,'2020-03-14',13)
INSERT INTO Workshop_registration (reservation_id, Participant_id) VALUES (85,34)
INSERT INTO Workshop_registration (reservation_id, Participant_id) VALUES (85,2)
INSERT INTO Workshop_registration (reservation_id, Participant_id) VALUES (85,29)
INSERT INTO Workshop_registration (reservation_id, Participant_id) VALUES (85,8)
INSERT INTO Workshop_registration (reservation_id, Participant_id) VALUES (85,36)
INSERT INTO Workshop_registration (reservation_id, Participant_id) VALUES (85,35)
INSERT INTO Workshop_registration (reservation_id, Participant_id) VALUES (85,38)
INSERT INTO Workshop_registration (reservation_id, Participant_id) VALUES (85,33)
INSERT INTO Workshop_registration (reservation_id, Participant_id) VALUES (85,14)
INSERT INTO Workshop_registration (reservation_id, Participant_id) VALUES (85,11)
INSERT INTO Workshop_registration (reservation_id, Participant_id) VALUES (85,16)
INSERT INTO Workshop_registration (reservation_id, Participant_id) VALUES (85,5)
INSERT INTO Workshop_registration (reservation_id, Participant_id) VALUES (85,23)
INSERT INTO Workshop_reservations (reservation_id, workshop_id, reservation_date, due_price, nr_of_seats) VALUES (86,21,2020-01-25,'2020-03-28',17)
INSERT INTO Workshop_registration (reservation_id, Participant_id) VALUES (86,36)
INSERT INTO Workshop_registration (reservation_id, Participant_id) VALUES (86,31)
INSERT INTO Workshop_registration (reservation_id, Participant_id) VALUES (86,21)
INSERT INTO Workshop_registration (reservation_id, Participant_id) VALUES (86,14)
INSERT INTO Workshop_registration (reservation_id, Participant_id) VALUES (86,7)
INSERT INTO Workshop_registration (reservation_id, Participant_id) VALUES (86,35)
INSERT INTO Workshop_registration (reservation_id, Participant_id) VALUES (86,6)
INSERT INTO Workshop_registration (reservation_id, Participant_id) VALUES (86,9)
INSERT INTO Workshop_registration (reservation_id, Participant_id) VALUES (86,38)
INSERT INTO Workshop_registration (reservation_id, Participant_id) VALUES (86,2)
INSERT INTO Workshop_registration (reservation_id, Participant_id) VALUES (86,10)
INSERT INTO Workshop_registration (reservation_id, Participant_id) VALUES (86,26)
INSERT INTO Workshop_registration (reservation_id, Participant_id) VALUES (86,23)
INSERT INTO Workshop_registration (reservation_id, Participant_id) VALUES (86,17)
INSERT INTO Workshop_registration (reservation_id, Participant_id) VALUES (86,19)
INSERT INTO Workshop_registration (reservation_id, Participant_id) VALUES (86,13)
INSERT INTO Workshop_registration (reservation_id, Participant_id) VALUES (86,12)
INSERT INTO Workshop_reservations (reservation_id, workshop_id, reservation_date, due_price, nr_of_seats) VALUES (87,21,2020-04-17,'2020-04-19',15)
INSERT INTO Workshop_registration (reservation_id, Participant_id) VALUES (87,29)
INSERT INTO Workshop_registration (reservation_id, Participant_id) VALUES (87,23)
INSERT INTO Workshop_registration (reservation_id, Participant_id) VALUES (87,6)
INSERT INTO Workshop_registration (reservation_id, Participant_id) VALUES (87,36)
INSERT INTO Workshop_registration (reservation_id, Participant_id) VALUES (87,20)
INSERT INTO Workshop_registration (reservation_id, Participant_id) VALUES (87,25)
INSERT INTO Workshop_registration (reservation_id, Participant_id) VALUES (87,4)
INSERT INTO Workshop_registration (reservation_id, Participant_id) VALUES (87,2)
INSERT INTO Workshop_registration (reservation_id, Participant_id) VALUES (87,31)
INSERT INTO Workshop_registration (reservation_id, Participant_id) VALUES (87,28)
INSERT INTO Workshop_registration (reservation_id, Participant_id) VALUES (87,27)
INSERT INTO Workshop_registration (reservation_id, Participant_id) VALUES (87,38)
INSERT INTO Workshop_registration (reservation_id, Participant_id) VALUES (87,33)
INSERT INTO Workshop_registration (reservation_id, Participant_id) VALUES (87,19)
INSERT INTO Workshop_registration (reservation_id, Participant_id) VALUES (87,3)
SET IDENTITY_INSERT  Workshop_reservations OFF
SET IDENTITY_INSERT  Workshops ON
INSERT INTO Workshops (workshop_id, conference_day_id, start_time, end_time, topic, price, number_of_seats) VALUES (22,5,'2020-05-02 10:54:00','2020-05-02 16:31:00','innovate sticky platforms','565.88','48')
SET IDENTITY_INSERT  Workshops OFF
SET IDENTITY_INSERT  Workshop_reservations ON
INSERT INTO Workshop_reservations (reservation_id, workshop_id, reservation_date, due_price, nr_of_seats) VALUES (88,22,2020-02-23,'2020-03-10',35)
INSERT INTO Workshop_registration (reservation_id, Participant_id) VALUES (88,25)
INSERT INTO Workshop_registration (reservation_id, Participant_id) VALUES (88,5)
INSERT INTO Workshop_registration (reservation_id, Participant_id) VALUES (88,8)
INSERT INTO Workshop_registration (reservation_id, Participant_id) VALUES (88,23)
INSERT INTO Workshop_registration (reservation_id, Participant_id) VALUES (88,35)
INSERT INTO Workshop_registration (reservation_id, Participant_id) VALUES (88,14)
INSERT INTO Workshop_registration (reservation_id, Participant_id) VALUES (88,12)
INSERT INTO Workshop_registration (reservation_id, Participant_id) VALUES (88,19)
INSERT INTO Workshop_registration (reservation_id, Participant_id) VALUES (88,1)
INSERT INTO Workshop_registration (reservation_id, Participant_id) VALUES (88,2)
INSERT INTO Workshop_registration (reservation_id, Participant_id) VALUES (88,16)
INSERT INTO Workshop_registration (reservation_id, Participant_id) VALUES (88,30)
INSERT INTO Workshop_registration (reservation_id, Participant_id) VALUES (88,31)
INSERT INTO Workshop_registration (reservation_id, Participant_id) VALUES (88,7)
INSERT INTO Workshop_registration (reservation_id, Participant_id) VALUES (88,3)
INSERT INTO Workshop_registration (reservation_id, Participant_id) VALUES (88,18)
INSERT INTO Workshop_registration (reservation_id, Participant_id) VALUES (88,29)
INSERT INTO Workshop_registration (reservation_id, Participant_id) VALUES (88,33)
INSERT INTO Workshop_registration (reservation_id, Participant_id) VALUES (88,17)
INSERT INTO Workshop_registration (reservation_id, Participant_id) VALUES (88,20)
INSERT INTO Workshop_registration (reservation_id, Participant_id) VALUES (88,9)
INSERT INTO Workshop_registration (reservation_id, Participant_id) VALUES (88,26)
INSERT INTO Workshop_registration (reservation_id, Participant_id) VALUES (88,4)
INSERT INTO Workshop_registration (reservation_id, Participant_id) VALUES (88,21)
INSERT INTO Workshop_registration (reservation_id, Participant_id) VALUES (88,22)
INSERT INTO Workshop_registration (reservation_id, Participant_id) VALUES (88,37)
INSERT INTO Workshop_registration (reservation_id, Participant_id) VALUES (88,10)
INSERT INTO Workshop_registration (reservation_id, Participant_id) VALUES (88,11)
INSERT INTO Workshop_registration (reservation_id, Participant_id) VALUES (88,13)
INSERT INTO Workshop_registration (reservation_id, Participant_id) VALUES (88,34)
INSERT INTO Workshop_registration (reservation_id, Participant_id) VALUES (88,27)
INSERT INTO Workshop_registration (reservation_id, Participant_id) VALUES (88,36)
INSERT INTO Workshop_registration (reservation_id, Participant_id) VALUES (88,28)
INSERT INTO Workshop_registration (reservation_id, Participant_id) VALUES (88,6)
INSERT INTO Workshop_registration (reservation_id, Participant_id) VALUES (88,32)
INSERT INTO Workshop_reservations (reservation_id, workshop_id, reservation_date, due_price, nr_of_seats) VALUES (89,22,2020-03-01,'2020-03-26',30)
INSERT INTO Workshop_registration (reservation_id, Participant_id) VALUES (89,32)
INSERT INTO Workshop_registration (reservation_id, Participant_id) VALUES (89,30)
INSERT INTO Workshop_registration (reservation_id, Participant_id) VALUES (89,1)
INSERT INTO Workshop_registration (reservation_id, Participant_id) VALUES (89,27)
INSERT INTO Workshop_registration (reservation_id, Participant_id) VALUES (89,38)
INSERT INTO Workshop_registration (reservation_id, Participant_id) VALUES (89,29)
INSERT INTO Workshop_registration (reservation_id, Participant_id) VALUES (89,8)
INSERT INTO Workshop_registration (reservation_id, Participant_id) VALUES (89,34)
INSERT INTO Workshop_registration (reservation_id, Participant_id) VALUES (89,26)
INSERT INTO Workshop_registration (reservation_id, Participant_id) VALUES (89,16)
INSERT INTO Workshop_registration (reservation_id, Participant_id) VALUES (89,19)
INSERT INTO Workshop_registration (reservation_id, Participant_id) VALUES (89,37)
INSERT INTO Workshop_registration (reservation_id, Participant_id) VALUES (89,2)
INSERT INTO Workshop_registration (reservation_id, Participant_id) VALUES (89,25)
INSERT INTO Workshop_registration (reservation_id, Participant_id) VALUES (89,28)
INSERT INTO Workshop_registration (reservation_id, Participant_id) VALUES (89,9)
INSERT INTO Workshop_registration (reservation_id, Participant_id) VALUES (89,22)
INSERT INTO Workshop_registration (reservation_id, Participant_id) VALUES (89,5)
INSERT INTO Workshop_registration (reservation_id, Participant_id) VALUES (89,24)
INSERT INTO Workshop_registration (reservation_id, Participant_id) VALUES (89,17)
INSERT INTO Workshop_registration (reservation_id, Participant_id) VALUES (89,12)
INSERT INTO Workshop_registration (reservation_id, Participant_id) VALUES (89,15)
INSERT INTO Workshop_registration (reservation_id, Participant_id) VALUES (89,31)
INSERT INTO Workshop_registration (reservation_id, Participant_id) VALUES (89,6)
INSERT INTO Workshop_registration (reservation_id, Participant_id) VALUES (89,33)
INSERT INTO Workshop_registration (reservation_id, Participant_id) VALUES (89,7)
INSERT INTO Workshop_registration (reservation_id, Participant_id) VALUES (89,11)
INSERT INTO Workshop_registration (reservation_id, Participant_id) VALUES (89,36)
INSERT INTO Workshop_registration (reservation_id, Participant_id) VALUES (89,21)
INSERT INTO Workshop_registration (reservation_id, Participant_id) VALUES (89,3)
INSERT INTO Workshop_reservations (reservation_id, workshop_id, reservation_date, due_price, nr_of_seats) VALUES (90,22,2020-04-08,'2020-04-13',25)
INSERT INTO Workshop_registration (reservation_id, Participant_id) VALUES (90,29)
INSERT INTO Workshop_registration (reservation_id, Participant_id) VALUES (90,17)
INSERT INTO Workshop_registration (reservation_id, Participant_id) VALUES (90,36)
INSERT INTO Workshop_registration (reservation_id, Participant_id) VALUES (90,11)
INSERT INTO Workshop_registration (reservation_id, Participant_id) VALUES (90,3)
INSERT INTO Workshop_registration (reservation_id, Participant_id) VALUES (90,37)
INSERT INTO Workshop_registration (reservation_id, Participant_id) VALUES (90,30)
INSERT INTO Workshop_registration (reservation_id, Participant_id) VALUES (90,32)
INSERT INTO Workshop_registration (reservation_id, Participant_id) VALUES (90,13)
INSERT INTO Workshop_registration (reservation_id, Participant_id) VALUES (90,22)
INSERT INTO Workshop_registration (reservation_id, Participant_id) VALUES (90,28)
INSERT INTO Workshop_registration (reservation_id, Participant_id) VALUES (90,35)
INSERT INTO Workshop_registration (reservation_id, Participant_id) VALUES (90,19)
INSERT INTO Workshop_registration (reservation_id, Participant_id) VALUES (90,24)
INSERT INTO Workshop_registration (reservation_id, Participant_id) VALUES (90,8)
INSERT INTO Workshop_registration (reservation_id, Participant_id) VALUES (90,21)
INSERT INTO Workshop_registration (reservation_id, Participant_id) VALUES (90,27)
INSERT INTO Workshop_registration (reservation_id, Participant_id) VALUES (90,1)
INSERT INTO Workshop_registration (reservation_id, Participant_id) VALUES (90,38)
INSERT INTO Workshop_registration (reservation_id, Participant_id) VALUES (90,9)
INSERT INTO Workshop_registration (reservation_id, Participant_id) VALUES (90,12)
INSERT INTO Workshop_registration (reservation_id, Participant_id) VALUES (90,33)
INSERT INTO Workshop_registration (reservation_id, Participant_id) VALUES (90,15)
INSERT INTO Workshop_registration (reservation_id, Participant_id) VALUES (90,16)
INSERT INTO Workshop_registration (reservation_id, Participant_id) VALUES (90,34)
INSERT INTO Workshop_reservations (reservation_id, workshop_id, reservation_date, due_price, nr_of_seats) VALUES (91,22,2020-03-23,'2020-04-09',20)
INSERT INTO Workshop_registration (reservation_id, Participant_id) VALUES (91,21)
INSERT INTO Workshop_registration (reservation_id, Participant_id) VALUES (91,29)
INSERT INTO Workshop_registration (reservation_id, Participant_id) VALUES (91,14)
INSERT INTO Workshop_registration (reservation_id, Participant_id) VALUES (91,9)
INSERT INTO Workshop_registration (reservation_id, Participant_id) VALUES (91,22)
INSERT INTO Workshop_registration (reservation_id, Participant_id) VALUES (91,15)
INSERT INTO Workshop_registration (reservation_id, Participant_id) VALUES (91,16)
INSERT INTO Workshop_registration (reservation_id, Participant_id) VALUES (91,33)
INSERT INTO Workshop_registration (reservation_id, Participant_id) VALUES (91,38)
INSERT INTO Workshop_registration (reservation_id, Participant_id) VALUES (91,30)
INSERT INTO Workshop_registration (reservation_id, Participant_id) VALUES (91,3)
INSERT INTO Workshop_registration (reservation_id, Participant_id) VALUES (91,10)
INSERT INTO Workshop_registration (reservation_id, Participant_id) VALUES (91,26)
INSERT INTO Workshop_registration (reservation_id, Participant_id) VALUES (91,32)
INSERT INTO Workshop_registration (reservation_id, Participant_id) VALUES (91,8)
INSERT INTO Workshop_registration (reservation_id, Participant_id) VALUES (91,11)
INSERT INTO Workshop_registration (reservation_id, Participant_id) VALUES (91,7)
INSERT INTO Workshop_registration (reservation_id, Participant_id) VALUES (91,12)
INSERT INTO Workshop_registration (reservation_id, Participant_id) VALUES (91,36)
INSERT INTO Workshop_registration (reservation_id, Participant_id) VALUES (91,37)
INSERT INTO Workshop_reservations (reservation_id, workshop_id, reservation_date, due_price, nr_of_seats) VALUES (92,22,2020-02-22,'2020-03-28',35)
INSERT INTO Workshop_registration (reservation_id, Participant_id) VALUES (92,2)
INSERT INTO Workshop_registration (reservation_id, Participant_id) VALUES (92,14)
INSERT INTO Workshop_registration (reservation_id, Participant_id) VALUES (92,13)
INSERT INTO Workshop_registration (reservation_id, Participant_id) VALUES (92,30)
INSERT INTO Workshop_registration (reservation_id, Participant_id) VALUES (92,4)
INSERT INTO Workshop_registration (reservation_id, Participant_id) VALUES (92,5)
INSERT INTO Workshop_registration (reservation_id, Participant_id) VALUES (92,32)
INSERT INTO Workshop_registration (reservation_id, Participant_id) VALUES (92,17)
INSERT INTO Workshop_registration (reservation_id, Participant_id) VALUES (92,6)
INSERT INTO Workshop_registration (reservation_id, Participant_id) VALUES (92,7)
INSERT INTO Workshop_registration (reservation_id, Participant_id) VALUES (92,11)
INSERT INTO Workshop_registration (reservation_id, Participant_id) VALUES (92,9)
INSERT INTO Workshop_registration (reservation_id, Participant_id) VALUES (92,24)
INSERT INTO Workshop_registration (reservation_id, Participant_id) VALUES (92,19)
INSERT INTO Workshop_registration (reservation_id, Participant_id) VALUES (92,18)
INSERT INTO Workshop_registration (reservation_id, Participant_id) VALUES (92,26)
INSERT INTO Workshop_registration (reservation_id, Participant_id) VALUES (92,20)
INSERT INTO Workshop_registration (reservation_id, Participant_id) VALUES (92,22)
INSERT INTO Workshop_registration (reservation_id, Participant_id) VALUES (92,34)
INSERT INTO Workshop_registration (reservation_id, Participant_id) VALUES (92,3)
INSERT INTO Workshop_registration (reservation_id, Participant_id) VALUES (92,31)
INSERT INTO Workshop_registration (reservation_id, Participant_id) VALUES (92,16)
INSERT INTO Workshop_registration (reservation_id, Participant_id) VALUES (92,35)
INSERT INTO Workshop_registration (reservation_id, Participant_id) VALUES (92,10)
INSERT INTO Workshop_registration (reservation_id, Participant_id) VALUES (92,8)
INSERT INTO Workshop_registration (reservation_id, Participant_id) VALUES (92,38)
INSERT INTO Workshop_registration (reservation_id, Participant_id) VALUES (92,21)
INSERT INTO Workshop_registration (reservation_id, Participant_id) VALUES (92,28)
INSERT INTO Workshop_registration (reservation_id, Participant_id) VALUES (92,23)
INSERT INTO Workshop_registration (reservation_id, Participant_id) VALUES (92,15)
INSERT INTO Workshop_registration (reservation_id, Participant_id) VALUES (92,37)
INSERT INTO Workshop_registration (reservation_id, Participant_id) VALUES (92,36)
INSERT INTO Workshop_registration (reservation_id, Participant_id) VALUES (92,12)
INSERT INTO Workshop_registration (reservation_id, Participant_id) VALUES (92,27)
INSERT INTO Workshop_registration (reservation_id, Participant_id) VALUES (92,1)
INSERT INTO Workshop_reservations (reservation_id, workshop_id, reservation_date, due_price, nr_of_seats) VALUES (93,22,2020-03-22,'2020-03-29',5)
INSERT INTO Workshop_registration (reservation_id, Participant_id) VALUES (93,8)
INSERT INTO Workshop_registration (reservation_id, Participant_id) VALUES (93,7)
INSERT INTO Workshop_registration (reservation_id, Participant_id) VALUES (93,34)
INSERT INTO Workshop_registration (reservation_id, Participant_id) VALUES (93,30)
INSERT INTO Workshop_registration (reservation_id, Participant_id) VALUES (93,3)
INSERT INTO Workshop_reservations (reservation_id, workshop_id, reservation_date, due_price, nr_of_seats) VALUES (94,22,2020-01-18,'2020-02-29',20)
INSERT INTO Workshop_registration (reservation_id, Participant_id) VALUES (94,29)
INSERT INTO Workshop_registration (reservation_id, Participant_id) VALUES (94,3)
INSERT INTO Workshop_registration (reservation_id, Participant_id) VALUES (94,5)
INSERT INTO Workshop_registration (reservation_id, Participant_id) VALUES (94,15)
INSERT INTO Workshop_registration (reservation_id, Participant_id) VALUES (94,14)
INSERT INTO Workshop_registration (reservation_id, Participant_id) VALUES (94,4)
INSERT INTO Workshop_registration (reservation_id, Participant_id) VALUES (94,27)
INSERT INTO Workshop_registration (reservation_id, Participant_id) VALUES (94,18)
INSERT INTO Workshop_registration (reservation_id, Participant_id) VALUES (94,28)
INSERT INTO Workshop_registration (reservation_id, Participant_id) VALUES (94,16)
INSERT INTO Workshop_registration (reservation_id, Participant_id) VALUES (94,10)
INSERT INTO Workshop_registration (reservation_id, Participant_id) VALUES (94,23)
INSERT INTO Workshop_registration (reservation_id, Participant_id) VALUES (94,22)
INSERT INTO Workshop_registration (reservation_id, Participant_id) VALUES (94,31)
INSERT INTO Workshop_registration (reservation_id, Participant_id) VALUES (94,19)
INSERT INTO Workshop_registration (reservation_id, Participant_id) VALUES (94,25)
INSERT INTO Workshop_registration (reservation_id, Participant_id) VALUES (94,20)
INSERT INTO Workshop_registration (reservation_id, Participant_id) VALUES (94,13)
INSERT INTO Workshop_registration (reservation_id, Participant_id) VALUES (94,9)
INSERT INTO Workshop_registration (reservation_id, Participant_id) VALUES (94,34)
INSERT INTO Workshop_reservations (reservation_id, workshop_id, reservation_date, due_price, nr_of_seats) VALUES (95,22,2020-01-20,'2020-03-08',12)
INSERT INTO Workshop_registration (reservation_id, Participant_id) VALUES (95,5)
INSERT INTO Workshop_registration (reservation_id, Participant_id) VALUES (95,12)
INSERT INTO Workshop_registration (reservation_id, Participant_id) VALUES (95,1)
INSERT INTO Workshop_registration (reservation_id, Participant_id) VALUES (95,8)
INSERT INTO Workshop_registration (reservation_id, Participant_id) VALUES (95,35)
INSERT INTO Workshop_registration (reservation_id, Participant_id) VALUES (95,26)
INSERT INTO Workshop_registration (reservation_id, Participant_id) VALUES (95,21)
INSERT INTO Workshop_registration (reservation_id, Participant_id) VALUES (95,29)
INSERT INTO Workshop_registration (reservation_id, Participant_id) VALUES (95,23)
INSERT INTO Workshop_registration (reservation_id, Participant_id) VALUES (95,11)
INSERT INTO Workshop_registration (reservation_id, Participant_id) VALUES (95,4)
INSERT INTO Workshop_registration (reservation_id, Participant_id) VALUES (95,33)
SET IDENTITY_INSERT  Workshop_reservations OFF
SET IDENTITY_INSERT  Conference_day_reservations ON
INSERT INTO Conference_day_reservations (reservation_id, conference_day_id, clients_id, reservation_date, active, due_price, adult_seats, student_seats) VALUES (15,5,10,'2020-01-17','0','2020-02-16','19','5')
INSERT INTO Payments (reservation_id, in_date, value) VALUES (15,'2020-02-08',141.05)
INSERT INTO Payments (reservation_id, in_date, value) VALUES (15,'2020-01-22',158.0)
INSERT INTO Payments (reservation_id, in_date, value) VALUES (15,'2020-02-01',229.0)
INSERT INTO Conference_day_registration (reservation_id, Participant_id, is_student) VALUES (15,9,0)
INSERT INTO Conference_day_registration (reservation_id, Participant_id, is_student) VALUES (15,1,0)
INSERT INTO Conference_day_registration (reservation_id, Participant_id, is_student) VALUES (15,38,0)
INSERT INTO Conference_day_registration (reservation_id, Participant_id, is_student) VALUES (15,31,0)
INSERT INTO Conference_day_registration (reservation_id, Participant_id, is_student) VALUES (15,7,0)
INSERT INTO Conference_day_registration (reservation_id, Participant_id, is_student) VALUES (15,27,0)
INSERT INTO Conference_day_registration (reservation_id, Participant_id, is_student) VALUES (15,10,0)
INSERT INTO Conference_day_registration (reservation_id, Participant_id, is_student) VALUES (15,13,0)
INSERT INTO Conference_day_registration (reservation_id, Participant_id, is_student) VALUES (15,25,0)
INSERT INTO Conference_day_registration (reservation_id, Participant_id, is_student) VALUES (15,16,0)
INSERT INTO Conference_day_registration (reservation_id, Participant_id, is_student) VALUES (15,4,0)
INSERT INTO Conference_day_registration (reservation_id, Participant_id, is_student) VALUES (15,36,0)
INSERT INTO Conference_day_registration (reservation_id, Participant_id, is_student) VALUES (15,28,0)
INSERT INTO Conference_day_registration (reservation_id, Participant_id, is_student) VALUES (15,12,0)
INSERT INTO Conference_day_registration (reservation_id, Participant_id, is_student) VALUES (15,3,0)
INSERT INTO Conference_day_registration (reservation_id, Participant_id, is_student) VALUES (15,8,0)
INSERT INTO Conference_day_registration (reservation_id, Participant_id, is_student) VALUES (15,29,0)
INSERT INTO Conference_day_registration (reservation_id, Participant_id, is_student) VALUES (15,5,0)
INSERT INTO Conference_day_registration (reservation_id, Participant_id, is_student) VALUES (15,37,0)
INSERT INTO Conference_day_registration (reservation_id, Participant_id, is_student) VALUES (15,19,1)
INSERT INTO Conference_day_registration (reservation_id, Participant_id, is_student) VALUES (15,17,1)
INSERT INTO Conference_day_registration (reservation_id, Participant_id, is_student) VALUES (15,14,1)
INSERT INTO Conference_day_registration (reservation_id, Participant_id, is_student) VALUES (15,15,1)
INSERT INTO Conference_day_registration (reservation_id, Participant_id, is_student) VALUES (15,35,1)
INSERT INTO Conference_day_reservations (reservation_id, conference_day_id, clients_id, reservation_date, active, due_price, adult_seats, student_seats) VALUES (16,5,8,'2020-03-06','0','2020-04-14','17','6')
INSERT INTO Payments (reservation_id, in_date, value) VALUES (16,'2020-03-11',159.25)
INSERT INTO Payments (reservation_id, in_date, value) VALUES (16,'2020-03-21',144.0)
INSERT INTO Payments (reservation_id, in_date, value) VALUES (16,'2020-04-04',81.0)
INSERT INTO Payments (reservation_id, in_date, value) VALUES (16,'2020-04-03',135.0)
INSERT INTO Payments (reservation_id, in_date, value) VALUES (16,'2020-03-11',8.0)
INSERT INTO Conference_day_registration (reservation_id, Participant_id, is_student) VALUES (16,33,0)
INSERT INTO Conference_day_registration (reservation_id, Participant_id, is_student) VALUES (16,21,0)
INSERT INTO Conference_day_registration (reservation_id, Participant_id, is_student) VALUES (16,17,0)
INSERT INTO Conference_day_registration (reservation_id, Participant_id, is_student) VALUES (16,29,0)
INSERT INTO Conference_day_registration (reservation_id, Participant_id, is_student) VALUES (16,15,0)
INSERT INTO Conference_day_registration (reservation_id, Participant_id, is_student) VALUES (16,20,0)
INSERT INTO Conference_day_registration (reservation_id, Participant_id, is_student) VALUES (16,36,0)
INSERT INTO Conference_day_registration (reservation_id, Participant_id, is_student) VALUES (16,5,0)
INSERT INTO Conference_day_registration (reservation_id, Participant_id, is_student) VALUES (16,24,0)
INSERT INTO Conference_day_registration (reservation_id, Participant_id, is_student) VALUES (16,14,0)
INSERT INTO Conference_day_registration (reservation_id, Participant_id, is_student) VALUES (16,27,0)
INSERT INTO Conference_day_registration (reservation_id, Participant_id, is_student) VALUES (16,23,0)
INSERT INTO Conference_day_registration (reservation_id, Participant_id, is_student) VALUES (16,25,0)
INSERT INTO Conference_day_registration (reservation_id, Participant_id, is_student) VALUES (16,31,0)
INSERT INTO Conference_day_registration (reservation_id, Participant_id, is_student) VALUES (16,34,0)
INSERT INTO Conference_day_registration (reservation_id, Participant_id, is_student) VALUES (16,32,0)
INSERT INTO Conference_day_registration (reservation_id, Participant_id, is_student) VALUES (16,1,0)
INSERT INTO Conference_day_registration (reservation_id, Participant_id, is_student) VALUES (16,16,1)
INSERT INTO Conference_day_registration (reservation_id, Participant_id, is_student) VALUES (16,10,1)
INSERT INTO Conference_day_registration (reservation_id, Participant_id, is_student) VALUES (16,18,1)
INSERT INTO Conference_day_registration (reservation_id, Participant_id, is_student) VALUES (16,37,1)
INSERT INTO Conference_day_registration (reservation_id, Participant_id, is_student) VALUES (16,12,1)
INSERT INTO Conference_day_registration (reservation_id, Participant_id, is_student) VALUES (16,30,1)
INSERT INTO Conference_day_reservations (reservation_id, conference_day_id, clients_id, reservation_date, active, due_price, adult_seats, student_seats) VALUES (17,5,3,'2020-03-30','1','2020-04-02','4','19')
INSERT INTO Payments (reservation_id, in_date, value) VALUES (17,'2020-03-31',164.3)
INSERT INTO Payments (reservation_id, in_date, value) VALUES (17,'2020-04-01',134.0)
INSERT INTO Payments (reservation_id, in_date, value) VALUES (17,'2020-03-30',228.0)
INSERT INTO Conference_day_registration (reservation_id, Participant_id, is_student) VALUES (17,8,0)
INSERT INTO Conference_day_registration (reservation_id, Participant_id, is_student) VALUES (17,14,0)
INSERT INTO Conference_day_registration (reservation_id, Participant_id, is_student) VALUES (17,22,0)
INSERT INTO Conference_day_registration (reservation_id, Participant_id, is_student) VALUES (17,6,0)
INSERT INTO Conference_day_registration (reservation_id, Participant_id, is_student) VALUES (17,30,1)
INSERT INTO Conference_day_registration (reservation_id, Participant_id, is_student) VALUES (17,5,1)
INSERT INTO Conference_day_registration (reservation_id, Participant_id, is_student) VALUES (17,2,1)
INSERT INTO Conference_day_registration (reservation_id, Participant_id, is_student) VALUES (17,19,1)
INSERT INTO Conference_day_registration (reservation_id, Participant_id, is_student) VALUES (17,9,1)
INSERT INTO Conference_day_registration (reservation_id, Participant_id, is_student) VALUES (17,7,1)
INSERT INTO Conference_day_registration (reservation_id, Participant_id, is_student) VALUES (17,25,1)
INSERT INTO Conference_day_registration (reservation_id, Participant_id, is_student) VALUES (17,4,1)
INSERT INTO Conference_day_registration (reservation_id, Participant_id, is_student) VALUES (17,20,1)
INSERT INTO Conference_day_registration (reservation_id, Participant_id, is_student) VALUES (17,11,1)
INSERT INTO Conference_day_registration (reservation_id, Participant_id, is_student) VALUES (17,36,1)
INSERT INTO Conference_day_registration (reservation_id, Participant_id, is_student) VALUES (17,12,1)
INSERT INTO Conference_day_registration (reservation_id, Participant_id, is_student) VALUES (17,23,1)
INSERT INTO Conference_day_registration (reservation_id, Participant_id, is_student) VALUES (17,33,1)
INSERT INTO Conference_day_registration (reservation_id, Participant_id, is_student) VALUES (17,31,1)
INSERT INTO Conference_day_registration (reservation_id, Participant_id, is_student) VALUES (17,21,1)
INSERT INTO Conference_day_registration (reservation_id, Participant_id, is_student) VALUES (17,17,1)
INSERT INTO Conference_day_registration (reservation_id, Participant_id, is_student) VALUES (17,15,1)
INSERT INTO Conference_day_registration (reservation_id, Participant_id, is_student) VALUES (17,32,1)
INSERT INTO Conference_day_reservations (reservation_id, conference_day_id, clients_id, reservation_date, active, due_price, adult_seats, student_seats) VALUES (18,5,10,'2020-02-13','0','2020-03-12','18','5')
INSERT INTO Payments (reservation_id, in_date, value) VALUES (18,'2020-02-26',279.32)
INSERT INTO Payments (reservation_id, in_date, value) VALUES (18,'2020-03-11',248.0)
INSERT INTO Conference_day_registration (reservation_id, Participant_id, is_student) VALUES (18,4,0)
INSERT INTO Conference_day_registration (reservation_id, Participant_id, is_student) VALUES (18,23,0)
INSERT INTO Conference_day_registration (reservation_id, Participant_id, is_student) VALUES (18,20,0)
INSERT INTO Conference_day_registration (reservation_id, Participant_id, is_student) VALUES (18,34,0)
INSERT INTO Conference_day_registration (reservation_id, Participant_id, is_student) VALUES (18,8,0)
INSERT INTO Conference_day_registration (reservation_id, Participant_id, is_student) VALUES (18,25,0)
INSERT INTO Conference_day_registration (reservation_id, Participant_id, is_student) VALUES (18,7,0)
INSERT INTO Conference_day_registration (reservation_id, Participant_id, is_student) VALUES (18,5,0)
INSERT INTO Conference_day_registration (reservation_id, Participant_id, is_student) VALUES (18,22,0)
INSERT INTO Conference_day_registration (reservation_id, Participant_id, is_student) VALUES (18,15,0)
INSERT INTO Conference_day_registration (reservation_id, Participant_id, is_student) VALUES (18,28,0)
INSERT INTO Conference_day_registration (reservation_id, Participant_id, is_student) VALUES (18,19,0)
INSERT INTO Conference_day_registration (reservation_id, Participant_id, is_student) VALUES (18,35,0)
INSERT INTO Conference_day_registration (reservation_id, Participant_id, is_student) VALUES (18,31,0)
INSERT INTO Conference_day_registration (reservation_id, Participant_id, is_student) VALUES (18,10,0)
INSERT INTO Conference_day_registration (reservation_id, Participant_id, is_student) VALUES (18,36,0)
INSERT INTO Conference_day_registration (reservation_id, Participant_id, is_student) VALUES (18,33,0)
INSERT INTO Conference_day_registration (reservation_id, Participant_id, is_student) VALUES (18,14,0)
INSERT INTO Conference_day_registration (reservation_id, Participant_id, is_student) VALUES (18,18,1)
INSERT INTO Conference_day_registration (reservation_id, Participant_id, is_student) VALUES (18,16,1)
INSERT INTO Conference_day_registration (reservation_id, Participant_id, is_student) VALUES (18,24,1)
INSERT INTO Conference_day_registration (reservation_id, Participant_id, is_student) VALUES (18,17,1)
INSERT INTO Conference_day_registration (reservation_id, Participant_id, is_student) VALUES (18,38,1)
INSERT INTO Conference_day_reservations (reservation_id, conference_day_id, clients_id, reservation_date, active, due_price, adult_seats, student_seats) VALUES (19,5,9,'2020-03-18','0','2020-03-31','33','1')
INSERT INTO Payments (reservation_id, in_date, value) VALUES (19,'2020-03-29',262.65)
INSERT INTO Payments (reservation_id, in_date, value) VALUES (19,'2020-03-28',273.0)
INSERT INTO Conference_day_registration (reservation_id, Participant_id, is_student) VALUES (19,5,0)
INSERT INTO Conference_day_registration (reservation_id, Participant_id, is_student) VALUES (19,34,0)
INSERT INTO Conference_day_registration (reservation_id, Participant_id, is_student) VALUES (19,13,0)
INSERT INTO Conference_day_registration (reservation_id, Participant_id, is_student) VALUES (19,32,0)
INSERT INTO Conference_day_registration (reservation_id, Participant_id, is_student) VALUES (19,15,0)
INSERT INTO Conference_day_registration (reservation_id, Participant_id, is_student) VALUES (19,19,0)
INSERT INTO Conference_day_registration (reservation_id, Participant_id, is_student) VALUES (19,7,0)
INSERT INTO Conference_day_registration (reservation_id, Participant_id, is_student) VALUES (19,36,0)
INSERT INTO Conference_day_registration (reservation_id, Participant_id, is_student) VALUES (19,20,0)
INSERT INTO Conference_day_registration (reservation_id, Participant_id, is_student) VALUES (19,8,0)
INSERT INTO Conference_day_registration (reservation_id, Participant_id, is_student) VALUES (19,27,0)
INSERT INTO Conference_day_registration (reservation_id, Participant_id, is_student) VALUES (19,14,0)
INSERT INTO Conference_day_registration (reservation_id, Participant_id, is_student) VALUES (19,4,0)
INSERT INTO Conference_day_registration (reservation_id, Participant_id, is_student) VALUES (19,11,0)
INSERT INTO Conference_day_registration (reservation_id, Participant_id, is_student) VALUES (19,6,0)
INSERT INTO Conference_day_registration (reservation_id, Participant_id, is_student) VALUES (19,16,0)
INSERT INTO Conference_day_registration (reservation_id, Participant_id, is_student) VALUES (19,37,0)
INSERT INTO Conference_day_registration (reservation_id, Participant_id, is_student) VALUES (19,12,0)
INSERT INTO Conference_day_registration (reservation_id, Participant_id, is_student) VALUES (19,26,0)
INSERT INTO Conference_day_registration (reservation_id, Participant_id, is_student) VALUES (19,3,0)
INSERT INTO Conference_day_registration (reservation_id, Participant_id, is_student) VALUES (19,25,0)
INSERT INTO Conference_day_registration (reservation_id, Participant_id, is_student) VALUES (19,33,0)
INSERT INTO Conference_day_registration (reservation_id, Participant_id, is_student) VALUES (19,18,0)
INSERT INTO Conference_day_registration (reservation_id, Participant_id, is_student) VALUES (19,38,0)
INSERT INTO Conference_day_registration (reservation_id, Participant_id, is_student) VALUES (19,2,0)
INSERT INTO Conference_day_registration (reservation_id, Participant_id, is_student) VALUES (19,9,0)
INSERT INTO Conference_day_registration (reservation_id, Participant_id, is_student) VALUES (19,31,0)
INSERT INTO Conference_day_registration (reservation_id, Participant_id, is_student) VALUES (19,35,0)
INSERT INTO Conference_day_registration (reservation_id, Participant_id, is_student) VALUES (19,21,0)
INSERT INTO Conference_day_registration (reservation_id, Participant_id, is_student) VALUES (19,28,0)
INSERT INTO Conference_day_registration (reservation_id, Participant_id, is_student) VALUES (19,29,0)
INSERT INTO Conference_day_registration (reservation_id, Participant_id, is_student) VALUES (19,23,0)
INSERT INTO Conference_day_registration (reservation_id, Participant_id, is_student) VALUES (19,1,0)
INSERT INTO Conference_day_registration (reservation_id, Participant_id, is_student) VALUES (19,22,1)
INSERT INTO Conference_day_reservations (reservation_id, conference_day_id, clients_id, reservation_date, active, due_price, adult_seats, student_seats) VALUES (20,5,7,'2020-03-25','1','2020-03-29','9','17')
INSERT INTO Payments (reservation_id, in_date, value) VALUES (20,'2020-03-27',528.639)
INSERT INTO Conference_day_registration (reservation_id, Participant_id, is_student) VALUES (20,37,0)
INSERT INTO Conference_day_registration (reservation_id, Participant_id, is_student) VALUES (20,31,0)
INSERT INTO Conference_day_registration (reservation_id, Participant_id, is_student) VALUES (20,25,0)
INSERT INTO Conference_day_registration (reservation_id, Participant_id, is_student) VALUES (20,13,0)
INSERT INTO Conference_day_registration (reservation_id, Participant_id, is_student) VALUES (20,34,0)
INSERT INTO Conference_day_registration (reservation_id, Participant_id, is_student) VALUES (20,15,0)
INSERT INTO Conference_day_registration (reservation_id, Participant_id, is_student) VALUES (20,29,0)
INSERT INTO Conference_day_registration (reservation_id, Participant_id, is_student) VALUES (20,20,0)
INSERT INTO Conference_day_registration (reservation_id, Participant_id, is_student) VALUES (20,24,0)
INSERT INTO Conference_day_registration (reservation_id, Participant_id, is_student) VALUES (20,4,1)
INSERT INTO Conference_day_registration (reservation_id, Participant_id, is_student) VALUES (20,35,1)
INSERT INTO Conference_day_registration (reservation_id, Participant_id, is_student) VALUES (20,16,1)
INSERT INTO Conference_day_registration (reservation_id, Participant_id, is_student) VALUES (20,19,1)
INSERT INTO Conference_day_registration (reservation_id, Participant_id, is_student) VALUES (20,9,1)
INSERT INTO Conference_day_registration (reservation_id, Participant_id, is_student) VALUES (20,14,1)
INSERT INTO Conference_day_registration (reservation_id, Participant_id, is_student) VALUES (20,6,1)
INSERT INTO Conference_day_registration (reservation_id, Participant_id, is_student) VALUES (20,30,1)
INSERT INTO Conference_day_registration (reservation_id, Participant_id, is_student) VALUES (20,12,1)
INSERT INTO Conference_day_registration (reservation_id, Participant_id, is_student) VALUES (20,2,1)
INSERT INTO Conference_day_registration (reservation_id, Participant_id, is_student) VALUES (20,8,1)
INSERT INTO Conference_day_registration (reservation_id, Participant_id, is_student) VALUES (20,18,1)
INSERT INTO Conference_day_registration (reservation_id, Participant_id, is_student) VALUES (20,1,1)
INSERT INTO Conference_day_registration (reservation_id, Participant_id, is_student) VALUES (20,33,1)
INSERT INTO Conference_day_registration (reservation_id, Participant_id, is_student) VALUES (20,5,1)
INSERT INTO Conference_day_registration (reservation_id, Participant_id, is_student) VALUES (20,11,1)
INSERT INTO Conference_day_registration (reservation_id, Participant_id, is_student) VALUES (20,10,1)
INSERT INTO Conference_day_reservations (reservation_id, conference_day_id, clients_id, reservation_date, active, due_price, adult_seats, student_seats) VALUES (21,5,1,'2020-02-01','1','2020-03-12','12','8')
INSERT INTO Payments (reservation_id, in_date, value) VALUES (21,'2020-02-03',164.92)
INSERT INTO Payments (reservation_id, in_date, value) VALUES (21,'2020-02-08',99.0)
INSERT INTO Payments (reservation_id, in_date, value) VALUES (21,'2020-02-06',115.0)
INSERT INTO Payments (reservation_id, in_date, value) VALUES (21,'2020-03-11',28.0)
INSERT INTO Payments (reservation_id, in_date, value) VALUES (21,'2020-02-24',118.0)
INSERT INTO Conference_day_registration (reservation_id, Participant_id, is_student) VALUES (21,25,0)
INSERT INTO Conference_day_registration (reservation_id, Participant_id, is_student) VALUES (21,27,0)
INSERT INTO Conference_day_registration (reservation_id, Participant_id, is_student) VALUES (21,4,0)
INSERT INTO Conference_day_registration (reservation_id, Participant_id, is_student) VALUES (21,15,0)
INSERT INTO Conference_day_registration (reservation_id, Participant_id, is_student) VALUES (21,2,0)
INSERT INTO Conference_day_registration (reservation_id, Participant_id, is_student) VALUES (21,26,0)
INSERT INTO Conference_day_registration (reservation_id, Participant_id, is_student) VALUES (21,17,0)
INSERT INTO Conference_day_registration (reservation_id, Participant_id, is_student) VALUES (21,32,0)
INSERT INTO Conference_day_registration (reservation_id, Participant_id, is_student) VALUES (21,37,0)
INSERT INTO Conference_day_registration (reservation_id, Participant_id, is_student) VALUES (21,14,0)
INSERT INTO Conference_day_registration (reservation_id, Participant_id, is_student) VALUES (21,7,0)
INSERT INTO Conference_day_registration (reservation_id, Participant_id, is_student) VALUES (21,16,0)
INSERT INTO Conference_day_registration (reservation_id, Participant_id, is_student) VALUES (21,6,1)
INSERT INTO Conference_day_registration (reservation_id, Participant_id, is_student) VALUES (21,36,1)
INSERT INTO Conference_day_registration (reservation_id, Participant_id, is_student) VALUES (21,13,1)
INSERT INTO Conference_day_registration (reservation_id, Participant_id, is_student) VALUES (21,19,1)
INSERT INTO Conference_day_registration (reservation_id, Participant_id, is_student) VALUES (21,3,1)
INSERT INTO Conference_day_registration (reservation_id, Participant_id, is_student) VALUES (21,24,1)
INSERT INTO Conference_day_registration (reservation_id, Participant_id, is_student) VALUES (21,30,1)
INSERT INTO Conference_day_registration (reservation_id, Participant_id, is_student) VALUES (21,12,1)
INSERT INTO Conference_day_reservations (reservation_id, conference_day_id, clients_id, reservation_date, active, due_price, adult_seats, student_seats) VALUES (22,5,2,'2020-01-28','1','2020-02-26','37','0')
INSERT INTO Payments (reservation_id, in_date, value) VALUES (22,'2020-02-22',537.91)
INSERT INTO Conference_day_registration (reservation_id, Participant_id, is_student) VALUES (22,30,0)
INSERT INTO Conference_day_registration (reservation_id, Participant_id, is_student) VALUES (22,12,0)
INSERT INTO Conference_day_registration (reservation_id, Participant_id, is_student) VALUES (22,10,0)
INSERT INTO Conference_day_registration (reservation_id, Participant_id, is_student) VALUES (22,28,0)
INSERT INTO Conference_day_registration (reservation_id, Participant_id, is_student) VALUES (22,21,0)
INSERT INTO Conference_day_registration (reservation_id, Participant_id, is_student) VALUES (22,5,0)
INSERT INTO Conference_day_registration (reservation_id, Participant_id, is_student) VALUES (22,14,0)
INSERT INTO Conference_day_registration (reservation_id, Participant_id, is_student) VALUES (22,35,0)
INSERT INTO Conference_day_registration (reservation_id, Participant_id, is_student) VALUES (22,18,0)
INSERT INTO Conference_day_registration (reservation_id, Participant_id, is_student) VALUES (22,20,0)
INSERT INTO Conference_day_registration (reservation_id, Participant_id, is_student) VALUES (22,3,0)
INSERT INTO Conference_day_registration (reservation_id, Participant_id, is_student) VALUES (22,7,0)
INSERT INTO Conference_day_registration (reservation_id, Participant_id, is_student) VALUES (22,37,0)
INSERT INTO Conference_day_registration (reservation_id, Participant_id, is_student) VALUES (22,24,0)
INSERT INTO Conference_day_registration (reservation_id, Participant_id, is_student) VALUES (22,22,0)
INSERT INTO Conference_day_registration (reservation_id, Participant_id, is_student) VALUES (22,27,0)
INSERT INTO Conference_day_registration (reservation_id, Participant_id, is_student) VALUES (22,36,0)
INSERT INTO Conference_day_registration (reservation_id, Participant_id, is_student) VALUES (22,25,0)
INSERT INTO Conference_day_registration (reservation_id, Participant_id, is_student) VALUES (22,16,0)
INSERT INTO Conference_day_registration (reservation_id, Participant_id, is_student) VALUES (22,4,0)
INSERT INTO Conference_day_registration (reservation_id, Participant_id, is_student) VALUES (22,19,0)
INSERT INTO Conference_day_registration (reservation_id, Participant_id, is_student) VALUES (22,34,0)
INSERT INTO Conference_day_registration (reservation_id, Participant_id, is_student) VALUES (22,2,0)
INSERT INTO Conference_day_registration (reservation_id, Participant_id, is_student) VALUES (22,32,0)
INSERT INTO Conference_day_registration (reservation_id, Participant_id, is_student) VALUES (22,6,0)
INSERT INTO Conference_day_registration (reservation_id, Participant_id, is_student) VALUES (22,26,0)
INSERT INTO Conference_day_registration (reservation_id, Participant_id, is_student) VALUES (22,33,0)
INSERT INTO Conference_day_registration (reservation_id, Participant_id, is_student) VALUES (22,1,0)
INSERT INTO Conference_day_registration (reservation_id, Participant_id, is_student) VALUES (22,29,0)
INSERT INTO Conference_day_registration (reservation_id, Participant_id, is_student) VALUES (22,15,0)
INSERT INTO Conference_day_registration (reservation_id, Participant_id, is_student) VALUES (22,38,0)
INSERT INTO Conference_day_registration (reservation_id, Participant_id, is_student) VALUES (22,23,0)
INSERT INTO Conference_day_registration (reservation_id, Participant_id, is_student) VALUES (22,13,0)
INSERT INTO Conference_day_registration (reservation_id, Participant_id, is_student) VALUES (22,17,0)
INSERT INTO Conference_day_registration (reservation_id, Participant_id, is_student) VALUES (22,8,0)
INSERT INTO Conference_day_registration (reservation_id, Participant_id, is_student) VALUES (22,9,0)
INSERT INTO Conference_day_registration (reservation_id, Participant_id, is_student) VALUES (22,31,0)
SET IDENTITY_INSERT  Conference_day_reservations OFF
SET IDENTITY_INSERT Conference_days ON
INSERT INTO Conference_days (conference_day_id, conference_id, date, standard_price, student_discount) VALUES (6,2,'2020-05-03',188.96,0.38)
INSERT INTO Early_signup_discounts (conference_day_id, end_date, discount) VALUES (6,'2019-08-04','0.19')
INSERT INTO Early_signup_discounts (conference_day_id, end_date, discount) VALUES (6,'2019-08-04','0.4')
INSERT INTO Early_signup_discounts (conference_day_id, end_date, discount) VALUES (6,'2019-09-04','0.23')
INSERT INTO Early_signup_discounts (conference_day_id, end_date, discount) VALUES (6,'2020-02-14','0.37')
SET IDENTITY_INSERT Conference_days OFF
SET IDENTITY_INSERT  Workshops ON
INSERT INTO Workshops (workshop_id, conference_day_id, start_time, end_time, topic, price, number_of_seats) VALUES (23,6,'2020-05-03 02:35:00','2020-05-03 12:00:00','iterate B2B mindshare','572.32','26')
SET IDENTITY_INSERT  Workshops OFF
SET IDENTITY_INSERT  Workshop_reservations ON
INSERT INTO Workshop_reservations (reservation_id, workshop_id, reservation_date, due_price, nr_of_seats) VALUES (96,23,2020-01-13,'2020-02-27',20)
INSERT INTO Workshop_registration (reservation_id, Participant_id) VALUES (96,9)
INSERT INTO Workshop_registration (reservation_id, Participant_id) VALUES (96,32)
INSERT INTO Workshop_registration (reservation_id, Participant_id) VALUES (96,33)
INSERT INTO Workshop_registration (reservation_id, Participant_id) VALUES (96,34)
INSERT INTO Workshop_registration (reservation_id, Participant_id) VALUES (96,25)
INSERT INTO Workshop_registration (reservation_id, Participant_id) VALUES (96,29)
INSERT INTO Workshop_registration (reservation_id, Participant_id) VALUES (96,22)
INSERT INTO Workshop_registration (reservation_id, Participant_id) VALUES (96,24)
INSERT INTO Workshop_registration (reservation_id, Participant_id) VALUES (96,36)
INSERT INTO Workshop_registration (reservation_id, Participant_id) VALUES (96,4)
INSERT INTO Workshop_registration (reservation_id, Participant_id) VALUES (96,2)
INSERT INTO Workshop_registration (reservation_id, Participant_id) VALUES (96,28)
INSERT INTO Workshop_registration (reservation_id, Participant_id) VALUES (96,19)
INSERT INTO Workshop_registration (reservation_id, Participant_id) VALUES (96,7)
INSERT INTO Workshop_registration (reservation_id, Participant_id) VALUES (96,11)
INSERT INTO Workshop_registration (reservation_id, Participant_id) VALUES (96,17)
INSERT INTO Workshop_registration (reservation_id, Participant_id) VALUES (96,18)
INSERT INTO Workshop_registration (reservation_id, Participant_id) VALUES (96,15)
INSERT INTO Workshop_registration (reservation_id, Participant_id) VALUES (96,5)
INSERT INTO Workshop_registration (reservation_id, Participant_id) VALUES (96,37)
INSERT INTO Workshop_reservations (reservation_id, workshop_id, reservation_date, due_price, nr_of_seats) VALUES (97,23,2020-03-13,'2020-04-03',15)
INSERT INTO Workshop_registration (reservation_id, Participant_id) VALUES (97,21)
INSERT INTO Workshop_registration (reservation_id, Participant_id) VALUES (97,18)
INSERT INTO Workshop_registration (reservation_id, Participant_id) VALUES (97,7)
INSERT INTO Workshop_registration (reservation_id, Participant_id) VALUES (97,12)
INSERT INTO Workshop_registration (reservation_id, Participant_id) VALUES (97,11)
INSERT INTO Workshop_registration (reservation_id, Participant_id) VALUES (97,17)
INSERT INTO Workshop_registration (reservation_id, Participant_id) VALUES (97,8)
INSERT INTO Workshop_registration (reservation_id, Participant_id) VALUES (97,9)
INSERT INTO Workshop_registration (reservation_id, Participant_id) VALUES (97,30)
INSERT INTO Workshop_registration (reservation_id, Participant_id) VALUES (97,4)
INSERT INTO Workshop_registration (reservation_id, Participant_id) VALUES (97,29)
INSERT INTO Workshop_registration (reservation_id, Participant_id) VALUES (97,37)
INSERT INTO Workshop_registration (reservation_id, Participant_id) VALUES (97,2)
INSERT INTO Workshop_registration (reservation_id, Participant_id) VALUES (97,25)
INSERT INTO Workshop_registration (reservation_id, Participant_id) VALUES (97,36)
INSERT INTO Workshop_reservations (reservation_id, workshop_id, reservation_date, due_price, nr_of_seats) VALUES (98,23,2020-02-25,'2020-04-05',37)
INSERT INTO Workshop_registration (reservation_id, Participant_id) VALUES (98,24)
INSERT INTO Workshop_registration (reservation_id, Participant_id) VALUES (98,15)
INSERT INTO Workshop_registration (reservation_id, Participant_id) VALUES (98,7)
INSERT INTO Workshop_registration (reservation_id, Participant_id) VALUES (98,4)
INSERT INTO Workshop_registration (reservation_id, Participant_id) VALUES (98,19)
INSERT INTO Workshop_registration (reservation_id, Participant_id) VALUES (98,3)
INSERT INTO Workshop_registration (reservation_id, Participant_id) VALUES (98,11)
INSERT INTO Workshop_registration (reservation_id, Participant_id) VALUES (98,31)
INSERT INTO Workshop_registration (reservation_id, Participant_id) VALUES (98,30)
INSERT INTO Workshop_registration (reservation_id, Participant_id) VALUES (98,34)
INSERT INTO Workshop_registration (reservation_id, Participant_id) VALUES (98,38)
INSERT INTO Workshop_registration (reservation_id, Participant_id) VALUES (98,33)
INSERT INTO Workshop_registration (reservation_id, Participant_id) VALUES (98,27)
INSERT INTO Workshop_registration (reservation_id, Participant_id) VALUES (98,12)
INSERT INTO Workshop_registration (reservation_id, Participant_id) VALUES (98,35)
INSERT INTO Workshop_registration (reservation_id, Participant_id) VALUES (98,2)
INSERT INTO Workshop_registration (reservation_id, Participant_id) VALUES (98,37)
INSERT INTO Workshop_registration (reservation_id, Participant_id) VALUES (98,9)
INSERT INTO Workshop_registration (reservation_id, Participant_id) VALUES (98,6)
INSERT INTO Workshop_registration (reservation_id, Participant_id) VALUES (98,29)
INSERT INTO Workshop_registration (reservation_id, Participant_id) VALUES (98,1)
INSERT INTO Workshop_registration (reservation_id, Participant_id) VALUES (98,10)
INSERT INTO Workshop_registration (reservation_id, Participant_id) VALUES (98,16)
INSERT INTO Workshop_registration (reservation_id, Participant_id) VALUES (98,23)
INSERT INTO Workshop_registration (reservation_id, Participant_id) VALUES (98,36)
INSERT INTO Workshop_registration (reservation_id, Participant_id) VALUES (98,5)
INSERT INTO Workshop_registration (reservation_id, Participant_id) VALUES (98,22)
INSERT INTO Workshop_registration (reservation_id, Participant_id) VALUES (98,8)
INSERT INTO Workshop_registration (reservation_id, Participant_id) VALUES (98,25)
INSERT INTO Workshop_registration (reservation_id, Participant_id) VALUES (98,26)
INSERT INTO Workshop_registration (reservation_id, Participant_id) VALUES (98,32)
INSERT INTO Workshop_registration (reservation_id, Participant_id) VALUES (98,17)
INSERT INTO Workshop_registration (reservation_id, Participant_id) VALUES (98,13)
INSERT INTO Workshop_registration (reservation_id, Participant_id) VALUES (98,18)
INSERT INTO Workshop_registration (reservation_id, Participant_id) VALUES (98,20)
INSERT INTO Workshop_registration (reservation_id, Participant_id) VALUES (98,21)
INSERT INTO Workshop_registration (reservation_id, Participant_id) VALUES (98,28)
INSERT INTO Workshop_reservations (reservation_id, workshop_id, reservation_date, due_price, nr_of_seats) VALUES (99,23,2020-04-29,'2020-05-02',34)
INSERT INTO Workshop_registration (reservation_id, Participant_id) VALUES (99,24)
INSERT INTO Workshop_registration (reservation_id, Participant_id) VALUES (99,25)
INSERT INTO Workshop_registration (reservation_id, Participant_id) VALUES (99,17)
INSERT INTO Workshop_registration (reservation_id, Participant_id) VALUES (99,18)
INSERT INTO Workshop_registration (reservation_id, Participant_id) VALUES (99,30)
INSERT INTO Workshop_registration (reservation_id, Participant_id) VALUES (99,14)
INSERT INTO Workshop_registration (reservation_id, Participant_id) VALUES (99,37)
INSERT INTO Workshop_registration (reservation_id, Participant_id) VALUES (99,1)
INSERT INTO Workshop_registration (reservation_id, Participant_id) VALUES (99,38)
INSERT INTO Workshop_registration (reservation_id, Participant_id) VALUES (99,8)
INSERT INTO Workshop_registration (reservation_id, Participant_id) VALUES (99,9)
INSERT INTO Workshop_registration (reservation_id, Participant_id) VALUES (99,7)
INSERT INTO Workshop_registration (reservation_id, Participant_id) VALUES (99,5)
INSERT INTO Workshop_registration (reservation_id, Participant_id) VALUES (99,22)
INSERT INTO Workshop_registration (reservation_id, Participant_id) VALUES (99,6)
INSERT INTO Workshop_registration (reservation_id, Participant_id) VALUES (99,29)
INSERT INTO Workshop_registration (reservation_id, Participant_id) VALUES (99,33)
INSERT INTO Workshop_registration (reservation_id, Participant_id) VALUES (99,36)
INSERT INTO Workshop_registration (reservation_id, Participant_id) VALUES (99,34)
INSERT INTO Workshop_registration (reservation_id, Participant_id) VALUES (99,4)
INSERT INTO Workshop_registration (reservation_id, Participant_id) VALUES (99,35)
INSERT INTO Workshop_registration (reservation_id, Participant_id) VALUES (99,23)
INSERT INTO Workshop_registration (reservation_id, Participant_id) VALUES (99,26)
INSERT INTO Workshop_registration (reservation_id, Participant_id) VALUES (99,2)
INSERT INTO Workshop_registration (reservation_id, Participant_id) VALUES (99,20)
INSERT INTO Workshop_registration (reservation_id, Participant_id) VALUES (99,31)
INSERT INTO Workshop_registration (reservation_id, Participant_id) VALUES (99,16)
INSERT INTO Workshop_registration (reservation_id, Participant_id) VALUES (99,21)
INSERT INTO Workshop_registration (reservation_id, Participant_id) VALUES (99,10)
INSERT INTO Workshop_registration (reservation_id, Participant_id) VALUES (99,11)
INSERT INTO Workshop_registration (reservation_id, Participant_id) VALUES (99,32)
INSERT INTO Workshop_registration (reservation_id, Participant_id) VALUES (99,15)
INSERT INTO Workshop_registration (reservation_id, Participant_id) VALUES (99,3)
INSERT INTO Workshop_registration (reservation_id, Participant_id) VALUES (99,28)
INSERT INTO Workshop_reservations (reservation_id, workshop_id, reservation_date, due_price, nr_of_seats) VALUES (100,23,2020-02-23,'2020-03-07',29)
INSERT INTO Workshop_registration (reservation_id, Participant_id) VALUES (100,38)
INSERT INTO Workshop_registration (reservation_id, Participant_id) VALUES (100,18)
INSERT INTO Workshop_registration (reservation_id, Participant_id) VALUES (100,4)
INSERT INTO Workshop_registration (reservation_id, Participant_id) VALUES (100,23)
INSERT INTO Workshop_registration (reservation_id, Participant_id) VALUES (100,19)
INSERT INTO Workshop_registration (reservation_id, Participant_id) VALUES (100,3)
INSERT INTO Workshop_registration (reservation_id, Participant_id) VALUES (100,33)
INSERT INTO Workshop_registration (reservation_id, Participant_id) VALUES (100,17)
INSERT INTO Workshop_registration (reservation_id, Participant_id) VALUES (100,29)
INSERT INTO Workshop_registration (reservation_id, Participant_id) VALUES (100,31)
INSERT INTO Workshop_registration (reservation_id, Participant_id) VALUES (100,5)
INSERT INTO Workshop_registration (reservation_id, Participant_id) VALUES (100,1)
INSERT INTO Workshop_registration (reservation_id, Participant_id) VALUES (100,24)
INSERT INTO Workshop_registration (reservation_id, Participant_id) VALUES (100,14)
INSERT INTO Workshop_registration (reservation_id, Participant_id) VALUES (100,36)
INSERT INTO Workshop_registration (reservation_id, Participant_id) VALUES (100,20)
INSERT INTO Workshop_registration (reservation_id, Participant_id) VALUES (100,7)
INSERT INTO Workshop_registration (reservation_id, Participant_id) VALUES (100,35)
INSERT INTO Workshop_registration (reservation_id, Participant_id) VALUES (100,21)
INSERT INTO Workshop_registration (reservation_id, Participant_id) VALUES (100,8)
INSERT INTO Workshop_registration (reservation_id, Participant_id) VALUES (100,16)
INSERT INTO Workshop_registration (reservation_id, Participant_id) VALUES (100,13)
INSERT INTO Workshop_registration (reservation_id, Participant_id) VALUES (100,10)
INSERT INTO Workshop_registration (reservation_id, Participant_id) VALUES (100,26)
INSERT INTO Workshop_registration (reservation_id, Participant_id) VALUES (100,34)
INSERT INTO Workshop_registration (reservation_id, Participant_id) VALUES (100,11)
INSERT INTO Workshop_registration (reservation_id, Participant_id) VALUES (100,12)
INSERT INTO Workshop_registration (reservation_id, Participant_id) VALUES (100,28)
INSERT INTO Workshop_registration (reservation_id, Participant_id) VALUES (100,30)
SET IDENTITY_INSERT  Workshop_reservations OFF
SET IDENTITY_INSERT  Workshops ON
INSERT INTO Workshops (workshop_id, conference_day_id, start_time, end_time, topic, price, number_of_seats) VALUES (24,6,'2020-05-03 16:20:00','2020-05-03 20:19:00','strategize world-class partnerships','321.35','71')
SET IDENTITY_INSERT  Workshops OFF
SET IDENTITY_INSERT  Workshop_reservations ON
INSERT INTO Workshop_reservations (reservation_id, workshop_id, reservation_date, due_price, nr_of_seats) VALUES (101,24,2020-02-11,'2020-02-16',33)
INSERT INTO Workshop_registration (reservation_id, Participant_id) VALUES (101,8)
INSERT INTO Workshop_registration (reservation_id, Participant_id) VALUES (101,7)
INSERT INTO Workshop_registration (reservation_id, Participant_id) VALUES (101,3)
INSERT INTO Workshop_registration (reservation_id, Participant_id) VALUES (101,2)
INSERT INTO Workshop_registration (reservation_id, Participant_id) VALUES (101,33)
INSERT INTO Workshop_registration (reservation_id, Participant_id) VALUES (101,16)
INSERT INTO Workshop_registration (reservation_id, Participant_id) VALUES (101,6)
INSERT INTO Workshop_registration (reservation_id, Participant_id) VALUES (101,21)
INSERT INTO Workshop_registration (reservation_id, Participant_id) VALUES (101,34)
INSERT INTO Workshop_registration (reservation_id, Participant_id) VALUES (101,4)
INSERT INTO Workshop_registration (reservation_id, Participant_id) VALUES (101,37)
INSERT INTO Workshop_registration (reservation_id, Participant_id) VALUES (101,5)
INSERT INTO Workshop_registration (reservation_id, Participant_id) VALUES (101,30)
INSERT INTO Workshop_registration (reservation_id, Participant_id) VALUES (101,19)
INSERT INTO Workshop_registration (reservation_id, Participant_id) VALUES (101,31)
INSERT INTO Workshop_registration (reservation_id, Participant_id) VALUES (101,35)
INSERT INTO Workshop_registration (reservation_id, Participant_id) VALUES (101,28)
INSERT INTO Workshop_registration (reservation_id, Participant_id) VALUES (101,20)
INSERT INTO Workshop_registration (reservation_id, Participant_id) VALUES (101,15)
INSERT INTO Workshop_registration (reservation_id, Participant_id) VALUES (101,22)
INSERT INTO Workshop_registration (reservation_id, Participant_id) VALUES (101,25)
INSERT INTO Workshop_registration (reservation_id, Participant_id) VALUES (101,27)
INSERT INTO Workshop_registration (reservation_id, Participant_id) VALUES (101,11)
INSERT INTO Workshop_registration (reservation_id, Participant_id) VALUES (101,29)
INSERT INTO Workshop_registration (reservation_id, Participant_id) VALUES (101,9)
INSERT INTO Workshop_registration (reservation_id, Participant_id) VALUES (101,17)
INSERT INTO Workshop_registration (reservation_id, Participant_id) VALUES (101,38)
INSERT INTO Workshop_registration (reservation_id, Participant_id) VALUES (101,36)
INSERT INTO Workshop_registration (reservation_id, Participant_id) VALUES (101,13)
INSERT INTO Workshop_registration (reservation_id, Participant_id) VALUES (101,26)
INSERT INTO Workshop_registration (reservation_id, Participant_id) VALUES (101,14)
INSERT INTO Workshop_registration (reservation_id, Participant_id) VALUES (101,1)
INSERT INTO Workshop_registration (reservation_id, Participant_id) VALUES (101,12)
INSERT INTO Workshop_reservations (reservation_id, workshop_id, reservation_date, due_price, nr_of_seats) VALUES (102,24,2020-03-18,'2020-03-28',7)
INSERT INTO Workshop_registration (reservation_id, Participant_id) VALUES (102,29)
INSERT INTO Workshop_registration (reservation_id, Participant_id) VALUES (102,36)
INSERT INTO Workshop_registration (reservation_id, Participant_id) VALUES (102,25)
INSERT INTO Workshop_registration (reservation_id, Participant_id) VALUES (102,21)
INSERT INTO Workshop_registration (reservation_id, Participant_id) VALUES (102,7)
INSERT INTO Workshop_registration (reservation_id, Participant_id) VALUES (102,18)
INSERT INTO Workshop_registration (reservation_id, Participant_id) VALUES (102,26)
SET IDENTITY_INSERT  Workshop_reservations OFF
SET IDENTITY_INSERT  Conference_day_reservations ON
INSERT INTO Conference_day_reservations (reservation_id, conference_day_id, clients_id, reservation_date, active, due_price, adult_seats, student_seats) VALUES (23,6,5,'2020-01-24','0','2020-02-12','9','19')
INSERT INTO Payments (reservation_id, in_date, value) VALUES (23,'2020-02-02',37.96)
INSERT INTO Payments (reservation_id, in_date, value) VALUES (23,'2020-01-24',37.0)
INSERT INTO Payments (reservation_id, in_date, value) VALUES (23,'2020-02-10',49.0)
INSERT INTO Payments (reservation_id, in_date, value) VALUES (23,'2020-02-02',43.0)
INSERT INTO Payments (reservation_id, in_date, value) VALUES (23,'2020-02-01',38.0)
INSERT INTO Conference_day_registration (reservation_id, Participant_id, is_student) VALUES (23,23,0)
INSERT INTO Conference_day_registration (reservation_id, Participant_id, is_student) VALUES (23,37,0)
INSERT INTO Conference_day_registration (reservation_id, Participant_id, is_student) VALUES (23,12,0)
INSERT INTO Conference_day_registration (reservation_id, Participant_id, is_student) VALUES (23,6,0)
INSERT INTO Conference_day_registration (reservation_id, Participant_id, is_student) VALUES (23,29,0)
INSERT INTO Conference_day_registration (reservation_id, Participant_id, is_student) VALUES (23,5,0)
INSERT INTO Conference_day_registration (reservation_id, Participant_id, is_student) VALUES (23,31,0)
INSERT INTO Conference_day_registration (reservation_id, Participant_id, is_student) VALUES (23,27,0)
INSERT INTO Conference_day_registration (reservation_id, Participant_id, is_student) VALUES (23,36,0)
INSERT INTO Conference_day_registration (reservation_id, Participant_id, is_student) VALUES (23,16,1)
INSERT INTO Conference_day_registration (reservation_id, Participant_id, is_student) VALUES (23,24,1)
INSERT INTO Conference_day_registration (reservation_id, Participant_id, is_student) VALUES (23,2,1)
INSERT INTO Conference_day_registration (reservation_id, Participant_id, is_student) VALUES (23,4,1)
INSERT INTO Conference_day_registration (reservation_id, Participant_id, is_student) VALUES (23,3,1)
INSERT INTO Conference_day_registration (reservation_id, Participant_id, is_student) VALUES (23,21,1)
INSERT INTO Conference_day_registration (reservation_id, Participant_id, is_student) VALUES (23,10,1)
INSERT INTO Conference_day_registration (reservation_id, Participant_id, is_student) VALUES (23,19,1)
INSERT INTO Conference_day_registration (reservation_id, Participant_id, is_student) VALUES (23,32,1)
INSERT INTO Conference_day_registration (reservation_id, Participant_id, is_student) VALUES (23,22,1)
INSERT INTO Conference_day_registration (reservation_id, Participant_id, is_student) VALUES (23,11,1)
INSERT INTO Conference_day_registration (reservation_id, Participant_id, is_student) VALUES (23,1,1)
INSERT INTO Conference_day_registration (reservation_id, Participant_id, is_student) VALUES (23,15,1)
INSERT INTO Conference_day_registration (reservation_id, Participant_id, is_student) VALUES (23,8,1)
INSERT INTO Conference_day_registration (reservation_id, Participant_id, is_student) VALUES (23,7,1)
INSERT INTO Conference_day_registration (reservation_id, Participant_id, is_student) VALUES (23,34,1)
INSERT INTO Conference_day_registration (reservation_id, Participant_id, is_student) VALUES (23,30,1)
INSERT INTO Conference_day_registration (reservation_id, Participant_id, is_student) VALUES (23,14,1)
INSERT INTO Conference_day_registration (reservation_id, Participant_id, is_student) VALUES (23,13,1)
INSERT INTO Conference_day_reservations (reservation_id, conference_day_id, clients_id, reservation_date, active, due_price, adult_seats, student_seats) VALUES (24,6,8,'2020-04-28','1','2020-05-02','19','4')
INSERT INTO Payments (reservation_id, in_date, value) VALUES (24,'2020-05-01',202.4924)
INSERT INTO Conference_day_registration (reservation_id, Participant_id, is_student) VALUES (24,19,0)
INSERT INTO Conference_day_registration (reservation_id, Participant_id, is_student) VALUES (24,31,0)
INSERT INTO Conference_day_registration (reservation_id, Participant_id, is_student) VALUES (24,5,0)
INSERT INTO Conference_day_registration (reservation_id, Participant_id, is_student) VALUES (24,29,0)
INSERT INTO Conference_day_registration (reservation_id, Participant_id, is_student) VALUES (24,12,0)
INSERT INTO Conference_day_registration (reservation_id, Participant_id, is_student) VALUES (24,11,0)
INSERT INTO Conference_day_registration (reservation_id, Participant_id, is_student) VALUES (24,7,0)
INSERT INTO Conference_day_registration (reservation_id, Participant_id, is_student) VALUES (24,9,0)
INSERT INTO Conference_day_registration (reservation_id, Participant_id, is_student) VALUES (24,6,0)
INSERT INTO Conference_day_registration (reservation_id, Participant_id, is_student) VALUES (24,32,0)
INSERT INTO Conference_day_registration (reservation_id, Participant_id, is_student) VALUES (24,21,0)
INSERT INTO Conference_day_registration (reservation_id, Participant_id, is_student) VALUES (24,15,0)
INSERT INTO Conference_day_registration (reservation_id, Participant_id, is_student) VALUES (24,1,0)
INSERT INTO Conference_day_registration (reservation_id, Participant_id, is_student) VALUES (24,34,0)
INSERT INTO Conference_day_registration (reservation_id, Participant_id, is_student) VALUES (24,20,0)
INSERT INTO Conference_day_registration (reservation_id, Participant_id, is_student) VALUES (24,2,0)
INSERT INTO Conference_day_registration (reservation_id, Participant_id, is_student) VALUES (24,8,0)
INSERT INTO Conference_day_registration (reservation_id, Participant_id, is_student) VALUES (24,24,0)
INSERT INTO Conference_day_registration (reservation_id, Participant_id, is_student) VALUES (24,16,0)
INSERT INTO Conference_day_registration (reservation_id, Participant_id, is_student) VALUES (24,36,1)
INSERT INTO Conference_day_registration (reservation_id, Participant_id, is_student) VALUES (24,33,1)
INSERT INTO Conference_day_registration (reservation_id, Participant_id, is_student) VALUES (24,38,1)
INSERT INTO Conference_day_registration (reservation_id, Participant_id, is_student) VALUES (24,3,1)
INSERT INTO Conference_day_reservations (reservation_id, conference_day_id, clients_id, reservation_date, active, due_price, adult_seats, student_seats) VALUES (25,6,10,'2020-05-02','0','2020-05-02','28','6')
INSERT INTO Payments (reservation_id, in_date, value) VALUES (25,'2020-05-02',65.94)
INSERT INTO Payments (reservation_id, in_date, value) VALUES (25,'2020-05-02',21.0)
INSERT INTO Payments (reservation_id, in_date, value) VALUES (25,'2020-05-02',89.0)
INSERT INTO Payments (reservation_id, in_date, value) VALUES (25,'2020-05-02',33.0)
INSERT INTO Conference_day_registration (reservation_id, Participant_id, is_student) VALUES (25,7,0)
INSERT INTO Conference_day_registration (reservation_id, Participant_id, is_student) VALUES (25,22,0)
INSERT INTO Conference_day_registration (reservation_id, Participant_id, is_student) VALUES (25,37,0)
INSERT INTO Conference_day_registration (reservation_id, Participant_id, is_student) VALUES (25,38,0)
INSERT INTO Conference_day_registration (reservation_id, Participant_id, is_student) VALUES (25,2,0)
INSERT INTO Conference_day_registration (reservation_id, Participant_id, is_student) VALUES (25,13,0)
INSERT INTO Conference_day_registration (reservation_id, Participant_id, is_student) VALUES (25,18,0)
INSERT INTO Conference_day_registration (reservation_id, Participant_id, is_student) VALUES (25,32,0)
INSERT INTO Conference_day_registration (reservation_id, Participant_id, is_student) VALUES (25,31,0)
INSERT INTO Conference_day_registration (reservation_id, Participant_id, is_student) VALUES (25,30,0)
INSERT INTO Conference_day_registration (reservation_id, Participant_id, is_student) VALUES (25,3,0)
INSERT INTO Conference_day_registration (reservation_id, Participant_id, is_student) VALUES (25,29,0)
INSERT INTO Conference_day_registration (reservation_id, Participant_id, is_student) VALUES (25,21,0)
INSERT INTO Conference_day_registration (reservation_id, Participant_id, is_student) VALUES (25,6,0)
INSERT INTO Conference_day_registration (reservation_id, Participant_id, is_student) VALUES (25,20,0)
INSERT INTO Conference_day_registration (reservation_id, Participant_id, is_student) VALUES (25,28,0)
INSERT INTO Conference_day_registration (reservation_id, Participant_id, is_student) VALUES (25,14,0)
INSERT INTO Conference_day_registration (reservation_id, Participant_id, is_student) VALUES (25,10,0)
INSERT INTO Conference_day_registration (reservation_id, Participant_id, is_student) VALUES (25,35,0)
INSERT INTO Conference_day_registration (reservation_id, Participant_id, is_student) VALUES (25,36,0)
INSERT INTO Conference_day_registration (reservation_id, Participant_id, is_student) VALUES (25,27,0)
INSERT INTO Conference_day_registration (reservation_id, Participant_id, is_student) VALUES (25,8,0)
INSERT INTO Conference_day_registration (reservation_id, Participant_id, is_student) VALUES (25,9,0)
INSERT INTO Conference_day_registration (reservation_id, Participant_id, is_student) VALUES (25,34,0)
INSERT INTO Conference_day_registration (reservation_id, Participant_id, is_student) VALUES (25,24,0)
INSERT INTO Conference_day_registration (reservation_id, Participant_id, is_student) VALUES (25,19,0)
INSERT INTO Conference_day_registration (reservation_id, Participant_id, is_student) VALUES (25,5,0)
INSERT INTO Conference_day_registration (reservation_id, Participant_id, is_student) VALUES (25,16,0)
INSERT INTO Conference_day_registration (reservation_id, Participant_id, is_student) VALUES (25,25,1)
INSERT INTO Conference_day_registration (reservation_id, Participant_id, is_student) VALUES (25,11,1)
INSERT INTO Conference_day_registration (reservation_id, Participant_id, is_student) VALUES (25,23,1)
INSERT INTO Conference_day_registration (reservation_id, Participant_id, is_student) VALUES (25,17,1)
INSERT INTO Conference_day_registration (reservation_id, Participant_id, is_student) VALUES (25,33,1)
INSERT INTO Conference_day_registration (reservation_id, Participant_id, is_student) VALUES (25,4,1)
INSERT INTO Conference_day_reservations (reservation_id, conference_day_id, clients_id, reservation_date, active, due_price, adult_seats, student_seats) VALUES (26,6,3,'2020-03-16','1','2020-04-30','24','9')
INSERT INTO Payments (reservation_id, in_date, value) VALUES (26,'2020-04-06',61.6)
INSERT INTO Payments (reservation_id, in_date, value) VALUES (26,'2020-04-24',47.0)
INSERT INTO Payments (reservation_id, in_date, value) VALUES (26,'2020-04-07',33.0)
INSERT INTO Payments (reservation_id, in_date, value) VALUES (26,'2020-03-17',32.0)
INSERT INTO Payments (reservation_id, in_date, value) VALUES (26,'2020-03-24',34.0)
INSERT INTO Conference_day_registration (reservation_id, Participant_id, is_student) VALUES (26,2,0)
INSERT INTO Conference_day_registration (reservation_id, Participant_id, is_student) VALUES (26,29,0)
INSERT INTO Conference_day_registration (reservation_id, Participant_id, is_student) VALUES (26,9,0)
INSERT INTO Conference_day_registration (reservation_id, Participant_id, is_student) VALUES (26,37,0)
INSERT INTO Conference_day_registration (reservation_id, Participant_id, is_student) VALUES (26,19,0)
INSERT INTO Conference_day_registration (reservation_id, Participant_id, is_student) VALUES (26,3,0)
INSERT INTO Conference_day_registration (reservation_id, Participant_id, is_student) VALUES (26,12,0)
INSERT INTO Conference_day_registration (reservation_id, Participant_id, is_student) VALUES (26,1,0)
INSERT INTO Conference_day_registration (reservation_id, Participant_id, is_student) VALUES (26,27,0)
INSERT INTO Conference_day_registration (reservation_id, Participant_id, is_student) VALUES (26,15,0)
INSERT INTO Conference_day_registration (reservation_id, Participant_id, is_student) VALUES (26,38,0)
INSERT INTO Conference_day_registration (reservation_id, Participant_id, is_student) VALUES (26,25,0)
INSERT INTO Conference_day_registration (reservation_id, Participant_id, is_student) VALUES (26,11,0)
INSERT INTO Conference_day_registration (reservation_id, Participant_id, is_student) VALUES (26,7,0)
INSERT INTO Conference_day_registration (reservation_id, Participant_id, is_student) VALUES (26,23,0)
INSERT INTO Conference_day_registration (reservation_id, Participant_id, is_student) VALUES (26,16,0)
INSERT INTO Conference_day_registration (reservation_id, Participant_id, is_student) VALUES (26,13,0)
INSERT INTO Conference_day_registration (reservation_id, Participant_id, is_student) VALUES (26,34,0)
INSERT INTO Conference_day_registration (reservation_id, Participant_id, is_student) VALUES (26,31,0)
INSERT INTO Conference_day_registration (reservation_id, Participant_id, is_student) VALUES (26,14,0)
INSERT INTO Conference_day_registration (reservation_id, Participant_id, is_student) VALUES (26,22,0)
INSERT INTO Conference_day_registration (reservation_id, Participant_id, is_student) VALUES (26,32,0)
INSERT INTO Conference_day_registration (reservation_id, Participant_id, is_student) VALUES (26,26,0)
INSERT INTO Conference_day_registration (reservation_id, Participant_id, is_student) VALUES (26,6,0)
INSERT INTO Conference_day_registration (reservation_id, Participant_id, is_student) VALUES (26,30,1)
INSERT INTO Conference_day_registration (reservation_id, Participant_id, is_student) VALUES (26,17,1)
INSERT INTO Conference_day_registration (reservation_id, Participant_id, is_student) VALUES (26,5,1)
INSERT INTO Conference_day_registration (reservation_id, Participant_id, is_student) VALUES (26,18,1)
INSERT INTO Conference_day_registration (reservation_id, Participant_id, is_student) VALUES (26,4,1)
INSERT INTO Conference_day_registration (reservation_id, Participant_id, is_student) VALUES (26,24,1)
INSERT INTO Conference_day_registration (reservation_id, Participant_id, is_student) VALUES (26,33,1)
INSERT INTO Conference_day_registration (reservation_id, Participant_id, is_student) VALUES (26,28,1)
INSERT INTO Conference_day_registration (reservation_id, Participant_id, is_student) VALUES (26,20,1)
INSERT INTO Conference_day_reservations (reservation_id, conference_day_id, clients_id, reservation_date, active, due_price, adult_seats, student_seats) VALUES (27,6,10,'2020-03-03','0','2020-03-18','37','0')
INSERT INTO Payments (reservation_id, in_date, value) VALUES (27,'2020-03-16',212.27)
INSERT INTO Conference_day_registration (reservation_id, Participant_id, is_student) VALUES (27,5,0)
INSERT INTO Conference_day_registration (reservation_id, Participant_id, is_student) VALUES (27,12,0)
INSERT INTO Conference_day_registration (reservation_id, Participant_id, is_student) VALUES (27,38,0)
INSERT INTO Conference_day_registration (reservation_id, Participant_id, is_student) VALUES (27,9,0)
INSERT INTO Conference_day_registration (reservation_id, Participant_id, is_student) VALUES (27,2,0)
INSERT INTO Conference_day_registration (reservation_id, Participant_id, is_student) VALUES (27,21,0)
INSERT INTO Conference_day_registration (reservation_id, Participant_id, is_student) VALUES (27,34,0)
INSERT INTO Conference_day_registration (reservation_id, Participant_id, is_student) VALUES (27,18,0)
INSERT INTO Conference_day_registration (reservation_id, Participant_id, is_student) VALUES (27,37,0)
INSERT INTO Conference_day_registration (reservation_id, Participant_id, is_student) VALUES (27,20,0)
INSERT INTO Conference_day_registration (reservation_id, Participant_id, is_student) VALUES (27,10,0)
INSERT INTO Conference_day_registration (reservation_id, Participant_id, is_student) VALUES (27,16,0)
INSERT INTO Conference_day_registration (reservation_id, Participant_id, is_student) VALUES (27,23,0)
INSERT INTO Conference_day_registration (reservation_id, Participant_id, is_student) VALUES (27,30,0)
INSERT INTO Conference_day_registration (reservation_id, Participant_id, is_student) VALUES (27,24,0)
INSERT INTO Conference_day_registration (reservation_id, Participant_id, is_student) VALUES (27,17,0)
INSERT INTO Conference_day_registration (reservation_id, Participant_id, is_student) VALUES (27,31,0)
INSERT INTO Conference_day_registration (reservation_id, Participant_id, is_student) VALUES (27,32,0)
INSERT INTO Conference_day_registration (reservation_id, Participant_id, is_student) VALUES (27,13,0)
INSERT INTO Conference_day_registration (reservation_id, Participant_id, is_student) VALUES (27,3,0)
INSERT INTO Conference_day_registration (reservation_id, Participant_id, is_student) VALUES (27,25,0)
INSERT INTO Conference_day_registration (reservation_id, Participant_id, is_student) VALUES (27,35,0)
INSERT INTO Conference_day_registration (reservation_id, Participant_id, is_student) VALUES (27,36,0)
INSERT INTO Conference_day_registration (reservation_id, Participant_id, is_student) VALUES (27,4,0)
INSERT INTO Conference_day_registration (reservation_id, Participant_id, is_student) VALUES (27,22,0)
INSERT INTO Conference_day_registration (reservation_id, Participant_id, is_student) VALUES (27,19,0)
INSERT INTO Conference_day_registration (reservation_id, Participant_id, is_student) VALUES (27,7,0)
INSERT INTO Conference_day_registration (reservation_id, Participant_id, is_student) VALUES (27,26,0)
INSERT INTO Conference_day_registration (reservation_id, Participant_id, is_student) VALUES (27,14,0)
INSERT INTO Conference_day_registration (reservation_id, Participant_id, is_student) VALUES (27,1,0)
INSERT INTO Conference_day_registration (reservation_id, Participant_id, is_student) VALUES (27,8,0)
INSERT INTO Conference_day_registration (reservation_id, Participant_id, is_student) VALUES (27,28,0)
INSERT INTO Conference_day_registration (reservation_id, Participant_id, is_student) VALUES (27,27,0)
INSERT INTO Conference_day_registration (reservation_id, Participant_id, is_student) VALUES (27,33,0)
INSERT INTO Conference_day_registration (reservation_id, Participant_id, is_student) VALUES (27,15,0)
INSERT INTO Conference_day_registration (reservation_id, Participant_id, is_student) VALUES (27,11,0)
INSERT INTO Conference_day_registration (reservation_id, Participant_id, is_student) VALUES (27,29,0)
INSERT INTO Conference_day_reservations (reservation_id, conference_day_id, clients_id, reservation_date, active, due_price, adult_seats, student_seats) VALUES (28,6,2,'2020-02-26','1','2020-05-01','10','12')
INSERT INTO Payments (reservation_id, in_date, value) VALUES (28,'2020-04-09',199.9472)
INSERT INTO Conference_day_registration (reservation_id, Participant_id, is_student) VALUES (28,8,0)
INSERT INTO Conference_day_registration (reservation_id, Participant_id, is_student) VALUES (28,1,0)
INSERT INTO Conference_day_registration (reservation_id, Participant_id, is_student) VALUES (28,25,0)
INSERT INTO Conference_day_registration (reservation_id, Participant_id, is_student) VALUES (28,4,0)
INSERT INTO Conference_day_registration (reservation_id, Participant_id, is_student) VALUES (28,9,0)
INSERT INTO Conference_day_registration (reservation_id, Participant_id, is_student) VALUES (28,7,0)
INSERT INTO Conference_day_registration (reservation_id, Participant_id, is_student) VALUES (28,11,0)
INSERT INTO Conference_day_registration (reservation_id, Participant_id, is_student) VALUES (28,5,0)
INSERT INTO Conference_day_registration (reservation_id, Participant_id, is_student) VALUES (28,36,0)
INSERT INTO Conference_day_registration (reservation_id, Participant_id, is_student) VALUES (28,20,0)
INSERT INTO Conference_day_registration (reservation_id, Participant_id, is_student) VALUES (28,14,1)
INSERT INTO Conference_day_registration (reservation_id, Participant_id, is_student) VALUES (28,32,1)
INSERT INTO Conference_day_registration (reservation_id, Participant_id, is_student) VALUES (28,16,1)
INSERT INTO Conference_day_registration (reservation_id, Participant_id, is_student) VALUES (28,24,1)
INSERT INTO Conference_day_registration (reservation_id, Participant_id, is_student) VALUES (28,27,1)
INSERT INTO Conference_day_registration (reservation_id, Participant_id, is_student) VALUES (28,13,1)
INSERT INTO Conference_day_registration (reservation_id, Participant_id, is_student) VALUES (28,15,1)
INSERT INTO Conference_day_registration (reservation_id, Participant_id, is_student) VALUES (28,22,1)
INSERT INTO Conference_day_registration (reservation_id, Participant_id, is_student) VALUES (28,29,1)
INSERT INTO Conference_day_registration (reservation_id, Participant_id, is_student) VALUES (28,12,1)
INSERT INTO Conference_day_registration (reservation_id, Participant_id, is_student) VALUES (28,28,1)
INSERT INTO Conference_day_registration (reservation_id, Participant_id, is_student) VALUES (28,18,1)
INSERT INTO Conference_day_reservations (reservation_id, conference_day_id, clients_id, reservation_date, active, due_price, adult_seats, student_seats) VALUES (29,6,6,'2020-01-23','0','2020-04-30','11','4')
INSERT INTO Payments (reservation_id, in_date, value) VALUES (29,'2020-02-02',69.34)
INSERT INTO Payments (reservation_id, in_date, value) VALUES (29,'2020-03-10',67.0)
INSERT INTO Payments (reservation_id, in_date, value) VALUES (29,'2020-01-28',63.0)
INSERT INTO Conference_day_registration (reservation_id, Participant_id, is_student) VALUES (29,32,0)
INSERT INTO Conference_day_registration (reservation_id, Participant_id, is_student) VALUES (29,2,0)
INSERT INTO Conference_day_registration (reservation_id, Participant_id, is_student) VALUES (29,35,0)
INSERT INTO Conference_day_registration (reservation_id, Participant_id, is_student) VALUES (29,17,0)
INSERT INTO Conference_day_registration (reservation_id, Participant_id, is_student) VALUES (29,8,0)
INSERT INTO Conference_day_registration (reservation_id, Participant_id, is_student) VALUES (29,13,0)
INSERT INTO Conference_day_registration (reservation_id, Participant_id, is_student) VALUES (29,5,0)
INSERT INTO Conference_day_registration (reservation_id, Participant_id, is_student) VALUES (29,9,0)
INSERT INTO Conference_day_registration (reservation_id, Participant_id, is_student) VALUES (29,6,0)
INSERT INTO Conference_day_registration (reservation_id, Participant_id, is_student) VALUES (29,31,0)
INSERT INTO Conference_day_registration (reservation_id, Participant_id, is_student) VALUES (29,15,0)
INSERT INTO Conference_day_registration (reservation_id, Participant_id, is_student) VALUES (29,7,1)
INSERT INTO Conference_day_registration (reservation_id, Participant_id, is_student) VALUES (29,16,1)
INSERT INTO Conference_day_registration (reservation_id, Participant_id, is_student) VALUES (29,25,1)
INSERT INTO Conference_day_registration (reservation_id, Participant_id, is_student) VALUES (29,27,1)
INSERT INTO Conference_day_reservations (reservation_id, conference_day_id, clients_id, reservation_date, active, due_price, adult_seats, student_seats) VALUES (30,6,10,'2020-04-15','0','2020-04-23','13','12')
INSERT INTO Payments (reservation_id, in_date, value) VALUES (30,'2020-04-21',39.84)
INSERT INTO Payments (reservation_id, in_date, value) VALUES (30,'2020-04-16',64.0)
INSERT INTO Payments (reservation_id, in_date, value) VALUES (30,'2020-04-17',15.0)
INSERT INTO Payments (reservation_id, in_date, value) VALUES (30,'2020-04-18',41.0)
INSERT INTO Payments (reservation_id, in_date, value) VALUES (30,'2020-04-19',42.0)
INSERT INTO Conference_day_registration (reservation_id, Participant_id, is_student) VALUES (30,37,0)
INSERT INTO Conference_day_registration (reservation_id, Participant_id, is_student) VALUES (30,21,0)
INSERT INTO Conference_day_registration (reservation_id, Participant_id, is_student) VALUES (30,15,0)
INSERT INTO Conference_day_registration (reservation_id, Participant_id, is_student) VALUES (30,16,0)
INSERT INTO Conference_day_registration (reservation_id, Participant_id, is_student) VALUES (30,1,0)
INSERT INTO Conference_day_registration (reservation_id, Participant_id, is_student) VALUES (30,8,0)
INSERT INTO Conference_day_registration (reservation_id, Participant_id, is_student) VALUES (30,33,0)
INSERT INTO Conference_day_registration (reservation_id, Participant_id, is_student) VALUES (30,13,0)
INSERT INTO Conference_day_registration (reservation_id, Participant_id, is_student) VALUES (30,29,0)
INSERT INTO Conference_day_registration (reservation_id, Participant_id, is_student) VALUES (30,38,0)
INSERT INTO Conference_day_registration (reservation_id, Participant_id, is_student) VALUES (30,7,0)
INSERT INTO Conference_day_registration (reservation_id, Participant_id, is_student) VALUES (30,17,0)
INSERT INTO Conference_day_registration (reservation_id, Participant_id, is_student) VALUES (30,6,0)
INSERT INTO Conference_day_registration (reservation_id, Participant_id, is_student) VALUES (30,22,1)
INSERT INTO Conference_day_registration (reservation_id, Participant_id, is_student) VALUES (30,31,1)
INSERT INTO Conference_day_registration (reservation_id, Participant_id, is_student) VALUES (30,11,1)
INSERT INTO Conference_day_registration (reservation_id, Participant_id, is_student) VALUES (30,9,1)
INSERT INTO Conference_day_registration (reservation_id, Participant_id, is_student) VALUES (30,26,1)
INSERT INTO Conference_day_registration (reservation_id, Participant_id, is_student) VALUES (30,28,1)
INSERT INTO Conference_day_registration (reservation_id, Participant_id, is_student) VALUES (30,4,1)
INSERT INTO Conference_day_registration (reservation_id, Participant_id, is_student) VALUES (30,34,1)
INSERT INTO Conference_day_registration (reservation_id, Participant_id, is_student) VALUES (30,27,1)
INSERT INTO Conference_day_registration (reservation_id, Participant_id, is_student) VALUES (30,19,1)
INSERT INTO Conference_day_registration (reservation_id, Participant_id, is_student) VALUES (30,32,1)
INSERT INTO Conference_day_registration (reservation_id, Participant_id, is_student) VALUES (30,24,1)
INSERT INTO Conference_day_reservations (reservation_id, conference_day_id, clients_id, reservation_date, active, due_price, adult_seats, student_seats) VALUES (31,6,6,'2020-02-21','0','2020-03-22','33','3')
INSERT INTO Payments (reservation_id, in_date, value) VALUES (31,'2020-02-23',28.92)
INSERT INTO Payments (reservation_id, in_date, value) VALUES (31,'2020-02-22',53.0)
INSERT INTO Payments (reservation_id, in_date, value) VALUES (31,'2020-03-06',47.0)
INSERT INTO Payments (reservation_id, in_date, value) VALUES (31,'2020-03-13',44.0)
INSERT INTO Payments (reservation_id, in_date, value) VALUES (31,'2020-02-22',38.0)
INSERT INTO Conference_day_registration (reservation_id, Participant_id, is_student) VALUES (31,14,0)
INSERT INTO Conference_day_registration (reservation_id, Participant_id, is_student) VALUES (31,1,0)
INSERT INTO Conference_day_registration (reservation_id, Participant_id, is_student) VALUES (31,25,0)
INSERT INTO Conference_day_registration (reservation_id, Participant_id, is_student) VALUES (31,23,0)
INSERT INTO Conference_day_registration (reservation_id, Participant_id, is_student) VALUES (31,4,0)
INSERT INTO Conference_day_registration (reservation_id, Participant_id, is_student) VALUES (31,6,0)
INSERT INTO Conference_day_registration (reservation_id, Participant_id, is_student) VALUES (31,32,0)
INSERT INTO Conference_day_registration (reservation_id, Participant_id, is_student) VALUES (31,12,0)
INSERT INTO Conference_day_registration (reservation_id, Participant_id, is_student) VALUES (31,35,0)
INSERT INTO Conference_day_registration (reservation_id, Participant_id, is_student) VALUES (31,29,0)
INSERT INTO Conference_day_registration (reservation_id, Participant_id, is_student) VALUES (31,7,0)
INSERT INTO Conference_day_registration (reservation_id, Participant_id, is_student) VALUES (31,8,0)
INSERT INTO Conference_day_registration (reservation_id, Participant_id, is_student) VALUES (31,22,0)
INSERT INTO Conference_day_registration (reservation_id, Participant_id, is_student) VALUES (31,2,0)
INSERT INTO Conference_day_registration (reservation_id, Participant_id, is_student) VALUES (31,38,0)
INSERT INTO Conference_day_registration (reservation_id, Participant_id, is_student) VALUES (31,16,0)
INSERT INTO Conference_day_registration (reservation_id, Participant_id, is_student) VALUES (31,15,0)
INSERT INTO Conference_day_registration (reservation_id, Participant_id, is_student) VALUES (31,30,0)
INSERT INTO Conference_day_registration (reservation_id, Participant_id, is_student) VALUES (31,24,0)
INSERT INTO Conference_day_registration (reservation_id, Participant_id, is_student) VALUES (31,5,0)
INSERT INTO Conference_day_registration (reservation_id, Participant_id, is_student) VALUES (31,9,0)
INSERT INTO Conference_day_registration (reservation_id, Participant_id, is_student) VALUES (31,34,0)
INSERT INTO Conference_day_registration (reservation_id, Participant_id, is_student) VALUES (31,21,0)
INSERT INTO Conference_day_registration (reservation_id, Participant_id, is_student) VALUES (31,3,0)
INSERT INTO Conference_day_registration (reservation_id, Participant_id, is_student) VALUES (31,19,0)
INSERT INTO Conference_day_registration (reservation_id, Participant_id, is_student) VALUES (31,26,0)
INSERT INTO Conference_day_registration (reservation_id, Participant_id, is_student) VALUES (31,31,0)
INSERT INTO Conference_day_registration (reservation_id, Participant_id, is_student) VALUES (31,13,0)
INSERT INTO Conference_day_registration (reservation_id, Participant_id, is_student) VALUES (31,37,0)
INSERT INTO Conference_day_registration (reservation_id, Participant_id, is_student) VALUES (31,10,0)
INSERT INTO Conference_day_registration (reservation_id, Participant_id, is_student) VALUES (31,18,0)
INSERT INTO Conference_day_registration (reservation_id, Participant_id, is_student) VALUES (31,20,0)
INSERT INTO Conference_day_registration (reservation_id, Participant_id, is_student) VALUES (31,27,0)
INSERT INTO Conference_day_registration (reservation_id, Participant_id, is_student) VALUES (31,28,1)
INSERT INTO Conference_day_registration (reservation_id, Participant_id, is_student) VALUES (31,17,1)
INSERT INTO Conference_day_registration (reservation_id, Participant_id, is_student) VALUES (31,36,1)
SET IDENTITY_INSERT  Conference_day_reservations OFF
SET IDENTITY_INSERT  Conferences ON
INSERT INTO Conferences (Conference_id, name) VALUES (3,'seize global experiences')
SET IDENTITY_INSERT  Conferences OFF
SET IDENTITY_INSERT Conference_days ON
INSERT INTO Conference_days (conference_day_id, conference_id, date, standard_price, student_discount) VALUES (7,3,'2022-11-01',674.09,0.4)
INSERT INTO Early_signup_discounts (conference_day_id, end_date, discount) VALUES (7,'2019-09-23','0.25')
INSERT INTO Early_signup_discounts (conference_day_id, end_date, discount) VALUES (7,'2022-03-03','0.22')
INSERT INTO Early_signup_discounts (conference_day_id, end_date, discount) VALUES (7,'2022-02-24','0.22')
SET IDENTITY_INSERT Conference_days OFF
SET IDENTITY_INSERT  Workshops ON
INSERT INTO Workshops (workshop_id, conference_day_id, start_time, end_time, topic, price, number_of_seats) VALUES (25,7,'2022-11-01 08:03:00','2022-11-01 16:57:00','envisioneer cross-platform web services','509.05','23')
SET IDENTITY_INSERT  Workshops OFF
SET IDENTITY_INSERT  Workshop_reservations ON
INSERT INTO Workshop_reservations (reservation_id, workshop_id, reservation_date, due_price, nr_of_seats) VALUES (103,25,2021-01-19,'2021-08-08',8)
INSERT INTO Workshop_registration (reservation_id, Participant_id) VALUES (103,10)
INSERT INTO Workshop_registration (reservation_id, Participant_id) VALUES (103,29)
INSERT INTO Workshop_registration (reservation_id, Participant_id) VALUES (103,35)
INSERT INTO Workshop_registration (reservation_id, Participant_id) VALUES (103,18)
INSERT INTO Workshop_registration (reservation_id, Participant_id) VALUES (103,5)
INSERT INTO Workshop_registration (reservation_id, Participant_id) VALUES (103,28)
INSERT INTO Workshop_registration (reservation_id, Participant_id) VALUES (103,21)
INSERT INTO Workshop_registration (reservation_id, Participant_id) VALUES (103,16)
INSERT INTO Workshop_reservations (reservation_id, workshop_id, reservation_date, due_price, nr_of_seats) VALUES (104,25,2022-07-12,'2022-07-16',22)
INSERT INTO Workshop_registration (reservation_id, Participant_id) VALUES (104,1)
INSERT INTO Workshop_registration (reservation_id, Participant_id) VALUES (104,8)
INSERT INTO Workshop_registration (reservation_id, Participant_id) VALUES (104,33)
INSERT INTO Workshop_registration (reservation_id, Participant_id) VALUES (104,27)
INSERT INTO Workshop_registration (reservation_id, Participant_id) VALUES (104,22)
INSERT INTO Workshop_registration (reservation_id, Participant_id) VALUES (104,6)
INSERT INTO Workshop_registration (reservation_id, Participant_id) VALUES (104,32)
INSERT INTO Workshop_registration (reservation_id, Participant_id) VALUES (104,15)
INSERT INTO Workshop_registration (reservation_id, Participant_id) VALUES (104,21)
INSERT INTO Workshop_registration (reservation_id, Participant_id) VALUES (104,23)
INSERT INTO Workshop_registration (reservation_id, Participant_id) VALUES (104,34)
INSERT INTO Workshop_registration (reservation_id, Participant_id) VALUES (104,38)
INSERT INTO Workshop_registration (reservation_id, Participant_id) VALUES (104,14)
INSERT INTO Workshop_registration (reservation_id, Participant_id) VALUES (104,4)
INSERT INTO Workshop_registration (reservation_id, Participant_id) VALUES (104,25)
INSERT INTO Workshop_registration (reservation_id, Participant_id) VALUES (104,7)
INSERT INTO Workshop_registration (reservation_id, Participant_id) VALUES (104,12)
INSERT INTO Workshop_registration (reservation_id, Participant_id) VALUES (104,10)
INSERT INTO Workshop_registration (reservation_id, Participant_id) VALUES (104,5)
INSERT INTO Workshop_registration (reservation_id, Participant_id) VALUES (104,29)
INSERT INTO Workshop_registration (reservation_id, Participant_id) VALUES (104,28)
INSERT INTO Workshop_registration (reservation_id, Participant_id) VALUES (104,19)
INSERT INTO Workshop_reservations (reservation_id, workshop_id, reservation_date, due_price, nr_of_seats) VALUES (105,25,2022-02-03,'2022-04-24',37)
INSERT INTO Workshop_registration (reservation_id, Participant_id) VALUES (105,28)
INSERT INTO Workshop_registration (reservation_id, Participant_id) VALUES (105,38)
INSERT INTO Workshop_registration (reservation_id, Participant_id) VALUES (105,34)
INSERT INTO Workshop_registration (reservation_id, Participant_id) VALUES (105,5)
INSERT INTO Workshop_registration (reservation_id, Participant_id) VALUES (105,17)
INSERT INTO Workshop_registration (reservation_id, Participant_id) VALUES (105,19)
INSERT INTO Workshop_registration (reservation_id, Participant_id) VALUES (105,30)
INSERT INTO Workshop_registration (reservation_id, Participant_id) VALUES (105,20)
INSERT INTO Workshop_registration (reservation_id, Participant_id) VALUES (105,8)
INSERT INTO Workshop_registration (reservation_id, Participant_id) VALUES (105,18)
INSERT INTO Workshop_registration (reservation_id, Participant_id) VALUES (105,24)
INSERT INTO Workshop_registration (reservation_id, Participant_id) VALUES (105,15)
INSERT INTO Workshop_registration (reservation_id, Participant_id) VALUES (105,31)
INSERT INTO Workshop_registration (reservation_id, Participant_id) VALUES (105,3)
INSERT INTO Workshop_registration (reservation_id, Participant_id) VALUES (105,26)
INSERT INTO Workshop_registration (reservation_id, Participant_id) VALUES (105,36)
INSERT INTO Workshop_registration (reservation_id, Participant_id) VALUES (105,27)
INSERT INTO Workshop_registration (reservation_id, Participant_id) VALUES (105,32)
INSERT INTO Workshop_registration (reservation_id, Participant_id) VALUES (105,12)
INSERT INTO Workshop_registration (reservation_id, Participant_id) VALUES (105,29)
INSERT INTO Workshop_registration (reservation_id, Participant_id) VALUES (105,33)
INSERT INTO Workshop_registration (reservation_id, Participant_id) VALUES (105,9)
INSERT INTO Workshop_registration (reservation_id, Participant_id) VALUES (105,7)
INSERT INTO Workshop_registration (reservation_id, Participant_id) VALUES (105,35)
INSERT INTO Workshop_registration (reservation_id, Participant_id) VALUES (105,4)
INSERT INTO Workshop_registration (reservation_id, Participant_id) VALUES (105,11)
INSERT INTO Workshop_registration (reservation_id, Participant_id) VALUES (105,22)
INSERT INTO Workshop_registration (reservation_id, Participant_id) VALUES (105,10)
INSERT INTO Workshop_registration (reservation_id, Participant_id) VALUES (105,23)
INSERT INTO Workshop_registration (reservation_id, Participant_id) VALUES (105,25)
INSERT INTO Workshop_registration (reservation_id, Participant_id) VALUES (105,13)
INSERT INTO Workshop_registration (reservation_id, Participant_id) VALUES (105,21)
INSERT INTO Workshop_registration (reservation_id, Participant_id) VALUES (105,37)
INSERT INTO Workshop_registration (reservation_id, Participant_id) VALUES (105,16)
INSERT INTO Workshop_registration (reservation_id, Participant_id) VALUES (105,1)
INSERT INTO Workshop_registration (reservation_id, Participant_id) VALUES (105,14)
INSERT INTO Workshop_registration (reservation_id, Participant_id) VALUES (105,2)
INSERT INTO Workshop_reservations (reservation_id, workshop_id, reservation_date, due_price, nr_of_seats) VALUES (106,25,2022-01-26,'2022-05-17',5)
INSERT INTO Workshop_registration (reservation_id, Participant_id) VALUES (106,23)
INSERT INTO Workshop_registration (reservation_id, Participant_id) VALUES (106,28)
INSERT INTO Workshop_registration (reservation_id, Participant_id) VALUES (106,9)
INSERT INTO Workshop_registration (reservation_id, Participant_id) VALUES (106,31)
INSERT INTO Workshop_registration (reservation_id, Participant_id) VALUES (106,36)
INSERT INTO Workshop_reservations (reservation_id, workshop_id, reservation_date, due_price, nr_of_seats) VALUES (107,25,2022-10-30,'2022-10-30',17)
INSERT INTO Workshop_registration (reservation_id, Participant_id) VALUES (107,34)
INSERT INTO Workshop_registration (reservation_id, Participant_id) VALUES (107,1)
INSERT INTO Workshop_registration (reservation_id, Participant_id) VALUES (107,24)
INSERT INTO Workshop_registration (reservation_id, Participant_id) VALUES (107,23)
INSERT INTO Workshop_registration (reservation_id, Participant_id) VALUES (107,12)
INSERT INTO Workshop_registration (reservation_id, Participant_id) VALUES (107,25)
INSERT INTO Workshop_registration (reservation_id, Participant_id) VALUES (107,13)
INSERT INTO Workshop_registration (reservation_id, Participant_id) VALUES (107,31)
INSERT INTO Workshop_registration (reservation_id, Participant_id) VALUES (107,7)
INSERT INTO Workshop_registration (reservation_id, Participant_id) VALUES (107,6)
INSERT INTO Workshop_registration (reservation_id, Participant_id) VALUES (107,8)
INSERT INTO Workshop_registration (reservation_id, Participant_id) VALUES (107,5)
INSERT INTO Workshop_registration (reservation_id, Participant_id) VALUES (107,21)
INSERT INTO Workshop_registration (reservation_id, Participant_id) VALUES (107,28)
INSERT INTO Workshop_registration (reservation_id, Participant_id) VALUES (107,22)
INSERT INTO Workshop_registration (reservation_id, Participant_id) VALUES (107,27)
INSERT INTO Workshop_registration (reservation_id, Participant_id) VALUES (107,18)
SET IDENTITY_INSERT  Workshop_reservations OFF
SET IDENTITY_INSERT  Conference_day_reservations ON
INSERT INTO Conference_day_reservations (reservation_id, conference_day_id, clients_id, reservation_date, active, due_price, adult_seats, student_seats) VALUES (32,7,2,'2020-04-26','0','2022-06-25','25','13')
INSERT INTO Payments (reservation_id, in_date, value) VALUES (32,'2020-05-21',698.69)
INSERT INTO Conference_day_registration (reservation_id, Participant_id, is_student) VALUES (32,28,0)
INSERT INTO Conference_day_registration (reservation_id, Participant_id, is_student) VALUES (32,7,0)
INSERT INTO Conference_day_registration (reservation_id, Participant_id, is_student) VALUES (32,6,0)
INSERT INTO Conference_day_registration (reservation_id, Participant_id, is_student) VALUES (32,2,0)
INSERT INTO Conference_day_registration (reservation_id, Participant_id, is_student) VALUES (32,11,0)
INSERT INTO Conference_day_registration (reservation_id, Participant_id, is_student) VALUES (32,32,0)
INSERT INTO Conference_day_registration (reservation_id, Participant_id, is_student) VALUES (32,4,0)
INSERT INTO Conference_day_registration (reservation_id, Participant_id, is_student) VALUES (32,21,0)
INSERT INTO Conference_day_registration (reservation_id, Participant_id, is_student) VALUES (32,37,0)
INSERT INTO Conference_day_registration (reservation_id, Participant_id, is_student) VALUES (32,3,0)
INSERT INTO Conference_day_registration (reservation_id, Participant_id, is_student) VALUES (32,34,0)
INSERT INTO Conference_day_registration (reservation_id, Participant_id, is_student) VALUES (32,10,0)
INSERT INTO Conference_day_registration (reservation_id, Participant_id, is_student) VALUES (32,9,0)
INSERT INTO Conference_day_registration (reservation_id, Participant_id, is_student) VALUES (32,27,0)
INSERT INTO Conference_day_registration (reservation_id, Participant_id, is_student) VALUES (32,19,0)
INSERT INTO Conference_day_registration (reservation_id, Participant_id, is_student) VALUES (32,35,0)
INSERT INTO Conference_day_registration (reservation_id, Participant_id, is_student) VALUES (32,24,0)
INSERT INTO Conference_day_registration (reservation_id, Participant_id, is_student) VALUES (32,17,0)
INSERT INTO Conference_day_registration (reservation_id, Participant_id, is_student) VALUES (32,1,0)
INSERT INTO Conference_day_registration (reservation_id, Participant_id, is_student) VALUES (32,36,0)
INSERT INTO Conference_day_registration (reservation_id, Participant_id, is_student) VALUES (32,26,0)
INSERT INTO Conference_day_registration (reservation_id, Participant_id, is_student) VALUES (32,23,0)
INSERT INTO Conference_day_registration (reservation_id, Participant_id, is_student) VALUES (32,20,0)
INSERT INTO Conference_day_registration (reservation_id, Participant_id, is_student) VALUES (32,16,0)
INSERT INTO Conference_day_registration (reservation_id, Participant_id, is_student) VALUES (32,33,0)
INSERT INTO Conference_day_registration (reservation_id, Participant_id, is_student) VALUES (32,12,1)
INSERT INTO Conference_day_registration (reservation_id, Participant_id, is_student) VALUES (32,5,1)
INSERT INTO Conference_day_registration (reservation_id, Participant_id, is_student) VALUES (32,31,1)
INSERT INTO Conference_day_registration (reservation_id, Participant_id, is_student) VALUES (32,22,1)
INSERT INTO Conference_day_registration (reservation_id, Participant_id, is_student) VALUES (32,14,1)
INSERT INTO Conference_day_registration (reservation_id, Participant_id, is_student) VALUES (32,18,1)
INSERT INTO Conference_day_registration (reservation_id, Participant_id, is_student) VALUES (32,15,1)
INSERT INTO Conference_day_registration (reservation_id, Participant_id, is_student) VALUES (32,25,1)
INSERT INTO Conference_day_registration (reservation_id, Participant_id, is_student) VALUES (32,8,1)
INSERT INTO Conference_day_registration (reservation_id, Participant_id, is_student) VALUES (32,29,1)
INSERT INTO Conference_day_registration (reservation_id, Participant_id, is_student) VALUES (32,13,1)
INSERT INTO Conference_day_registration (reservation_id, Participant_id, is_student) VALUES (32,38,1)
INSERT INTO Conference_day_registration (reservation_id, Participant_id, is_student) VALUES (32,30,1)
INSERT INTO Conference_day_reservations (reservation_id, conference_day_id, clients_id, reservation_date, active, due_price, adult_seats, student_seats) VALUES (33,7,8,'2022-08-07','1','2022-10-10','4','21')
INSERT INTO Payments (reservation_id, in_date, value) VALUES (33,'2022-08-13',687.038)
INSERT INTO Conference_day_registration (reservation_id, Participant_id, is_student) VALUES (33,37,0)
INSERT INTO Conference_day_registration (reservation_id, Participant_id, is_student) VALUES (33,24,0)
INSERT INTO Conference_day_registration (reservation_id, Participant_id, is_student) VALUES (33,19,0)
INSERT INTO Conference_day_registration (reservation_id, Participant_id, is_student) VALUES (33,1,0)
INSERT INTO Conference_day_registration (reservation_id, Participant_id, is_student) VALUES (33,6,1)
INSERT INTO Conference_day_registration (reservation_id, Participant_id, is_student) VALUES (33,10,1)
INSERT INTO Conference_day_registration (reservation_id, Participant_id, is_student) VALUES (33,14,1)
INSERT INTO Conference_day_registration (reservation_id, Participant_id, is_student) VALUES (33,22,1)
INSERT INTO Conference_day_registration (reservation_id, Participant_id, is_student) VALUES (33,29,1)
INSERT INTO Conference_day_registration (reservation_id, Participant_id, is_student) VALUES (33,8,1)
INSERT INTO Conference_day_registration (reservation_id, Participant_id, is_student) VALUES (33,9,1)
INSERT INTO Conference_day_registration (reservation_id, Participant_id, is_student) VALUES (33,21,1)
INSERT INTO Conference_day_registration (reservation_id, Participant_id, is_student) VALUES (33,26,1)
INSERT INTO Conference_day_registration (reservation_id, Participant_id, is_student) VALUES (33,15,1)
INSERT INTO Conference_day_registration (reservation_id, Participant_id, is_student) VALUES (33,13,1)
INSERT INTO Conference_day_registration (reservation_id, Participant_id, is_student) VALUES (33,33,1)
INSERT INTO Conference_day_registration (reservation_id, Participant_id, is_student) VALUES (33,7,1)
INSERT INTO Conference_day_registration (reservation_id, Participant_id, is_student) VALUES (33,5,1)
INSERT INTO Conference_day_registration (reservation_id, Participant_id, is_student) VALUES (33,30,1)
INSERT INTO Conference_day_registration (reservation_id, Participant_id, is_student) VALUES (33,23,1)
INSERT INTO Conference_day_registration (reservation_id, Participant_id, is_student) VALUES (33,27,1)
INSERT INTO Conference_day_registration (reservation_id, Participant_id, is_student) VALUES (33,38,1)
INSERT INTO Conference_day_registration (reservation_id, Participant_id, is_student) VALUES (33,35,1)
INSERT INTO Conference_day_registration (reservation_id, Participant_id, is_student) VALUES (33,3,1)
INSERT INTO Conference_day_registration (reservation_id, Participant_id, is_student) VALUES (33,28,1)
INSERT INTO Conference_day_reservations (reservation_id, conference_day_id, clients_id, reservation_date, active, due_price, adult_seats, student_seats) VALUES (34,7,4,'2021-09-14','1','2022-04-29','0','29')
INSERT INTO Payments (reservation_id, in_date, value) VALUES (34,'2021-11-29',209.14)
INSERT INTO Payments (reservation_id, in_date, value) VALUES (34,'2021-10-20',268.0)
INSERT INTO Payments (reservation_id, in_date, value) VALUES (34,'2022-01-08',210.0)
INSERT INTO Conference_day_registration (reservation_id, Participant_id, is_student) VALUES (34,30,1)
INSERT INTO Conference_day_registration (reservation_id, Participant_id, is_student) VALUES (34,6,1)
INSERT INTO Conference_day_registration (reservation_id, Participant_id, is_student) VALUES (34,25,1)
INSERT INTO Conference_day_registration (reservation_id, Participant_id, is_student) VALUES (34,8,1)
INSERT INTO Conference_day_registration (reservation_id, Participant_id, is_student) VALUES (34,29,1)
INSERT INTO Conference_day_registration (reservation_id, Participant_id, is_student) VALUES (34,2,1)
INSERT INTO Conference_day_registration (reservation_id, Participant_id, is_student) VALUES (34,18,1)
INSERT INTO Conference_day_registration (reservation_id, Participant_id, is_student) VALUES (34,11,1)
INSERT INTO Conference_day_registration (reservation_id, Participant_id, is_student) VALUES (34,32,1)
INSERT INTO Conference_day_registration (reservation_id, Participant_id, is_student) VALUES (34,7,1)
INSERT INTO Conference_day_registration (reservation_id, Participant_id, is_student) VALUES (34,10,1)
INSERT INTO Conference_day_registration (reservation_id, Participant_id, is_student) VALUES (34,12,1)
INSERT INTO Conference_day_registration (reservation_id, Participant_id, is_student) VALUES (34,34,1)
INSERT INTO Conference_day_registration (reservation_id, Participant_id, is_student) VALUES (34,17,1)
INSERT INTO Conference_day_registration (reservation_id, Participant_id, is_student) VALUES (34,13,1)
INSERT INTO Conference_day_registration (reservation_id, Participant_id, is_student) VALUES (34,36,1)
INSERT INTO Conference_day_registration (reservation_id, Participant_id, is_student) VALUES (34,14,1)
INSERT INTO Conference_day_registration (reservation_id, Participant_id, is_student) VALUES (34,3,1)
INSERT INTO Conference_day_registration (reservation_id, Participant_id, is_student) VALUES (34,26,1)
INSERT INTO Conference_day_registration (reservation_id, Participant_id, is_student) VALUES (34,5,1)
INSERT INTO Conference_day_registration (reservation_id, Participant_id, is_student) VALUES (34,27,1)
INSERT INTO Conference_day_registration (reservation_id, Participant_id, is_student) VALUES (34,23,1)
INSERT INTO Conference_day_registration (reservation_id, Participant_id, is_student) VALUES (34,31,1)
INSERT INTO Conference_day_registration (reservation_id, Participant_id, is_student) VALUES (34,35,1)
INSERT INTO Conference_day_registration (reservation_id, Participant_id, is_student) VALUES (34,19,1)
INSERT INTO Conference_day_registration (reservation_id, Participant_id, is_student) VALUES (34,1,1)
INSERT INTO Conference_day_registration (reservation_id, Participant_id, is_student) VALUES (34,15,1)
INSERT INTO Conference_day_registration (reservation_id, Participant_id, is_student) VALUES (34,33,1)
INSERT INTO Conference_day_registration (reservation_id, Participant_id, is_student) VALUES (34,21,1)
INSERT INTO Conference_day_reservations (reservation_id, conference_day_id, clients_id, reservation_date, active, due_price, adult_seats, student_seats) VALUES (35,7,3,'2021-10-26','1','2021-11-01','23','6')
INSERT INTO Payments (reservation_id, in_date, value) VALUES (35,'2021-10-28',694.0400000000001)
INSERT INTO Conference_day_registration (reservation_id, Participant_id, is_student) VALUES (35,4,0)
INSERT INTO Conference_day_registration (reservation_id, Participant_id, is_student) VALUES (35,35,0)
INSERT INTO Conference_day_registration (reservation_id, Participant_id, is_student) VALUES (35,37,0)
INSERT INTO Conference_day_registration (reservation_id, Participant_id, is_student) VALUES (35,33,0)
INSERT INTO Conference_day_registration (reservation_id, Participant_id, is_student) VALUES (35,17,0)
INSERT INTO Conference_day_registration (reservation_id, Participant_id, is_student) VALUES (35,2,0)
INSERT INTO Conference_day_registration (reservation_id, Participant_id, is_student) VALUES (35,8,0)
INSERT INTO Conference_day_registration (reservation_id, Participant_id, is_student) VALUES (35,18,0)
INSERT INTO Conference_day_registration (reservation_id, Participant_id, is_student) VALUES (35,24,0)
INSERT INTO Conference_day_registration (reservation_id, Participant_id, is_student) VALUES (35,22,0)
INSERT INTO Conference_day_registration (reservation_id, Participant_id, is_student) VALUES (35,26,0)
INSERT INTO Conference_day_registration (reservation_id, Participant_id, is_student) VALUES (35,27,0)
INSERT INTO Conference_day_registration (reservation_id, Participant_id, is_student) VALUES (35,19,0)
INSERT INTO Conference_day_registration (reservation_id, Participant_id, is_student) VALUES (35,29,0)
INSERT INTO Conference_day_registration (reservation_id, Participant_id, is_student) VALUES (35,32,0)
INSERT INTO Conference_day_registration (reservation_id, Participant_id, is_student) VALUES (35,23,0)
INSERT INTO Conference_day_registration (reservation_id, Participant_id, is_student) VALUES (35,15,0)
INSERT INTO Conference_day_registration (reservation_id, Participant_id, is_student) VALUES (35,21,0)
INSERT INTO Conference_day_registration (reservation_id, Participant_id, is_student) VALUES (35,14,0)
INSERT INTO Conference_day_registration (reservation_id, Participant_id, is_student) VALUES (35,20,0)
INSERT INTO Conference_day_registration (reservation_id, Participant_id, is_student) VALUES (35,34,0)
INSERT INTO Conference_day_registration (reservation_id, Participant_id, is_student) VALUES (35,5,0)
INSERT INTO Conference_day_registration (reservation_id, Participant_id, is_student) VALUES (35,12,0)
INSERT INTO Conference_day_registration (reservation_id, Participant_id, is_student) VALUES (35,38,1)
INSERT INTO Conference_day_registration (reservation_id, Participant_id, is_student) VALUES (35,10,1)
INSERT INTO Conference_day_registration (reservation_id, Participant_id, is_student) VALUES (35,25,1)
INSERT INTO Conference_day_registration (reservation_id, Participant_id, is_student) VALUES (35,3,1)
INSERT INTO Conference_day_registration (reservation_id, Participant_id, is_student) VALUES (35,31,1)
INSERT INTO Conference_day_registration (reservation_id, Participant_id, is_student) VALUES (35,11,1)
INSERT INTO Conference_day_reservations (reservation_id, conference_day_id, clients_id, reservation_date, active, due_price, adult_seats, student_seats) VALUES (36,7,5,'2022-05-18','1','2022-10-22','37','1')
INSERT INTO Payments (reservation_id, in_date, value) VALUES (36,'2022-05-31',430.42)
INSERT INTO Payments (reservation_id, in_date, value) VALUES (36,'2022-07-28',273.0)
INSERT INTO Conference_day_registration (reservation_id, Participant_id, is_student) VALUES (36,12,0)
INSERT INTO Conference_day_registration (reservation_id, Participant_id, is_student) VALUES (36,36,0)
INSERT INTO Conference_day_registration (reservation_id, Participant_id, is_student) VALUES (36,17,0)
INSERT INTO Conference_day_registration (reservation_id, Participant_id, is_student) VALUES (36,29,0)
INSERT INTO Conference_day_registration (reservation_id, Participant_id, is_student) VALUES (36,23,0)
INSERT INTO Conference_day_registration (reservation_id, Participant_id, is_student) VALUES (36,1,0)
INSERT INTO Conference_day_registration (reservation_id, Participant_id, is_student) VALUES (36,26,0)
INSERT INTO Conference_day_registration (reservation_id, Participant_id, is_student) VALUES (36,15,0)
INSERT INTO Conference_day_registration (reservation_id, Participant_id, is_student) VALUES (36,31,0)
INSERT INTO Conference_day_registration (reservation_id, Participant_id, is_student) VALUES (36,18,0)
INSERT INTO Conference_day_registration (reservation_id, Participant_id, is_student) VALUES (36,30,0)
INSERT INTO Conference_day_registration (reservation_id, Participant_id, is_student) VALUES (36,14,0)
INSERT INTO Conference_day_registration (reservation_id, Participant_id, is_student) VALUES (36,22,0)
INSERT INTO Conference_day_registration (reservation_id, Participant_id, is_student) VALUES (36,32,0)
INSERT INTO Conference_day_registration (reservation_id, Participant_id, is_student) VALUES (36,7,0)
INSERT INTO Conference_day_registration (reservation_id, Participant_id, is_student) VALUES (36,34,0)
INSERT INTO Conference_day_registration (reservation_id, Participant_id, is_student) VALUES (36,37,0)
INSERT INTO Conference_day_registration (reservation_id, Participant_id, is_student) VALUES (36,24,0)
INSERT INTO Conference_day_registration (reservation_id, Participant_id, is_student) VALUES (36,9,0)
INSERT INTO Conference_day_registration (reservation_id, Participant_id, is_student) VALUES (36,2,0)
INSERT INTO Conference_day_registration (reservation_id, Participant_id, is_student) VALUES (36,33,0)
INSERT INTO Conference_day_registration (reservation_id, Participant_id, is_student) VALUES (36,6,0)
INSERT INTO Conference_day_registration (reservation_id, Participant_id, is_student) VALUES (36,10,0)
INSERT INTO Conference_day_registration (reservation_id, Participant_id, is_student) VALUES (36,20,0)
INSERT INTO Conference_day_registration (reservation_id, Participant_id, is_student) VALUES (36,3,0)
INSERT INTO Conference_day_registration (reservation_id, Participant_id, is_student) VALUES (36,35,0)
INSERT INTO Conference_day_registration (reservation_id, Participant_id, is_student) VALUES (36,21,0)
INSERT INTO Conference_day_registration (reservation_id, Participant_id, is_student) VALUES (36,19,0)
INSERT INTO Conference_day_registration (reservation_id, Participant_id, is_student) VALUES (36,8,0)
INSERT INTO Conference_day_registration (reservation_id, Participant_id, is_student) VALUES (36,16,0)
INSERT INTO Conference_day_registration (reservation_id, Participant_id, is_student) VALUES (36,25,0)
INSERT INTO Conference_day_registration (reservation_id, Participant_id, is_student) VALUES (36,28,0)
INSERT INTO Conference_day_registration (reservation_id, Participant_id, is_student) VALUES (36,11,0)
INSERT INTO Conference_day_registration (reservation_id, Participant_id, is_student) VALUES (36,4,0)
INSERT INTO Conference_day_registration (reservation_id, Participant_id, is_student) VALUES (36,13,0)
INSERT INTO Conference_day_registration (reservation_id, Participant_id, is_student) VALUES (36,38,0)
INSERT INTO Conference_day_registration (reservation_id, Participant_id, is_student) VALUES (36,5,0)
INSERT INTO Conference_day_registration (reservation_id, Participant_id, is_student) VALUES (36,27,1)
INSERT INTO Conference_day_reservations (reservation_id, conference_day_id, clients_id, reservation_date, active, due_price, adult_seats, student_seats) VALUES (37,7,5,'2021-07-13','1','2022-09-08','30','8')
INSERT INTO Payments (reservation_id, in_date, value) VALUES (37,'2021-11-23',236.19)
INSERT INTO Payments (reservation_id, in_date, value) VALUES (37,'2022-07-24',334.0)
INSERT INTO Payments (reservation_id, in_date, value) VALUES (37,'2022-05-30',130.0)
INSERT INTO Conference_day_registration (reservation_id, Participant_id, is_student) VALUES (37,7,0)
INSERT INTO Conference_day_registration (reservation_id, Participant_id, is_student) VALUES (37,4,0)
INSERT INTO Conference_day_registration (reservation_id, Participant_id, is_student) VALUES (37,19,0)
INSERT INTO Conference_day_registration (reservation_id, Participant_id, is_student) VALUES (37,9,0)
INSERT INTO Conference_day_registration (reservation_id, Participant_id, is_student) VALUES (37,14,0)
INSERT INTO Conference_day_registration (reservation_id, Participant_id, is_student) VALUES (37,29,0)
INSERT INTO Conference_day_registration (reservation_id, Participant_id, is_student) VALUES (37,5,0)
INSERT INTO Conference_day_registration (reservation_id, Participant_id, is_student) VALUES (37,21,0)
INSERT INTO Conference_day_registration (reservation_id, Participant_id, is_student) VALUES (37,13,0)
INSERT INTO Conference_day_registration (reservation_id, Participant_id, is_student) VALUES (37,2,0)
INSERT INTO Conference_day_registration (reservation_id, Participant_id, is_student) VALUES (37,15,0)
INSERT INTO Conference_day_registration (reservation_id, Participant_id, is_student) VALUES (37,6,0)
INSERT INTO Conference_day_registration (reservation_id, Participant_id, is_student) VALUES (37,20,0)
INSERT INTO Conference_day_registration (reservation_id, Participant_id, is_student) VALUES (37,28,0)
INSERT INTO Conference_day_registration (reservation_id, Participant_id, is_student) VALUES (37,26,0)
INSERT INTO Conference_day_registration (reservation_id, Participant_id, is_student) VALUES (37,30,0)
INSERT INTO Conference_day_registration (reservation_id, Participant_id, is_student) VALUES (37,16,0)
INSERT INTO Conference_day_registration (reservation_id, Participant_id, is_student) VALUES (37,31,0)
INSERT INTO Conference_day_registration (reservation_id, Participant_id, is_student) VALUES (37,1,0)
INSERT INTO Conference_day_registration (reservation_id, Participant_id, is_student) VALUES (37,33,0)
INSERT INTO Conference_day_registration (reservation_id, Participant_id, is_student) VALUES (37,22,0)
INSERT INTO Conference_day_registration (reservation_id, Participant_id, is_student) VALUES (37,37,0)
INSERT INTO Conference_day_registration (reservation_id, Participant_id, is_student) VALUES (37,11,0)
INSERT INTO Conference_day_registration (reservation_id, Participant_id, is_student) VALUES (37,24,0)
INSERT INTO Conference_day_registration (reservation_id, Participant_id, is_student) VALUES (37,27,0)
INSERT INTO Conference_day_registration (reservation_id, Participant_id, is_student) VALUES (37,17,0)
INSERT INTO Conference_day_registration (reservation_id, Participant_id, is_student) VALUES (37,3,0)
INSERT INTO Conference_day_registration (reservation_id, Participant_id, is_student) VALUES (37,35,0)
INSERT INTO Conference_day_registration (reservation_id, Participant_id, is_student) VALUES (37,34,0)
INSERT INTO Conference_day_registration (reservation_id, Participant_id, is_student) VALUES (37,25,0)
INSERT INTO Conference_day_registration (reservation_id, Participant_id, is_student) VALUES (37,38,1)
INSERT INTO Conference_day_registration (reservation_id, Participant_id, is_student) VALUES (37,10,1)
INSERT INTO Conference_day_registration (reservation_id, Participant_id, is_student) VALUES (37,23,1)
INSERT INTO Conference_day_registration (reservation_id, Participant_id, is_student) VALUES (37,18,1)
INSERT INTO Conference_day_registration (reservation_id, Participant_id, is_student) VALUES (37,12,1)
INSERT INTO Conference_day_registration (reservation_id, Participant_id, is_student) VALUES (37,32,1)
INSERT INTO Conference_day_registration (reservation_id, Participant_id, is_student) VALUES (37,8,1)
INSERT INTO Conference_day_registration (reservation_id, Participant_id, is_student) VALUES (37,36,1)
INSERT INTO Conference_day_reservations (reservation_id, conference_day_id, clients_id, reservation_date, active, due_price, adult_seats, student_seats) VALUES (38,7,8,'2020-10-26','0','2022-10-15','3','5')
INSERT INTO Payments (reservation_id, in_date, value) VALUES (38,'2021-04-27',259.59)
INSERT INTO Payments (reservation_id, in_date, value) VALUES (38,'2022-10-14',419.0)
INSERT INTO Conference_day_registration (reservation_id, Participant_id, is_student) VALUES (38,19,0)
INSERT INTO Conference_day_registration (reservation_id, Participant_id, is_student) VALUES (38,13,0)
INSERT INTO Conference_day_registration (reservation_id, Participant_id, is_student) VALUES (38,6,0)
INSERT INTO Conference_day_registration (reservation_id, Participant_id, is_student) VALUES (38,1,1)
INSERT INTO Conference_day_registration (reservation_id, Participant_id, is_student) VALUES (38,15,1)
INSERT INTO Conference_day_registration (reservation_id, Participant_id, is_student) VALUES (38,21,1)
INSERT INTO Conference_day_registration (reservation_id, Participant_id, is_student) VALUES (38,38,1)
INSERT INTO Conference_day_registration (reservation_id, Participant_id, is_student) VALUES (38,12,1)
INSERT INTO Conference_day_reservations (reservation_id, conference_day_id, clients_id, reservation_date, active, due_price, adult_seats, student_seats) VALUES (39,7,6,'2021-02-17','1','2021-11-19','35','3')
INSERT INTO Payments (reservation_id, in_date, value) VALUES (39,'2021-03-23',32.69)
INSERT INTO Payments (reservation_id, in_date, value) VALUES (39,'2021-08-01',136.0)
INSERT INTO Payments (reservation_id, in_date, value) VALUES (39,'2021-09-07',248.0)
INSERT INTO Payments (reservation_id, in_date, value) VALUES (39,'2021-03-07',45.0)
INSERT INTO Payments (reservation_id, in_date, value) VALUES (39,'2021-06-09',240.0)
INSERT INTO Conference_day_registration (reservation_id, Participant_id, is_student) VALUES (39,16,0)
INSERT INTO Conference_day_registration (reservation_id, Participant_id, is_student) VALUES (39,30,0)
INSERT INTO Conference_day_registration (reservation_id, Participant_id, is_student) VALUES (39,2,0)
INSERT INTO Conference_day_registration (reservation_id, Participant_id, is_student) VALUES (39,38,0)
INSERT INTO Conference_day_registration (reservation_id, Participant_id, is_student) VALUES (39,13,0)
INSERT INTO Conference_day_registration (reservation_id, Participant_id, is_student) VALUES (39,34,0)
INSERT INTO Conference_day_registration (reservation_id, Participant_id, is_student) VALUES (39,25,0)
INSERT INTO Conference_day_registration (reservation_id, Participant_id, is_student) VALUES (39,21,0)
INSERT INTO Conference_day_registration (reservation_id, Participant_id, is_student) VALUES (39,1,0)
INSERT INTO Conference_day_registration (reservation_id, Participant_id, is_student) VALUES (39,7,0)
INSERT INTO Conference_day_registration (reservation_id, Participant_id, is_student) VALUES (39,9,0)
INSERT INTO Conference_day_registration (reservation_id, Participant_id, is_student) VALUES (39,27,0)
INSERT INTO Conference_day_registration (reservation_id, Participant_id, is_student) VALUES (39,12,0)
INSERT INTO Conference_day_registration (reservation_id, Participant_id, is_student) VALUES (39,29,0)
INSERT INTO Conference_day_registration (reservation_id, Participant_id, is_student) VALUES (39,26,0)
INSERT INTO Conference_day_registration (reservation_id, Participant_id, is_student) VALUES (39,14,0)
INSERT INTO Conference_day_registration (reservation_id, Participant_id, is_student) VALUES (39,8,0)
INSERT INTO Conference_day_registration (reservation_id, Participant_id, is_student) VALUES (39,32,0)
INSERT INTO Conference_day_registration (reservation_id, Participant_id, is_student) VALUES (39,10,0)
INSERT INTO Conference_day_registration (reservation_id, Participant_id, is_student) VALUES (39,37,0)
INSERT INTO Conference_day_registration (reservation_id, Participant_id, is_student) VALUES (39,23,0)
INSERT INTO Conference_day_registration (reservation_id, Participant_id, is_student) VALUES (39,4,0)
INSERT INTO Conference_day_registration (reservation_id, Participant_id, is_student) VALUES (39,6,0)
INSERT INTO Conference_day_registration (reservation_id, Participant_id, is_student) VALUES (39,3,0)
INSERT INTO Conference_day_registration (reservation_id, Participant_id, is_student) VALUES (39,24,0)
INSERT INTO Conference_day_registration (reservation_id, Participant_id, is_student) VALUES (39,22,0)
INSERT INTO Conference_day_registration (reservation_id, Participant_id, is_student) VALUES (39,15,0)
INSERT INTO Conference_day_registration (reservation_id, Participant_id, is_student) VALUES (39,36,0)
INSERT INTO Conference_day_registration (reservation_id, Participant_id, is_student) VALUES (39,19,0)
INSERT INTO Conference_day_registration (reservation_id, Participant_id, is_student) VALUES (39,5,0)
INSERT INTO Conference_day_registration (reservation_id, Participant_id, is_student) VALUES (39,17,0)
INSERT INTO Conference_day_registration (reservation_id, Participant_id, is_student) VALUES (39,28,0)
INSERT INTO Conference_day_registration (reservation_id, Participant_id, is_student) VALUES (39,20,0)
INSERT INTO Conference_day_registration (reservation_id, Participant_id, is_student) VALUES (39,11,0)
INSERT INTO Conference_day_registration (reservation_id, Participant_id, is_student) VALUES (39,18,0)
INSERT INTO Conference_day_registration (reservation_id, Participant_id, is_student) VALUES (39,33,1)
INSERT INTO Conference_day_registration (reservation_id, Participant_id, is_student) VALUES (39,35,1)
INSERT INTO Conference_day_registration (reservation_id, Participant_id, is_student) VALUES (39,31,1)
SET IDENTITY_INSERT  Conference_day_reservations OFF
SET IDENTITY_INSERT Conference_days ON
INSERT INTO Conference_days (conference_day_id, conference_id, date, standard_price, student_discount) VALUES (8,3,'2022-11-02',515.94,0.11)
INSERT INTO Early_signup_discounts (conference_day_id, end_date, discount) VALUES (8,'2022-08-03','0.02')
INSERT INTO Early_signup_discounts (conference_day_id, end_date, discount) VALUES (8,'2019-07-12','0.09')
INSERT INTO Early_signup_discounts (conference_day_id, end_date, discount) VALUES (8,'2021-07-06','0.19')
INSERT INTO Early_signup_discounts (conference_day_id, end_date, discount) VALUES (8,'2019-10-25','0.36')
INSERT INTO Early_signup_discounts (conference_day_id, end_date, discount) VALUES (8,'2018-06-22','0.38')
INSERT INTO Early_signup_discounts (conference_day_id, end_date, discount) VALUES (8,'2019-10-19','0.42')
SET IDENTITY_INSERT Conference_days OFF
SET IDENTITY_INSERT  Workshops ON
INSERT INTO Workshops (workshop_id, conference_day_id, start_time, end_time, topic, price, number_of_seats) VALUES (26,8,'2022-11-02 07:00:00','2022-11-02 18:53:00','drive extensible technologies','466.65','82')
SET IDENTITY_INSERT  Workshops OFF
SET IDENTITY_INSERT  Workshop_reservations ON
INSERT INTO Workshop_reservations (reservation_id, workshop_id, reservation_date, due_price, nr_of_seats) VALUES (108,26,2020-10-19,'2021-04-20',9)
INSERT INTO Workshop_registration (reservation_id, Participant_id) VALUES (108,35)
INSERT INTO Workshop_registration (reservation_id, Participant_id) VALUES (108,14)
INSERT INTO Workshop_registration (reservation_id, Participant_id) VALUES (108,33)
INSERT INTO Workshop_registration (reservation_id, Participant_id) VALUES (108,19)
INSERT INTO Workshop_registration (reservation_id, Participant_id) VALUES (108,13)
INSERT INTO Workshop_registration (reservation_id, Participant_id) VALUES (108,31)
INSERT INTO Workshop_registration (reservation_id, Participant_id) VALUES (108,3)
INSERT INTO Workshop_registration (reservation_id, Participant_id) VALUES (108,20)
INSERT INTO Workshop_registration (reservation_id, Participant_id) VALUES (108,11)
INSERT INTO Workshop_reservations (reservation_id, workshop_id, reservation_date, due_price, nr_of_seats) VALUES (109,26,2022-08-22,'2022-10-02',8)
INSERT INTO Workshop_registration (reservation_id, Participant_id) VALUES (109,27)
INSERT INTO Workshop_registration (reservation_id, Participant_id) VALUES (109,23)
INSERT INTO Workshop_registration (reservation_id, Participant_id) VALUES (109,2)
INSERT INTO Workshop_registration (reservation_id, Participant_id) VALUES (109,33)
INSERT INTO Workshop_registration (reservation_id, Participant_id) VALUES (109,36)
INSERT INTO Workshop_registration (reservation_id, Participant_id) VALUES (109,38)
INSERT INTO Workshop_registration (reservation_id, Participant_id) VALUES (109,17)
INSERT INTO Workshop_registration (reservation_id, Participant_id) VALUES (109,25)
INSERT INTO Workshop_reservations (reservation_id, workshop_id, reservation_date, due_price, nr_of_seats) VALUES (110,26,2020-08-16,'2022-05-30',10)
INSERT INTO Workshop_registration (reservation_id, Participant_id) VALUES (110,26)
INSERT INTO Workshop_registration (reservation_id, Participant_id) VALUES (110,11)
INSERT INTO Workshop_registration (reservation_id, Participant_id) VALUES (110,2)
INSERT INTO Workshop_registration (reservation_id, Participant_id) VALUES (110,10)
INSERT INTO Workshop_registration (reservation_id, Participant_id) VALUES (110,25)
INSERT INTO Workshop_registration (reservation_id, Participant_id) VALUES (110,38)
INSERT INTO Workshop_registration (reservation_id, Participant_id) VALUES (110,30)
INSERT INTO Workshop_registration (reservation_id, Participant_id) VALUES (110,14)
INSERT INTO Workshop_registration (reservation_id, Participant_id) VALUES (110,35)
INSERT INTO Workshop_registration (reservation_id, Participant_id) VALUES (110,28)
INSERT INTO Workshop_reservations (reservation_id, workshop_id, reservation_date, due_price, nr_of_seats) VALUES (111,26,2020-09-29,'2020-12-23',38)
INSERT INTO Workshop_registration (reservation_id, Participant_id) VALUES (111,15)
INSERT INTO Workshop_registration (reservation_id, Participant_id) VALUES (111,8)
INSERT INTO Workshop_registration (reservation_id, Participant_id) VALUES (111,32)
INSERT INTO Workshop_registration (reservation_id, Participant_id) VALUES (111,22)
INSERT INTO Workshop_registration (reservation_id, Participant_id) VALUES (111,7)
INSERT INTO Workshop_registration (reservation_id, Participant_id) VALUES (111,2)
INSERT INTO Workshop_registration (reservation_id, Participant_id) VALUES (111,19)
INSERT INTO Workshop_registration (reservation_id, Participant_id) VALUES (111,36)
INSERT INTO Workshop_registration (reservation_id, Participant_id) VALUES (111,26)
INSERT INTO Workshop_registration (reservation_id, Participant_id) VALUES (111,4)
INSERT INTO Workshop_registration (reservation_id, Participant_id) VALUES (111,34)
INSERT INTO Workshop_registration (reservation_id, Participant_id) VALUES (111,18)
INSERT INTO Workshop_registration (reservation_id, Participant_id) VALUES (111,9)
INSERT INTO Workshop_registration (reservation_id, Participant_id) VALUES (111,38)
INSERT INTO Workshop_registration (reservation_id, Participant_id) VALUES (111,24)
INSERT INTO Workshop_registration (reservation_id, Participant_id) VALUES (111,23)
INSERT INTO Workshop_registration (reservation_id, Participant_id) VALUES (111,5)
INSERT INTO Workshop_registration (reservation_id, Participant_id) VALUES (111,16)
INSERT INTO Workshop_registration (reservation_id, Participant_id) VALUES (111,13)
INSERT INTO Workshop_registration (reservation_id, Participant_id) VALUES (111,10)
INSERT INTO Workshop_registration (reservation_id, Participant_id) VALUES (111,37)
INSERT INTO Workshop_registration (reservation_id, Participant_id) VALUES (111,31)
INSERT INTO Workshop_registration (reservation_id, Participant_id) VALUES (111,28)
INSERT INTO Workshop_registration (reservation_id, Participant_id) VALUES (111,17)
INSERT INTO Workshop_registration (reservation_id, Participant_id) VALUES (111,30)
INSERT INTO Workshop_registration (reservation_id, Participant_id) VALUES (111,25)
INSERT INTO Workshop_registration (reservation_id, Participant_id) VALUES (111,35)
INSERT INTO Workshop_registration (reservation_id, Participant_id) VALUES (111,33)
INSERT INTO Workshop_registration (reservation_id, Participant_id) VALUES (111,11)
INSERT INTO Workshop_registration (reservation_id, Participant_id) VALUES (111,6)
INSERT INTO Workshop_registration (reservation_id, Participant_id) VALUES (111,29)
INSERT INTO Workshop_registration (reservation_id, Participant_id) VALUES (111,14)
INSERT INTO Workshop_registration (reservation_id, Participant_id) VALUES (111,12)
INSERT INTO Workshop_registration (reservation_id, Participant_id) VALUES (111,20)
INSERT INTO Workshop_registration (reservation_id, Participant_id) VALUES (111,27)
INSERT INTO Workshop_registration (reservation_id, Participant_id) VALUES (111,21)
INSERT INTO Workshop_registration (reservation_id, Participant_id) VALUES (111,3)
INSERT INTO Workshop_registration (reservation_id, Participant_id) VALUES (111,1)
INSERT INTO Workshop_reservations (reservation_id, workshop_id, reservation_date, due_price, nr_of_seats) VALUES (112,26,2022-02-20,'2022-03-24',22)
INSERT INTO Workshop_registration (reservation_id, Participant_id) VALUES (112,5)
INSERT INTO Workshop_registration (reservation_id, Participant_id) VALUES (112,30)
INSERT INTO Workshop_registration (reservation_id, Participant_id) VALUES (112,6)
INSERT INTO Workshop_registration (reservation_id, Participant_id) VALUES (112,17)
INSERT INTO Workshop_registration (reservation_id, Participant_id) VALUES (112,33)
INSERT INTO Workshop_registration (reservation_id, Participant_id) VALUES (112,27)
INSERT INTO Workshop_registration (reservation_id, Participant_id) VALUES (112,13)
INSERT INTO Workshop_registration (reservation_id, Participant_id) VALUES (112,35)
INSERT INTO Workshop_registration (reservation_id, Participant_id) VALUES (112,28)
INSERT INTO Workshop_registration (reservation_id, Participant_id) VALUES (112,20)
INSERT INTO Workshop_registration (reservation_id, Participant_id) VALUES (112,9)
INSERT INTO Workshop_registration (reservation_id, Participant_id) VALUES (112,3)
INSERT INTO Workshop_registration (reservation_id, Participant_id) VALUES (112,15)
INSERT INTO Workshop_registration (reservation_id, Participant_id) VALUES (112,12)
INSERT INTO Workshop_registration (reservation_id, Participant_id) VALUES (112,22)
INSERT INTO Workshop_registration (reservation_id, Participant_id) VALUES (112,1)
INSERT INTO Workshop_registration (reservation_id, Participant_id) VALUES (112,18)
INSERT INTO Workshop_registration (reservation_id, Participant_id) VALUES (112,16)
INSERT INTO Workshop_registration (reservation_id, Participant_id) VALUES (112,29)
INSERT INTO Workshop_registration (reservation_id, Participant_id) VALUES (112,2)
INSERT INTO Workshop_registration (reservation_id, Participant_id) VALUES (112,4)
INSERT INTO Workshop_registration (reservation_id, Participant_id) VALUES (112,36)
INSERT INTO Workshop_reservations (reservation_id, workshop_id, reservation_date, due_price, nr_of_seats) VALUES (113,26,2020-11-04,'2021-11-05',31)
INSERT INTO Workshop_registration (reservation_id, Participant_id) VALUES (113,16)
INSERT INTO Workshop_registration (reservation_id, Participant_id) VALUES (113,10)
INSERT INTO Workshop_registration (reservation_id, Participant_id) VALUES (113,7)
INSERT INTO Workshop_registration (reservation_id, Participant_id) VALUES (113,11)
INSERT INTO Workshop_registration (reservation_id, Participant_id) VALUES (113,3)
INSERT INTO Workshop_registration (reservation_id, Participant_id) VALUES (113,36)
INSERT INTO Workshop_registration (reservation_id, Participant_id) VALUES (113,34)
INSERT INTO Workshop_registration (reservation_id, Participant_id) VALUES (113,27)
INSERT INTO Workshop_registration (reservation_id, Participant_id) VALUES (113,12)
INSERT INTO Workshop_registration (reservation_id, Participant_id) VALUES (113,29)
INSERT INTO Workshop_registration (reservation_id, Participant_id) VALUES (113,37)
INSERT INTO Workshop_registration (reservation_id, Participant_id) VALUES (113,23)
INSERT INTO Workshop_registration (reservation_id, Participant_id) VALUES (113,14)
INSERT INTO Workshop_registration (reservation_id, Participant_id) VALUES (113,22)
INSERT INTO Workshop_registration (reservation_id, Participant_id) VALUES (113,19)
INSERT INTO Workshop_registration (reservation_id, Participant_id) VALUES (113,15)
INSERT INTO Workshop_registration (reservation_id, Participant_id) VALUES (113,33)
INSERT INTO Workshop_registration (reservation_id, Participant_id) VALUES (113,30)
INSERT INTO Workshop_registration (reservation_id, Participant_id) VALUES (113,8)
INSERT INTO Workshop_registration (reservation_id, Participant_id) VALUES (113,35)
INSERT INTO Workshop_registration (reservation_id, Participant_id) VALUES (113,2)
INSERT INTO Workshop_registration (reservation_id, Participant_id) VALUES (113,31)
INSERT INTO Workshop_registration (reservation_id, Participant_id) VALUES (113,5)
INSERT INTO Workshop_registration (reservation_id, Participant_id) VALUES (113,20)
INSERT INTO Workshop_registration (reservation_id, Participant_id) VALUES (113,26)
INSERT INTO Workshop_registration (reservation_id, Participant_id) VALUES (113,1)
INSERT INTO Workshop_registration (reservation_id, Participant_id) VALUES (113,32)
INSERT INTO Workshop_registration (reservation_id, Participant_id) VALUES (113,6)
INSERT INTO Workshop_registration (reservation_id, Participant_id) VALUES (113,24)
INSERT INTO Workshop_registration (reservation_id, Participant_id) VALUES (113,9)
INSERT INTO Workshop_registration (reservation_id, Participant_id) VALUES (113,18)
INSERT INTO Workshop_reservations (reservation_id, workshop_id, reservation_date, due_price, nr_of_seats) VALUES (114,26,2021-09-15,'2022-09-17',16)
INSERT INTO Workshop_registration (reservation_id, Participant_id) VALUES (114,8)
INSERT INTO Workshop_registration (reservation_id, Participant_id) VALUES (114,18)
INSERT INTO Workshop_registration (reservation_id, Participant_id) VALUES (114,25)
INSERT INTO Workshop_registration (reservation_id, Participant_id) VALUES (114,6)
INSERT INTO Workshop_registration (reservation_id, Participant_id) VALUES (114,36)
INSERT INTO Workshop_registration (reservation_id, Participant_id) VALUES (114,33)
INSERT INTO Workshop_registration (reservation_id, Participant_id) VALUES (114,24)
INSERT INTO Workshop_registration (reservation_id, Participant_id) VALUES (114,21)
INSERT INTO Workshop_registration (reservation_id, Participant_id) VALUES (114,38)
INSERT INTO Workshop_registration (reservation_id, Participant_id) VALUES (114,7)
INSERT INTO Workshop_registration (reservation_id, Participant_id) VALUES (114,27)
INSERT INTO Workshop_registration (reservation_id, Participant_id) VALUES (114,14)
INSERT INTO Workshop_registration (reservation_id, Participant_id) VALUES (114,16)
INSERT INTO Workshop_registration (reservation_id, Participant_id) VALUES (114,32)
INSERT INTO Workshop_registration (reservation_id, Participant_id) VALUES (114,5)
INSERT INTO Workshop_registration (reservation_id, Participant_id) VALUES (114,34)
INSERT INTO Workshop_reservations (reservation_id, workshop_id, reservation_date, due_price, nr_of_seats) VALUES (115,26,2021-12-03,'2022-06-02',26)
INSERT INTO Workshop_registration (reservation_id, Participant_id) VALUES (115,23)
INSERT INTO Workshop_registration (reservation_id, Participant_id) VALUES (115,16)
INSERT INTO Workshop_registration (reservation_id, Participant_id) VALUES (115,25)
INSERT INTO Workshop_registration (reservation_id, Participant_id) VALUES (115,29)
INSERT INTO Workshop_registration (reservation_id, Participant_id) VALUES (115,5)
INSERT INTO Workshop_registration (reservation_id, Participant_id) VALUES (115,15)
INSERT INTO Workshop_registration (reservation_id, Participant_id) VALUES (115,12)
INSERT INTO Workshop_registration (reservation_id, Participant_id) VALUES (115,13)
INSERT INTO Workshop_registration (reservation_id, Participant_id) VALUES (115,8)
INSERT INTO Workshop_registration (reservation_id, Participant_id) VALUES (115,2)
INSERT INTO Workshop_registration (reservation_id, Participant_id) VALUES (115,20)
INSERT INTO Workshop_registration (reservation_id, Participant_id) VALUES (115,7)
INSERT INTO Workshop_registration (reservation_id, Participant_id) VALUES (115,6)
INSERT INTO Workshop_registration (reservation_id, Participant_id) VALUES (115,31)
INSERT INTO Workshop_registration (reservation_id, Participant_id) VALUES (115,37)
INSERT INTO Workshop_registration (reservation_id, Participant_id) VALUES (115,18)
INSERT INTO Workshop_registration (reservation_id, Participant_id) VALUES (115,22)
INSERT INTO Workshop_registration (reservation_id, Participant_id) VALUES (115,33)
INSERT INTO Workshop_registration (reservation_id, Participant_id) VALUES (115,27)
INSERT INTO Workshop_registration (reservation_id, Participant_id) VALUES (115,36)
INSERT INTO Workshop_registration (reservation_id, Participant_id) VALUES (115,1)
INSERT INTO Workshop_registration (reservation_id, Participant_id) VALUES (115,34)
INSERT INTO Workshop_registration (reservation_id, Participant_id) VALUES (115,19)
INSERT INTO Workshop_registration (reservation_id, Participant_id) VALUES (115,3)
INSERT INTO Workshop_registration (reservation_id, Participant_id) VALUES (115,24)
INSERT INTO Workshop_registration (reservation_id, Participant_id) VALUES (115,26)
INSERT INTO Workshop_reservations (reservation_id, workshop_id, reservation_date, due_price, nr_of_seats) VALUES (116,26,2020-07-28,'2021-08-12',25)
INSERT INTO Workshop_registration (reservation_id, Participant_id) VALUES (116,16)
INSERT INTO Workshop_registration (reservation_id, Participant_id) VALUES (116,6)
INSERT INTO Workshop_registration (reservation_id, Participant_id) VALUES (116,30)
INSERT INTO Workshop_registration (reservation_id, Participant_id) VALUES (116,1)
INSERT INTO Workshop_registration (reservation_id, Participant_id) VALUES (116,31)
INSERT INTO Workshop_registration (reservation_id, Participant_id) VALUES (116,14)
INSERT INTO Workshop_registration (reservation_id, Participant_id) VALUES (116,35)
INSERT INTO Workshop_registration (reservation_id, Participant_id) VALUES (116,10)
INSERT INTO Workshop_registration (reservation_id, Participant_id) VALUES (116,28)
INSERT INTO Workshop_registration (reservation_id, Participant_id) VALUES (116,21)
INSERT INTO Workshop_registration (reservation_id, Participant_id) VALUES (116,38)
INSERT INTO Workshop_registration (reservation_id, Participant_id) VALUES (116,33)
INSERT INTO Workshop_registration (reservation_id, Participant_id) VALUES (116,25)
INSERT INTO Workshop_registration (reservation_id, Participant_id) VALUES (116,17)
INSERT INTO Workshop_registration (reservation_id, Participant_id) VALUES (116,13)
INSERT INTO Workshop_registration (reservation_id, Participant_id) VALUES (116,2)
INSERT INTO Workshop_registration (reservation_id, Participant_id) VALUES (116,19)
INSERT INTO Workshop_registration (reservation_id, Participant_id) VALUES (116,4)
INSERT INTO Workshop_registration (reservation_id, Participant_id) VALUES (116,7)
INSERT INTO Workshop_registration (reservation_id, Participant_id) VALUES (116,36)
INSERT INTO Workshop_registration (reservation_id, Participant_id) VALUES (116,8)
INSERT INTO Workshop_registration (reservation_id, Participant_id) VALUES (116,24)
INSERT INTO Workshop_registration (reservation_id, Participant_id) VALUES (116,27)
INSERT INTO Workshop_registration (reservation_id, Participant_id) VALUES (116,22)
INSERT INTO Workshop_registration (reservation_id, Participant_id) VALUES (116,5)
INSERT INTO Workshop_reservations (reservation_id, workshop_id, reservation_date, due_price, nr_of_seats) VALUES (117,26,2020-12-06,'2022-02-20',10)
INSERT INTO Workshop_registration (reservation_id, Participant_id) VALUES (117,22)
INSERT INTO Workshop_registration (reservation_id, Participant_id) VALUES (117,38)
INSERT INTO Workshop_registration (reservation_id, Participant_id) VALUES (117,1)
INSERT INTO Workshop_registration (reservation_id, Participant_id) VALUES (117,29)
INSERT INTO Workshop_registration (reservation_id, Participant_id) VALUES (117,4)
INSERT INTO Workshop_registration (reservation_id, Participant_id) VALUES (117,36)
INSERT INTO Workshop_registration (reservation_id, Participant_id) VALUES (117,18)
INSERT INTO Workshop_registration (reservation_id, Participant_id) VALUES (117,20)
INSERT INTO Workshop_registration (reservation_id, Participant_id) VALUES (117,12)
INSERT INTO Workshop_registration (reservation_id, Participant_id) VALUES (117,6)
SET IDENTITY_INSERT  Workshop_reservations OFF
SET IDENTITY_INSERT  Workshops ON
INSERT INTO Workshops (workshop_id, conference_day_id, start_time, end_time, topic, price, number_of_seats) VALUES (27,8,'2022-11-02 03:16:00','2022-11-02 04:26:00','deploy cross-platform infrastructures','335.9','12')
SET IDENTITY_INSERT  Workshops OFF
SET IDENTITY_INSERT  Workshop_reservations ON
INSERT INTO Workshop_reservations (reservation_id, workshop_id, reservation_date, due_price, nr_of_seats) VALUES (118,27,2021-09-18,'2022-02-04',15)
INSERT INTO Workshop_registration (reservation_id, Participant_id) VALUES (118,19)
INSERT INTO Workshop_registration (reservation_id, Participant_id) VALUES (118,28)
INSERT INTO Workshop_registration (reservation_id, Participant_id) VALUES (118,38)
INSERT INTO Workshop_registration (reservation_id, Participant_id) VALUES (118,29)
INSERT INTO Workshop_registration (reservation_id, Participant_id) VALUES (118,33)
INSERT INTO Workshop_registration (reservation_id, Participant_id) VALUES (118,1)
INSERT INTO Workshop_registration (reservation_id, Participant_id) VALUES (118,18)
INSERT INTO Workshop_registration (reservation_id, Participant_id) VALUES (118,20)
INSERT INTO Workshop_registration (reservation_id, Participant_id) VALUES (118,23)
INSERT INTO Workshop_registration (reservation_id, Participant_id) VALUES (118,8)
INSERT INTO Workshop_registration (reservation_id, Participant_id) VALUES (118,9)
INSERT INTO Workshop_registration (reservation_id, Participant_id) VALUES (118,15)
INSERT INTO Workshop_registration (reservation_id, Participant_id) VALUES (118,35)
INSERT INTO Workshop_registration (reservation_id, Participant_id) VALUES (118,32)
INSERT INTO Workshop_registration (reservation_id, Participant_id) VALUES (118,31)
INSERT INTO Workshop_reservations (reservation_id, workshop_id, reservation_date, due_price, nr_of_seats) VALUES (119,27,2020-06-18,'2020-08-02',34)
INSERT INTO Workshop_registration (reservation_id, Participant_id) VALUES (119,7)
INSERT INTO Workshop_registration (reservation_id, Participant_id) VALUES (119,8)
INSERT INTO Workshop_registration (reservation_id, Participant_id) VALUES (119,23)
INSERT INTO Workshop_registration (reservation_id, Participant_id) VALUES (119,36)
INSERT INTO Workshop_registration (reservation_id, Participant_id) VALUES (119,27)
INSERT INTO Workshop_registration (reservation_id, Participant_id) VALUES (119,19)
INSERT INTO Workshop_registration (reservation_id, Participant_id) VALUES (119,17)
INSERT INTO Workshop_registration (reservation_id, Participant_id) VALUES (119,18)
INSERT INTO Workshop_registration (reservation_id, Participant_id) VALUES (119,9)
INSERT INTO Workshop_registration (reservation_id, Participant_id) VALUES (119,21)
INSERT INTO Workshop_registration (reservation_id, Participant_id) VALUES (119,30)
INSERT INTO Workshop_registration (reservation_id, Participant_id) VALUES (119,38)
INSERT INTO Workshop_registration (reservation_id, Participant_id) VALUES (119,14)
INSERT INTO Workshop_registration (reservation_id, Participant_id) VALUES (119,2)
INSERT INTO Workshop_registration (reservation_id, Participant_id) VALUES (119,5)
INSERT INTO Workshop_registration (reservation_id, Participant_id) VALUES (119,26)
INSERT INTO Workshop_registration (reservation_id, Participant_id) VALUES (119,3)
INSERT INTO Workshop_registration (reservation_id, Participant_id) VALUES (119,25)
INSERT INTO Workshop_registration (reservation_id, Participant_id) VALUES (119,22)
INSERT INTO Workshop_registration (reservation_id, Participant_id) VALUES (119,37)
INSERT INTO Workshop_registration (reservation_id, Participant_id) VALUES (119,12)
INSERT INTO Workshop_registration (reservation_id, Participant_id) VALUES (119,4)
INSERT INTO Workshop_registration (reservation_id, Participant_id) VALUES (119,32)
INSERT INTO Workshop_registration (reservation_id, Participant_id) VALUES (119,11)
INSERT INTO Workshop_registration (reservation_id, Participant_id) VALUES (119,33)
INSERT INTO Workshop_registration (reservation_id, Participant_id) VALUES (119,6)
INSERT INTO Workshop_registration (reservation_id, Participant_id) VALUES (119,13)
INSERT INTO Workshop_registration (reservation_id, Participant_id) VALUES (119,20)
INSERT INTO Workshop_registration (reservation_id, Participant_id) VALUES (119,31)
INSERT INTO Workshop_registration (reservation_id, Participant_id) VALUES (119,24)
INSERT INTO Workshop_registration (reservation_id, Participant_id) VALUES (119,29)
INSERT INTO Workshop_registration (reservation_id, Participant_id) VALUES (119,34)
INSERT INTO Workshop_registration (reservation_id, Participant_id) VALUES (119,28)
INSERT INTO Workshop_registration (reservation_id, Participant_id) VALUES (119,15)
SET IDENTITY_INSERT  Workshop_reservations OFF
SET IDENTITY_INSERT  Workshops ON
INSERT INTO Workshops (workshop_id, conference_day_id, start_time, end_time, topic, price, number_of_seats) VALUES (28,8,'2022-11-02 05:26:00','2022-11-02 23:39:00','disintermediate dynamic e-commerce','23.05','27')
SET IDENTITY_INSERT  Workshops OFF
SET IDENTITY_INSERT  Workshop_reservations ON
INSERT INTO Workshop_reservations (reservation_id, workshop_id, reservation_date, due_price, nr_of_seats) VALUES (120,28,2021-02-01,'2021-07-04',21)
INSERT INTO Workshop_registration (reservation_id, Participant_id) VALUES (120,37)
INSERT INTO Workshop_registration (reservation_id, Participant_id) VALUES (120,5)
INSERT INTO Workshop_registration (reservation_id, Participant_id) VALUES (120,28)
INSERT INTO Workshop_registration (reservation_id, Participant_id) VALUES (120,21)
INSERT INTO Workshop_registration (reservation_id, Participant_id) VALUES (120,27)
INSERT INTO Workshop_registration (reservation_id, Participant_id) VALUES (120,22)
INSERT INTO Workshop_registration (reservation_id, Participant_id) VALUES (120,31)
INSERT INTO Workshop_registration (reservation_id, Participant_id) VALUES (120,32)
INSERT INTO Workshop_registration (reservation_id, Participant_id) VALUES (120,14)
INSERT INTO Workshop_registration (reservation_id, Participant_id) VALUES (120,11)
INSERT INTO Workshop_registration (reservation_id, Participant_id) VALUES (120,30)
INSERT INTO Workshop_registration (reservation_id, Participant_id) VALUES (120,35)
INSERT INTO Workshop_registration (reservation_id, Participant_id) VALUES (120,20)
INSERT INTO Workshop_registration (reservation_id, Participant_id) VALUES (120,33)
INSERT INTO Workshop_registration (reservation_id, Participant_id) VALUES (120,25)
INSERT INTO Workshop_registration (reservation_id, Participant_id) VALUES (120,19)
INSERT INTO Workshop_registration (reservation_id, Participant_id) VALUES (120,17)
INSERT INTO Workshop_registration (reservation_id, Participant_id) VALUES (120,12)
INSERT INTO Workshop_registration (reservation_id, Participant_id) VALUES (120,10)
INSERT INTO Workshop_registration (reservation_id, Participant_id) VALUES (120,13)
INSERT INTO Workshop_registration (reservation_id, Participant_id) VALUES (120,18)
INSERT INTO Workshop_reservations (reservation_id, workshop_id, reservation_date, due_price, nr_of_seats) VALUES (121,28,2020-12-25,'2022-05-08',19)
INSERT INTO Workshop_registration (reservation_id, Participant_id) VALUES (121,28)
INSERT INTO Workshop_registration (reservation_id, Participant_id) VALUES (121,16)
INSERT INTO Workshop_registration (reservation_id, Participant_id) VALUES (121,15)
INSERT INTO Workshop_registration (reservation_id, Participant_id) VALUES (121,3)
INSERT INTO Workshop_registration (reservation_id, Participant_id) VALUES (121,10)
INSERT INTO Workshop_registration (reservation_id, Participant_id) VALUES (121,4)
INSERT INTO Workshop_registration (reservation_id, Participant_id) VALUES (121,38)
INSERT INTO Workshop_registration (reservation_id, Participant_id) VALUES (121,7)
INSERT INTO Workshop_registration (reservation_id, Participant_id) VALUES (121,18)
INSERT INTO Workshop_registration (reservation_id, Participant_id) VALUES (121,37)
INSERT INTO Workshop_registration (reservation_id, Participant_id) VALUES (121,30)
INSERT INTO Workshop_registration (reservation_id, Participant_id) VALUES (121,29)
INSERT INTO Workshop_registration (reservation_id, Participant_id) VALUES (121,6)
INSERT INTO Workshop_registration (reservation_id, Participant_id) VALUES (121,23)
INSERT INTO Workshop_registration (reservation_id, Participant_id) VALUES (121,17)
INSERT INTO Workshop_registration (reservation_id, Participant_id) VALUES (121,13)
INSERT INTO Workshop_registration (reservation_id, Participant_id) VALUES (121,31)
INSERT INTO Workshop_registration (reservation_id, Participant_id) VALUES (121,34)
INSERT INTO Workshop_registration (reservation_id, Participant_id) VALUES (121,32)
INSERT INTO Workshop_reservations (reservation_id, workshop_id, reservation_date, due_price, nr_of_seats) VALUES (122,28,2022-02-21,'2022-02-26',0)
INSERT INTO Workshop_reservations (reservation_id, workshop_id, reservation_date, due_price, nr_of_seats) VALUES (123,28,2021-01-26,'2022-01-22',25)
INSERT INTO Workshop_registration (reservation_id, Participant_id) VALUES (123,13)
INSERT INTO Workshop_registration (reservation_id, Participant_id) VALUES (123,8)
INSERT INTO Workshop_registration (reservation_id, Participant_id) VALUES (123,25)
INSERT INTO Workshop_registration (reservation_id, Participant_id) VALUES (123,1)
INSERT INTO Workshop_registration (reservation_id, Participant_id) VALUES (123,18)
INSERT INTO Workshop_registration (reservation_id, Participant_id) VALUES (123,6)
INSERT INTO Workshop_registration (reservation_id, Participant_id) VALUES (123,38)
INSERT INTO Workshop_registration (reservation_id, Participant_id) VALUES (123,27)
INSERT INTO Workshop_registration (reservation_id, Participant_id) VALUES (123,33)
INSERT INTO Workshop_registration (reservation_id, Participant_id) VALUES (123,12)
INSERT INTO Workshop_registration (reservation_id, Participant_id) VALUES (123,9)
INSERT INTO Workshop_registration (reservation_id, Participant_id) VALUES (123,36)
INSERT INTO Workshop_registration (reservation_id, Participant_id) VALUES (123,3)
INSERT INTO Workshop_registration (reservation_id, Participant_id) VALUES (123,20)
INSERT INTO Workshop_registration (reservation_id, Participant_id) VALUES (123,17)
INSERT INTO Workshop_registration (reservation_id, Participant_id) VALUES (123,22)
INSERT INTO Workshop_registration (reservation_id, Participant_id) VALUES (123,16)
INSERT INTO Workshop_registration (reservation_id, Participant_id) VALUES (123,10)
INSERT INTO Workshop_registration (reservation_id, Participant_id) VALUES (123,34)
INSERT INTO Workshop_registration (reservation_id, Participant_id) VALUES (123,35)
INSERT INTO Workshop_registration (reservation_id, Participant_id) VALUES (123,4)
INSERT INTO Workshop_registration (reservation_id, Participant_id) VALUES (123,29)
INSERT INTO Workshop_registration (reservation_id, Participant_id) VALUES (123,26)
INSERT INTO Workshop_registration (reservation_id, Participant_id) VALUES (123,19)
INSERT INTO Workshop_registration (reservation_id, Participant_id) VALUES (123,32)
INSERT INTO Workshop_reservations (reservation_id, workshop_id, reservation_date, due_price, nr_of_seats) VALUES (124,28,2021-04-06,'2021-08-24',25)
INSERT INTO Workshop_registration (reservation_id, Participant_id) VALUES (124,36)
INSERT INTO Workshop_registration (reservation_id, Participant_id) VALUES (124,29)
INSERT INTO Workshop_registration (reservation_id, Participant_id) VALUES (124,6)
INSERT INTO Workshop_registration (reservation_id, Participant_id) VALUES (124,34)
INSERT INTO Workshop_registration (reservation_id, Participant_id) VALUES (124,15)
INSERT INTO Workshop_registration (reservation_id, Participant_id) VALUES (124,8)
INSERT INTO Workshop_registration (reservation_id, Participant_id) VALUES (124,35)
INSERT INTO Workshop_registration (reservation_id, Participant_id) VALUES (124,33)
INSERT INTO Workshop_registration (reservation_id, Participant_id) VALUES (124,17)
INSERT INTO Workshop_registration (reservation_id, Participant_id) VALUES (124,38)
INSERT INTO Workshop_registration (reservation_id, Participant_id) VALUES (124,5)
INSERT INTO Workshop_registration (reservation_id, Participant_id) VALUES (124,25)
INSERT INTO Workshop_registration (reservation_id, Participant_id) VALUES (124,27)
INSERT INTO Workshop_registration (reservation_id, Participant_id) VALUES (124,26)
INSERT INTO Workshop_registration (reservation_id, Participant_id) VALUES (124,13)
INSERT INTO Workshop_registration (reservation_id, Participant_id) VALUES (124,1)
INSERT INTO Workshop_registration (reservation_id, Participant_id) VALUES (124,9)
INSERT INTO Workshop_registration (reservation_id, Participant_id) VALUES (124,28)
INSERT INTO Workshop_registration (reservation_id, Participant_id) VALUES (124,18)
INSERT INTO Workshop_registration (reservation_id, Participant_id) VALUES (124,3)
INSERT INTO Workshop_registration (reservation_id, Participant_id) VALUES (124,20)
INSERT INTO Workshop_registration (reservation_id, Participant_id) VALUES (124,21)
INSERT INTO Workshop_registration (reservation_id, Participant_id) VALUES (124,12)
INSERT INTO Workshop_registration (reservation_id, Participant_id) VALUES (124,16)
INSERT INTO Workshop_registration (reservation_id, Participant_id) VALUES (124,32)
INSERT INTO Workshop_reservations (reservation_id, workshop_id, reservation_date, due_price, nr_of_seats) VALUES (125,28,2021-08-08,'2022-06-03',27)
INSERT INTO Workshop_registration (reservation_id, Participant_id) VALUES (125,18)
INSERT INTO Workshop_registration (reservation_id, Participant_id) VALUES (125,36)
INSERT INTO Workshop_registration (reservation_id, Participant_id) VALUES (125,10)
INSERT INTO Workshop_registration (reservation_id, Participant_id) VALUES (125,15)
INSERT INTO Workshop_registration (reservation_id, Participant_id) VALUES (125,7)
INSERT INTO Workshop_registration (reservation_id, Participant_id) VALUES (125,2)
INSERT INTO Workshop_registration (reservation_id, Participant_id) VALUES (125,35)
INSERT INTO Workshop_registration (reservation_id, Participant_id) VALUES (125,11)
INSERT INTO Workshop_registration (reservation_id, Participant_id) VALUES (125,32)
INSERT INTO Workshop_registration (reservation_id, Participant_id) VALUES (125,16)
INSERT INTO Workshop_registration (reservation_id, Participant_id) VALUES (125,38)
INSERT INTO Workshop_registration (reservation_id, Participant_id) VALUES (125,6)
INSERT INTO Workshop_registration (reservation_id, Participant_id) VALUES (125,24)
INSERT INTO Workshop_registration (reservation_id, Participant_id) VALUES (125,26)
INSERT INTO Workshop_registration (reservation_id, Participant_id) VALUES (125,27)
INSERT INTO Workshop_registration (reservation_id, Participant_id) VALUES (125,23)
INSERT INTO Workshop_registration (reservation_id, Participant_id) VALUES (125,3)
INSERT INTO Workshop_registration (reservation_id, Participant_id) VALUES (125,37)
INSERT INTO Workshop_registration (reservation_id, Participant_id) VALUES (125,1)
INSERT INTO Workshop_registration (reservation_id, Participant_id) VALUES (125,33)
INSERT INTO Workshop_registration (reservation_id, Participant_id) VALUES (125,5)
INSERT INTO Workshop_registration (reservation_id, Participant_id) VALUES (125,28)
INSERT INTO Workshop_registration (reservation_id, Participant_id) VALUES (125,19)
INSERT INTO Workshop_registration (reservation_id, Participant_id) VALUES (125,13)
INSERT INTO Workshop_registration (reservation_id, Participant_id) VALUES (125,9)
INSERT INTO Workshop_registration (reservation_id, Participant_id) VALUES (125,8)
INSERT INTO Workshop_registration (reservation_id, Participant_id) VALUES (125,14)
SET IDENTITY_INSERT  Workshop_reservations OFF
SET IDENTITY_INSERT  Workshops ON
INSERT INTO Workshops (workshop_id, conference_day_id, start_time, end_time, topic, price, number_of_seats) VALUES (29,8,'2022-11-02 21:40:00','2022-11-02 23:53:00','exploit sexy niches','983.5','41')
SET IDENTITY_INSERT  Workshops OFF
SET IDENTITY_INSERT  Workshop_reservations ON
INSERT INTO Workshop_reservations (reservation_id, workshop_id, reservation_date, due_price, nr_of_seats) VALUES (126,29,2021-07-23,'2022-09-06',17)
INSERT INTO Workshop_registration (reservation_id, Participant_id) VALUES (126,10)
INSERT INTO Workshop_registration (reservation_id, Participant_id) VALUES (126,38)
INSERT INTO Workshop_registration (reservation_id, Participant_id) VALUES (126,31)
INSERT INTO Workshop_registration (reservation_id, Participant_id) VALUES (126,9)
INSERT INTO Workshop_registration (reservation_id, Participant_id) VALUES (126,1)
INSERT INTO Workshop_registration (reservation_id, Participant_id) VALUES (126,24)
INSERT INTO Workshop_registration (reservation_id, Participant_id) VALUES (126,37)
INSERT INTO Workshop_registration (reservation_id, Participant_id) VALUES (126,33)
INSERT INTO Workshop_registration (reservation_id, Participant_id) VALUES (126,27)
INSERT INTO Workshop_registration (reservation_id, Participant_id) VALUES (126,14)
INSERT INTO Workshop_registration (reservation_id, Participant_id) VALUES (126,12)
INSERT INTO Workshop_registration (reservation_id, Participant_id) VALUES (126,17)
INSERT INTO Workshop_registration (reservation_id, Participant_id) VALUES (126,7)
INSERT INTO Workshop_registration (reservation_id, Participant_id) VALUES (126,3)
INSERT INTO Workshop_registration (reservation_id, Participant_id) VALUES (126,21)
INSERT INTO Workshop_registration (reservation_id, Participant_id) VALUES (126,6)
INSERT INTO Workshop_registration (reservation_id, Participant_id) VALUES (126,18)
INSERT INTO Workshop_reservations (reservation_id, workshop_id, reservation_date, due_price, nr_of_seats) VALUES (127,29,2020-03-07,'2020-10-18',3)
INSERT INTO Workshop_registration (reservation_id, Participant_id) VALUES (127,34)
INSERT INTO Workshop_registration (reservation_id, Participant_id) VALUES (127,5)
INSERT INTO Workshop_registration (reservation_id, Participant_id) VALUES (127,10)
INSERT INTO Workshop_reservations (reservation_id, workshop_id, reservation_date, due_price, nr_of_seats) VALUES (128,29,2022-03-27,'2022-10-31',23)
INSERT INTO Workshop_registration (reservation_id, Participant_id) VALUES (128,17)
INSERT INTO Workshop_registration (reservation_id, Participant_id) VALUES (128,5)
INSERT INTO Workshop_registration (reservation_id, Participant_id) VALUES (128,1)
INSERT INTO Workshop_registration (reservation_id, Participant_id) VALUES (128,31)
INSERT INTO Workshop_registration (reservation_id, Participant_id) VALUES (128,11)
INSERT INTO Workshop_registration (reservation_id, Participant_id) VALUES (128,25)
INSERT INTO Workshop_registration (reservation_id, Participant_id) VALUES (128,37)
INSERT INTO Workshop_registration (reservation_id, Participant_id) VALUES (128,20)
INSERT INTO Workshop_registration (reservation_id, Participant_id) VALUES (128,18)
INSERT INTO Workshop_registration (reservation_id, Participant_id) VALUES (128,30)
INSERT INTO Workshop_registration (reservation_id, Participant_id) VALUES (128,8)
INSERT INTO Workshop_registration (reservation_id, Participant_id) VALUES (128,23)
INSERT INTO Workshop_registration (reservation_id, Participant_id) VALUES (128,7)
INSERT INTO Workshop_registration (reservation_id, Participant_id) VALUES (128,36)
INSERT INTO Workshop_registration (reservation_id, Participant_id) VALUES (128,28)
INSERT INTO Workshop_registration (reservation_id, Participant_id) VALUES (128,12)
INSERT INTO Workshop_registration (reservation_id, Participant_id) VALUES (128,16)
INSERT INTO Workshop_registration (reservation_id, Participant_id) VALUES (128,13)
INSERT INTO Workshop_registration (reservation_id, Participant_id) VALUES (128,27)
INSERT INTO Workshop_registration (reservation_id, Participant_id) VALUES (128,33)
INSERT INTO Workshop_registration (reservation_id, Participant_id) VALUES (128,4)
INSERT INTO Workshop_registration (reservation_id, Participant_id) VALUES (128,9)
INSERT INTO Workshop_registration (reservation_id, Participant_id) VALUES (128,2)
INSERT INTO Workshop_reservations (reservation_id, workshop_id, reservation_date, due_price, nr_of_seats) VALUES (129,29,2021-02-09,'2022-08-05',15)
INSERT INTO Workshop_registration (reservation_id, Participant_id) VALUES (129,36)
INSERT INTO Workshop_registration (reservation_id, Participant_id) VALUES (129,3)
INSERT INTO Workshop_registration (reservation_id, Participant_id) VALUES (129,16)
INSERT INTO Workshop_registration (reservation_id, Participant_id) VALUES (129,18)
INSERT INTO Workshop_registration (reservation_id, Participant_id) VALUES (129,22)
INSERT INTO Workshop_registration (reservation_id, Participant_id) VALUES (129,11)
INSERT INTO Workshop_registration (reservation_id, Participant_id) VALUES (129,9)
INSERT INTO Workshop_registration (reservation_id, Participant_id) VALUES (129,28)
INSERT INTO Workshop_registration (reservation_id, Participant_id) VALUES (129,12)
INSERT INTO Workshop_registration (reservation_id, Participant_id) VALUES (129,6)
INSERT INTO Workshop_registration (reservation_id, Participant_id) VALUES (129,30)
INSERT INTO Workshop_registration (reservation_id, Participant_id) VALUES (129,26)
INSERT INTO Workshop_registration (reservation_id, Participant_id) VALUES (129,13)
INSERT INTO Workshop_registration (reservation_id, Participant_id) VALUES (129,37)
INSERT INTO Workshop_registration (reservation_id, Participant_id) VALUES (129,38)
INSERT INTO Workshop_reservations (reservation_id, workshop_id, reservation_date, due_price, nr_of_seats) VALUES (130,29,2022-06-18,'2022-08-16',14)
INSERT INTO Workshop_registration (reservation_id, Participant_id) VALUES (130,10)
INSERT INTO Workshop_registration (reservation_id, Participant_id) VALUES (130,35)
INSERT INTO Workshop_registration (reservation_id, Participant_id) VALUES (130,22)
INSERT INTO Workshop_registration (reservation_id, Participant_id) VALUES (130,9)
INSERT INTO Workshop_registration (reservation_id, Participant_id) VALUES (130,25)
INSERT INTO Workshop_registration (reservation_id, Participant_id) VALUES (130,26)
INSERT INTO Workshop_registration (reservation_id, Participant_id) VALUES (130,12)
INSERT INTO Workshop_registration (reservation_id, Participant_id) VALUES (130,13)
INSERT INTO Workshop_registration (reservation_id, Participant_id) VALUES (130,8)
INSERT INTO Workshop_registration (reservation_id, Participant_id) VALUES (130,36)
INSERT INTO Workshop_registration (reservation_id, Participant_id) VALUES (130,7)
INSERT INTO Workshop_registration (reservation_id, Participant_id) VALUES (130,18)
INSERT INTO Workshop_registration (reservation_id, Participant_id) VALUES (130,32)
INSERT INTO Workshop_registration (reservation_id, Participant_id) VALUES (130,2)
INSERT INTO Workshop_reservations (reservation_id, workshop_id, reservation_date, due_price, nr_of_seats) VALUES (131,29,2020-12-21,'2021-05-27',3)
INSERT INTO Workshop_registration (reservation_id, Participant_id) VALUES (131,32)
INSERT INTO Workshop_registration (reservation_id, Participant_id) VALUES (131,16)
INSERT INTO Workshop_registration (reservation_id, Participant_id) VALUES (131,12)
INSERT INTO Workshop_reservations (reservation_id, workshop_id, reservation_date, due_price, nr_of_seats) VALUES (132,29,2022-07-21,'2022-09-08',17)
INSERT INTO Workshop_registration (reservation_id, Participant_id) VALUES (132,24)
INSERT INTO Workshop_registration (reservation_id, Participant_id) VALUES (132,16)
INSERT INTO Workshop_registration (reservation_id, Participant_id) VALUES (132,35)
INSERT INTO Workshop_registration (reservation_id, Participant_id) VALUES (132,32)
INSERT INTO Workshop_registration (reservation_id, Participant_id) VALUES (132,21)
INSERT INTO Workshop_registration (reservation_id, Participant_id) VALUES (132,25)
INSERT INTO Workshop_registration (reservation_id, Participant_id) VALUES (132,27)
INSERT INTO Workshop_registration (reservation_id, Participant_id) VALUES (132,19)
INSERT INTO Workshop_registration (reservation_id, Participant_id) VALUES (132,6)
INSERT INTO Workshop_registration (reservation_id, Participant_id) VALUES (132,17)
INSERT INTO Workshop_registration (reservation_id, Participant_id) VALUES (132,33)
INSERT INTO Workshop_registration (reservation_id, Participant_id) VALUES (132,2)
INSERT INTO Workshop_registration (reservation_id, Participant_id) VALUES (132,4)
INSERT INTO Workshop_registration (reservation_id, Participant_id) VALUES (132,36)
INSERT INTO Workshop_registration (reservation_id, Participant_id) VALUES (132,18)
INSERT INTO Workshop_registration (reservation_id, Participant_id) VALUES (132,8)
INSERT INTO Workshop_registration (reservation_id, Participant_id) VALUES (132,9)
SET IDENTITY_INSERT  Workshop_reservations OFF
SET IDENTITY_INSERT  Conference_day_reservations ON
INSERT INTO Conference_day_reservations (reservation_id, conference_day_id, clients_id, reservation_date, active, due_price, adult_seats, student_seats) VALUES (40,8,1,'2021-11-12','0','2022-05-15','28','1')
INSERT INTO Payments (reservation_id, in_date, value) VALUES (40,'2022-02-27',145.34)
INSERT INTO Payments (reservation_id, in_date, value) VALUES (40,'2022-03-13',96.0)
INSERT INTO Payments (reservation_id, in_date, value) VALUES (40,'2021-12-05',147.0)
INSERT INTO Payments (reservation_id, in_date, value) VALUES (40,'2022-03-31',151.0)
INSERT INTO Conference_day_registration (reservation_id, Participant_id, is_student) VALUES (40,6,0)
INSERT INTO Conference_day_registration (reservation_id, Participant_id, is_student) VALUES (40,32,0)
INSERT INTO Conference_day_registration (reservation_id, Participant_id, is_student) VALUES (40,14,0)
INSERT INTO Conference_day_registration (reservation_id, Participant_id, is_student) VALUES (40,26,0)
INSERT INTO Conference_day_registration (reservation_id, Participant_id, is_student) VALUES (40,19,0)
INSERT INTO Conference_day_registration (reservation_id, Participant_id, is_student) VALUES (40,2,0)
INSERT INTO Conference_day_registration (reservation_id, Participant_id, is_student) VALUES (40,15,0)
INSERT INTO Conference_day_registration (reservation_id, Participant_id, is_student) VALUES (40,24,0)
INSERT INTO Conference_day_registration (reservation_id, Participant_id, is_student) VALUES (40,1,0)
INSERT INTO Conference_day_registration (reservation_id, Participant_id, is_student) VALUES (40,10,0)
INSERT INTO Conference_day_registration (reservation_id, Participant_id, is_student) VALUES (40,25,0)
INSERT INTO Conference_day_registration (reservation_id, Participant_id, is_student) VALUES (40,33,0)
INSERT INTO Conference_day_registration (reservation_id, Participant_id, is_student) VALUES (40,8,0)
INSERT INTO Conference_day_registration (reservation_id, Participant_id, is_student) VALUES (40,9,0)
INSERT INTO Conference_day_registration (reservation_id, Participant_id, is_student) VALUES (40,23,0)
INSERT INTO Conference_day_registration (reservation_id, Participant_id, is_student) VALUES (40,22,0)
INSERT INTO Conference_day_registration (reservation_id, Participant_id, is_student) VALUES (40,18,0)
INSERT INTO Conference_day_registration (reservation_id, Participant_id, is_student) VALUES (40,28,0)
INSERT INTO Conference_day_registration (reservation_id, Participant_id, is_student) VALUES (40,31,0)
INSERT INTO Conference_day_registration (reservation_id, Participant_id, is_student) VALUES (40,37,0)
INSERT INTO Conference_day_registration (reservation_id, Participant_id, is_student) VALUES (40,11,0)
INSERT INTO Conference_day_registration (reservation_id, Participant_id, is_student) VALUES (40,16,0)
INSERT INTO Conference_day_registration (reservation_id, Participant_id, is_student) VALUES (40,13,0)
INSERT INTO Conference_day_registration (reservation_id, Participant_id, is_student) VALUES (40,3,0)
INSERT INTO Conference_day_registration (reservation_id, Participant_id, is_student) VALUES (40,38,0)
INSERT INTO Conference_day_registration (reservation_id, Participant_id, is_student) VALUES (40,27,0)
INSERT INTO Conference_day_registration (reservation_id, Participant_id, is_student) VALUES (40,5,0)
INSERT INTO Conference_day_registration (reservation_id, Participant_id, is_student) VALUES (40,35,0)
INSERT INTO Conference_day_registration (reservation_id, Participant_id, is_student) VALUES (40,4,1)
INSERT INTO Conference_day_reservations (reservation_id, conference_day_id, clients_id, reservation_date, active, due_price, adult_seats, student_seats) VALUES (41,8,1,'2021-05-03','1','2021-07-06','29','1')
INSERT INTO Payments (reservation_id, in_date, value) VALUES (41,'2021-05-17',149.07)
INSERT INTO Payments (reservation_id, in_date, value) VALUES (41,'2021-05-25',152.0)
INSERT INTO Payments (reservation_id, in_date, value) VALUES (41,'2021-06-29',234.0)
INSERT INTO Conference_day_registration (reservation_id, Participant_id, is_student) VALUES (41,15,0)
INSERT INTO Conference_day_registration (reservation_id, Participant_id, is_student) VALUES (41,11,0)
INSERT INTO Conference_day_registration (reservation_id, Participant_id, is_student) VALUES (41,14,0)
INSERT INTO Conference_day_registration (reservation_id, Participant_id, is_student) VALUES (41,35,0)
INSERT INTO Conference_day_registration (reservation_id, Participant_id, is_student) VALUES (41,20,0)
INSERT INTO Conference_day_registration (reservation_id, Participant_id, is_student) VALUES (41,7,0)
INSERT INTO Conference_day_registration (reservation_id, Participant_id, is_student) VALUES (41,4,0)
INSERT INTO Conference_day_registration (reservation_id, Participant_id, is_student) VALUES (41,36,0)
INSERT INTO Conference_day_registration (reservation_id, Participant_id, is_student) VALUES (41,30,0)
INSERT INTO Conference_day_registration (reservation_id, Participant_id, is_student) VALUES (41,26,0)
INSERT INTO Conference_day_registration (reservation_id, Participant_id, is_student) VALUES (41,9,0)
INSERT INTO Conference_day_registration (reservation_id, Participant_id, is_student) VALUES (41,31,0)
INSERT INTO Conference_day_registration (reservation_id, Participant_id, is_student) VALUES (41,17,0)
INSERT INTO Conference_day_registration (reservation_id, Participant_id, is_student) VALUES (41,10,0)
INSERT INTO Conference_day_registration (reservation_id, Participant_id, is_student) VALUES (41,33,0)
INSERT INTO Conference_day_registration (reservation_id, Participant_id, is_student) VALUES (41,6,0)
INSERT INTO Conference_day_registration (reservation_id, Participant_id, is_student) VALUES (41,8,0)
INSERT INTO Conference_day_registration (reservation_id, Participant_id, is_student) VALUES (41,22,0)
INSERT INTO Conference_day_registration (reservation_id, Participant_id, is_student) VALUES (41,23,0)
INSERT INTO Conference_day_registration (reservation_id, Participant_id, is_student) VALUES (41,21,0)
INSERT INTO Conference_day_registration (reservation_id, Participant_id, is_student) VALUES (41,34,0)
INSERT INTO Conference_day_registration (reservation_id, Participant_id, is_student) VALUES (41,5,0)
INSERT INTO Conference_day_registration (reservation_id, Participant_id, is_student) VALUES (41,27,0)
INSERT INTO Conference_day_registration (reservation_id, Participant_id, is_student) VALUES (41,18,0)
INSERT INTO Conference_day_registration (reservation_id, Participant_id, is_student) VALUES (41,25,0)
INSERT INTO Conference_day_registration (reservation_id, Participant_id, is_student) VALUES (41,1,0)
INSERT INTO Conference_day_registration (reservation_id, Participant_id, is_student) VALUES (41,16,0)
INSERT INTO Conference_day_registration (reservation_id, Participant_id, is_student) VALUES (41,12,0)
INSERT INTO Conference_day_registration (reservation_id, Participant_id, is_student) VALUES (41,29,0)
INSERT INTO Conference_day_registration (reservation_id, Participant_id, is_student) VALUES (41,38,1)
INSERT INTO Conference_day_reservations (reservation_id, conference_day_id, clients_id, reservation_date, active, due_price, adult_seats, student_seats) VALUES (42,8,2,'2021-09-20','0','2022-10-27','10','24')
INSERT INTO Payments (reservation_id, in_date, value) VALUES (42,'2022-05-10',118.34)
INSERT INTO Payments (reservation_id, in_date, value) VALUES (42,'2022-03-12',192.0)
INSERT INTO Payments (reservation_id, in_date, value) VALUES (42,'2022-05-30',122.0)
INSERT INTO Payments (reservation_id, in_date, value) VALUES (42,'2022-07-18',109.0)
INSERT INTO Conference_day_registration (reservation_id, Participant_id, is_student) VALUES (42,32,0)
INSERT INTO Conference_day_registration (reservation_id, Participant_id, is_student) VALUES (42,19,0)
INSERT INTO Conference_day_registration (reservation_id, Participant_id, is_student) VALUES (42,10,0)
INSERT INTO Conference_day_registration (reservation_id, Participant_id, is_student) VALUES (42,37,0)
INSERT INTO Conference_day_registration (reservation_id, Participant_id, is_student) VALUES (42,38,0)
INSERT INTO Conference_day_registration (reservation_id, Participant_id, is_student) VALUES (42,14,0)
INSERT INTO Conference_day_registration (reservation_id, Participant_id, is_student) VALUES (42,33,0)
INSERT INTO Conference_day_registration (reservation_id, Participant_id, is_student) VALUES (42,35,0)
INSERT INTO Conference_day_registration (reservation_id, Participant_id, is_student) VALUES (42,4,0)
INSERT INTO Conference_day_registration (reservation_id, Participant_id, is_student) VALUES (42,3,0)
INSERT INTO Conference_day_registration (reservation_id, Participant_id, is_student) VALUES (42,20,1)
INSERT INTO Conference_day_registration (reservation_id, Participant_id, is_student) VALUES (42,22,1)
INSERT INTO Conference_day_registration (reservation_id, Participant_id, is_student) VALUES (42,26,1)
INSERT INTO Conference_day_registration (reservation_id, Participant_id, is_student) VALUES (42,15,1)
INSERT INTO Conference_day_registration (reservation_id, Participant_id, is_student) VALUES (42,24,1)
INSERT INTO Conference_day_registration (reservation_id, Participant_id, is_student) VALUES (42,30,1)
INSERT INTO Conference_day_registration (reservation_id, Participant_id, is_student) VALUES (42,36,1)
INSERT INTO Conference_day_registration (reservation_id, Participant_id, is_student) VALUES (42,9,1)
INSERT INTO Conference_day_registration (reservation_id, Participant_id, is_student) VALUES (42,34,1)
INSERT INTO Conference_day_registration (reservation_id, Participant_id, is_student) VALUES (42,11,1)
INSERT INTO Conference_day_registration (reservation_id, Participant_id, is_student) VALUES (42,2,1)
INSERT INTO Conference_day_registration (reservation_id, Participant_id, is_student) VALUES (42,21,1)
INSERT INTO Conference_day_registration (reservation_id, Participant_id, is_student) VALUES (42,16,1)
INSERT INTO Conference_day_registration (reservation_id, Participant_id, is_student) VALUES (42,18,1)
INSERT INTO Conference_day_registration (reservation_id, Participant_id, is_student) VALUES (42,31,1)
INSERT INTO Conference_day_registration (reservation_id, Participant_id, is_student) VALUES (42,17,1)
INSERT INTO Conference_day_registration (reservation_id, Participant_id, is_student) VALUES (42,7,1)
INSERT INTO Conference_day_registration (reservation_id, Participant_id, is_student) VALUES (42,13,1)
INSERT INTO Conference_day_registration (reservation_id, Participant_id, is_student) VALUES (42,27,1)
INSERT INTO Conference_day_registration (reservation_id, Participant_id, is_student) VALUES (42,25,1)
INSERT INTO Conference_day_registration (reservation_id, Participant_id, is_student) VALUES (42,6,1)
INSERT INTO Conference_day_registration (reservation_id, Participant_id, is_student) VALUES (42,8,1)
INSERT INTO Conference_day_registration (reservation_id, Participant_id, is_student) VALUES (42,12,1)
INSERT INTO Conference_day_registration (reservation_id, Participant_id, is_student) VALUES (42,5,1)
INSERT INTO Conference_day_reservations (reservation_id, conference_day_id, clients_id, reservation_date, active, due_price, adult_seats, student_seats) VALUES (43,8,9,'2020-07-29','0','2020-08-07','8','30')
INSERT INTO Payments (reservation_id, in_date, value) VALUES (43,'2020-07-30',192.15)
INSERT INTO Payments (reservation_id, in_date, value) VALUES (43,'2020-08-01',164.0)
INSERT INTO Payments (reservation_id, in_date, value) VALUES (43,'2020-08-02',182.0)
INSERT INTO Conference_day_registration (reservation_id, Participant_id, is_student) VALUES (43,22,0)
INSERT INTO Conference_day_registration (reservation_id, Participant_id, is_student) VALUES (43,20,0)
INSERT INTO Conference_day_registration (reservation_id, Participant_id, is_student) VALUES (43,25,0)
INSERT INTO Conference_day_registration (reservation_id, Participant_id, is_student) VALUES (43,17,0)
INSERT INTO Conference_day_registration (reservation_id, Participant_id, is_student) VALUES (43,21,0)
INSERT INTO Conference_day_registration (reservation_id, Participant_id, is_student) VALUES (43,34,0)
INSERT INTO Conference_day_registration (reservation_id, Participant_id, is_student) VALUES (43,27,0)
INSERT INTO Conference_day_registration (reservation_id, Participant_id, is_student) VALUES (43,6,0)
INSERT INTO Conference_day_registration (reservation_id, Participant_id, is_student) VALUES (43,26,1)
INSERT INTO Conference_day_registration (reservation_id, Participant_id, is_student) VALUES (43,24,1)
INSERT INTO Conference_day_registration (reservation_id, Participant_id, is_student) VALUES (43,9,1)
INSERT INTO Conference_day_registration (reservation_id, Participant_id, is_student) VALUES (43,8,1)
INSERT INTO Conference_day_registration (reservation_id, Participant_id, is_student) VALUES (43,37,1)
INSERT INTO Conference_day_registration (reservation_id, Participant_id, is_student) VALUES (43,7,1)
INSERT INTO Conference_day_registration (reservation_id, Participant_id, is_student) VALUES (43,11,1)
INSERT INTO Conference_day_registration (reservation_id, Participant_id, is_student) VALUES (43,29,1)
INSERT INTO Conference_day_registration (reservation_id, Participant_id, is_student) VALUES (43,32,1)
INSERT INTO Conference_day_registration (reservation_id, Participant_id, is_student) VALUES (43,5,1)
INSERT INTO Conference_day_registration (reservation_id, Participant_id, is_student) VALUES (43,30,1)
INSERT INTO Conference_day_registration (reservation_id, Participant_id, is_student) VALUES (43,15,1)
INSERT INTO Conference_day_registration (reservation_id, Participant_id, is_student) VALUES (43,23,1)
INSERT INTO Conference_day_registration (reservation_id, Participant_id, is_student) VALUES (43,4,1)
INSERT INTO Conference_day_registration (reservation_id, Participant_id, is_student) VALUES (43,10,1)
INSERT INTO Conference_day_registration (reservation_id, Participant_id, is_student) VALUES (43,16,1)
INSERT INTO Conference_day_registration (reservation_id, Participant_id, is_student) VALUES (43,2,1)
INSERT INTO Conference_day_registration (reservation_id, Participant_id, is_student) VALUES (43,31,1)
INSERT INTO Conference_day_registration (reservation_id, Participant_id, is_student) VALUES (43,3,1)
INSERT INTO Conference_day_registration (reservation_id, Participant_id, is_student) VALUES (43,14,1)
INSERT INTO Conference_day_registration (reservation_id, Participant_id, is_student) VALUES (43,1,1)
INSERT INTO Conference_day_registration (reservation_id, Participant_id, is_student) VALUES (43,19,1)
INSERT INTO Conference_day_registration (reservation_id, Participant_id, is_student) VALUES (43,28,1)
INSERT INTO Conference_day_registration (reservation_id, Participant_id, is_student) VALUES (43,12,1)
INSERT INTO Conference_day_registration (reservation_id, Participant_id, is_student) VALUES (43,35,1)
INSERT INTO Conference_day_registration (reservation_id, Participant_id, is_student) VALUES (43,36,1)
INSERT INTO Conference_day_registration (reservation_id, Participant_id, is_student) VALUES (43,13,1)
INSERT INTO Conference_day_registration (reservation_id, Participant_id, is_student) VALUES (43,33,1)
INSERT INTO Conference_day_registration (reservation_id, Participant_id, is_student) VALUES (43,18,1)
INSERT INTO Conference_day_registration (reservation_id, Participant_id, is_student) VALUES (43,38,1)
INSERT INTO Conference_day_reservations (reservation_id, conference_day_id, clients_id, reservation_date, active, due_price, adult_seats, student_seats) VALUES (44,8,1,'2020-04-11','0','2022-04-01','4','2')
INSERT INTO Payments (reservation_id, in_date, value) VALUES (44,'2020-11-19',61.64)
INSERT INTO Payments (reservation_id, in_date, value) VALUES (44,'2022-03-05',174.0)
INSERT INTO Payments (reservation_id, in_date, value) VALUES (44,'2022-01-15',91.0)
INSERT INTO Payments (reservation_id, in_date, value) VALUES (44,'2021-07-16',193.0)
INSERT INTO Conference_day_registration (reservation_id, Participant_id, is_student) VALUES (44,35,0)
INSERT INTO Conference_day_registration (reservation_id, Participant_id, is_student) VALUES (44,22,0)
INSERT INTO Conference_day_registration (reservation_id, Participant_id, is_student) VALUES (44,11,0)
INSERT INTO Conference_day_registration (reservation_id, Participant_id, is_student) VALUES (44,29,0)
INSERT INTO Conference_day_registration (reservation_id, Participant_id, is_student) VALUES (44,7,1)
INSERT INTO Conference_day_registration (reservation_id, Participant_id, is_student) VALUES (44,2,1)
INSERT INTO Conference_day_reservations (reservation_id, conference_day_id, clients_id, reservation_date, active, due_price, adult_seats, student_seats) VALUES (45,8,7,'2020-10-02','1','2022-09-27','35','3')
INSERT INTO Payments (reservation_id, in_date, value) VALUES (45,'2021-01-29',173.05)
INSERT INTO Payments (reservation_id, in_date, value) VALUES (45,'2022-06-08',159.0)
INSERT INTO Payments (reservation_id, in_date, value) VALUES (45,'2021-06-04',97.0)
INSERT INTO Payments (reservation_id, in_date, value) VALUES (45,'2020-12-16',111.0)
INSERT INTO Conference_day_registration (reservation_id, Participant_id, is_student) VALUES (45,34,0)
INSERT INTO Conference_day_registration (reservation_id, Participant_id, is_student) VALUES (45,29,0)
INSERT INTO Conference_day_registration (reservation_id, Participant_id, is_student) VALUES (45,2,0)
INSERT INTO Conference_day_registration (reservation_id, Participant_id, is_student) VALUES (45,21,0)
INSERT INTO Conference_day_registration (reservation_id, Participant_id, is_student) VALUES (45,1,0)
INSERT INTO Conference_day_registration (reservation_id, Participant_id, is_student) VALUES (45,22,0)
INSERT INTO Conference_day_registration (reservation_id, Participant_id, is_student) VALUES (45,28,0)
INSERT INTO Conference_day_registration (reservation_id, Participant_id, is_student) VALUES (45,32,0)
INSERT INTO Conference_day_registration (reservation_id, Participant_id, is_student) VALUES (45,18,0)
INSERT INTO Conference_day_registration (reservation_id, Participant_id, is_student) VALUES (45,24,0)
INSERT INTO Conference_day_registration (reservation_id, Participant_id, is_student) VALUES (45,38,0)
INSERT INTO Conference_day_registration (reservation_id, Participant_id, is_student) VALUES (45,3,0)
INSERT INTO Conference_day_registration (reservation_id, Participant_id, is_student) VALUES (45,9,0)
INSERT INTO Conference_day_registration (reservation_id, Participant_id, is_student) VALUES (45,15,0)
INSERT INTO Conference_day_registration (reservation_id, Participant_id, is_student) VALUES (45,5,0)
INSERT INTO Conference_day_registration (reservation_id, Participant_id, is_student) VALUES (45,25,0)
INSERT INTO Conference_day_registration (reservation_id, Participant_id, is_student) VALUES (45,26,0)
INSERT INTO Conference_day_registration (reservation_id, Participant_id, is_student) VALUES (45,10,0)
INSERT INTO Conference_day_registration (reservation_id, Participant_id, is_student) VALUES (45,7,0)
INSERT INTO Conference_day_registration (reservation_id, Participant_id, is_student) VALUES (45,13,0)
INSERT INTO Conference_day_registration (reservation_id, Participant_id, is_student) VALUES (45,17,0)
INSERT INTO Conference_day_registration (reservation_id, Participant_id, is_student) VALUES (45,19,0)
INSERT INTO Conference_day_registration (reservation_id, Participant_id, is_student) VALUES (45,23,0)
INSERT INTO Conference_day_registration (reservation_id, Participant_id, is_student) VALUES (45,14,0)
INSERT INTO Conference_day_registration (reservation_id, Participant_id, is_student) VALUES (45,27,0)
INSERT INTO Conference_day_registration (reservation_id, Participant_id, is_student) VALUES (45,8,0)
INSERT INTO Conference_day_registration (reservation_id, Participant_id, is_student) VALUES (45,31,0)
INSERT INTO Conference_day_registration (reservation_id, Participant_id, is_student) VALUES (45,37,0)
INSERT INTO Conference_day_registration (reservation_id, Participant_id, is_student) VALUES (45,33,0)
INSERT INTO Conference_day_registration (reservation_id, Participant_id, is_student) VALUES (45,4,0)
INSERT INTO Conference_day_registration (reservation_id, Participant_id, is_student) VALUES (45,12,0)
INSERT INTO Conference_day_registration (reservation_id, Participant_id, is_student) VALUES (45,35,0)
INSERT INTO Conference_day_registration (reservation_id, Participant_id, is_student) VALUES (45,11,0)
INSERT INTO Conference_day_registration (reservation_id, Participant_id, is_student) VALUES (45,6,0)
INSERT INTO Conference_day_registration (reservation_id, Participant_id, is_student) VALUES (45,36,0)
INSERT INTO Conference_day_registration (reservation_id, Participant_id, is_student) VALUES (45,16,1)
INSERT INTO Conference_day_registration (reservation_id, Participant_id, is_student) VALUES (45,20,1)
INSERT INTO Conference_day_registration (reservation_id, Participant_id, is_student) VALUES (45,30,1)
INSERT INTO Conference_day_reservations (reservation_id, conference_day_id, clients_id, reservation_date, active, due_price, adult_seats, student_seats) VALUES (46,8,6,'2021-03-02','0','2021-04-06','4','27')
INSERT INTO Payments (reservation_id, in_date, value) VALUES (46,'2021-03-10',533.8792)
INSERT INTO Conference_day_registration (reservation_id, Participant_id, is_student) VALUES (46,21,0)
INSERT INTO Conference_day_registration (reservation_id, Participant_id, is_student) VALUES (46,26,0)
INSERT INTO Conference_day_registration (reservation_id, Participant_id, is_student) VALUES (46,9,0)
INSERT INTO Conference_day_registration (reservation_id, Participant_id, is_student) VALUES (46,10,0)
INSERT INTO Conference_day_registration (reservation_id, Participant_id, is_student) VALUES (46,32,1)
INSERT INTO Conference_day_registration (reservation_id, Participant_id, is_student) VALUES (46,14,1)
INSERT INTO Conference_day_registration (reservation_id, Participant_id, is_student) VALUES (46,13,1)
INSERT INTO Conference_day_registration (reservation_id, Participant_id, is_student) VALUES (46,2,1)
INSERT INTO Conference_day_registration (reservation_id, Participant_id, is_student) VALUES (46,11,1)
INSERT INTO Conference_day_registration (reservation_id, Participant_id, is_student) VALUES (46,20,1)
INSERT INTO Conference_day_registration (reservation_id, Participant_id, is_student) VALUES (46,16,1)
INSERT INTO Conference_day_registration (reservation_id, Participant_id, is_student) VALUES (46,24,1)
INSERT INTO Conference_day_registration (reservation_id, Participant_id, is_student) VALUES (46,33,1)
INSERT INTO Conference_day_registration (reservation_id, Participant_id, is_student) VALUES (46,6,1)
INSERT INTO Conference_day_registration (reservation_id, Participant_id, is_student) VALUES (46,7,1)
INSERT INTO Conference_day_registration (reservation_id, Participant_id, is_student) VALUES (46,30,1)
INSERT INTO Conference_day_registration (reservation_id, Participant_id, is_student) VALUES (46,37,1)
INSERT INTO Conference_day_registration (reservation_id, Participant_id, is_student) VALUES (46,38,1)
INSERT INTO Conference_day_registration (reservation_id, Participant_id, is_student) VALUES (46,8,1)
INSERT INTO Conference_day_registration (reservation_id, Participant_id, is_student) VALUES (46,19,1)
INSERT INTO Conference_day_registration (reservation_id, Participant_id, is_student) VALUES (46,23,1)
INSERT INTO Conference_day_registration (reservation_id, Participant_id, is_student) VALUES (46,22,1)
INSERT INTO Conference_day_registration (reservation_id, Participant_id, is_student) VALUES (46,1,1)
INSERT INTO Conference_day_registration (reservation_id, Participant_id, is_student) VALUES (46,25,1)
INSERT INTO Conference_day_registration (reservation_id, Participant_id, is_student) VALUES (46,18,1)
INSERT INTO Conference_day_registration (reservation_id, Participant_id, is_student) VALUES (46,17,1)
INSERT INTO Conference_day_registration (reservation_id, Participant_id, is_student) VALUES (46,35,1)
INSERT INTO Conference_day_registration (reservation_id, Participant_id, is_student) VALUES (46,34,1)
INSERT INTO Conference_day_registration (reservation_id, Participant_id, is_student) VALUES (46,4,1)
INSERT INTO Conference_day_registration (reservation_id, Participant_id, is_student) VALUES (46,29,1)
INSERT INTO Conference_day_registration (reservation_id, Participant_id, is_student) VALUES (46,5,1)
INSERT INTO Conference_day_reservations (reservation_id, conference_day_id, clients_id, reservation_date, active, due_price, adult_seats, student_seats) VALUES (47,8,9,'2020-10-13','0','2020-11-03','15','19')
INSERT INTO Payments (reservation_id, in_date, value) VALUES (47,'2020-10-25',329.36)
INSERT INTO Payments (reservation_id, in_date, value) VALUES (47,'2020-10-29',207.0)
INSERT INTO Conference_day_registration (reservation_id, Participant_id, is_student) VALUES (47,19,0)
INSERT INTO Conference_day_registration (reservation_id, Participant_id, is_student) VALUES (47,24,0)
INSERT INTO Conference_day_registration (reservation_id, Participant_id, is_student) VALUES (47,18,0)
INSERT INTO Conference_day_registration (reservation_id, Participant_id, is_student) VALUES (47,2,0)
INSERT INTO Conference_day_registration (reservation_id, Participant_id, is_student) VALUES (47,21,0)
INSERT INTO Conference_day_registration (reservation_id, Participant_id, is_student) VALUES (47,26,0)
INSERT INTO Conference_day_registration (reservation_id, Participant_id, is_student) VALUES (47,10,0)
INSERT INTO Conference_day_registration (reservation_id, Participant_id, is_student) VALUES (47,7,0)
INSERT INTO Conference_day_registration (reservation_id, Participant_id, is_student) VALUES (47,17,0)
INSERT INTO Conference_day_registration (reservation_id, Participant_id, is_student) VALUES (47,13,0)
INSERT INTO Conference_day_registration (reservation_id, Participant_id, is_student) VALUES (47,14,0)
INSERT INTO Conference_day_registration (reservation_id, Participant_id, is_student) VALUES (47,30,0)
INSERT INTO Conference_day_registration (reservation_id, Participant_id, is_student) VALUES (47,38,0)
INSERT INTO Conference_day_registration (reservation_id, Participant_id, is_student) VALUES (47,4,0)
INSERT INTO Conference_day_registration (reservation_id, Participant_id, is_student) VALUES (47,29,0)
INSERT INTO Conference_day_registration (reservation_id, Participant_id, is_student) VALUES (47,1,1)
INSERT INTO Conference_day_registration (reservation_id, Participant_id, is_student) VALUES (47,11,1)
INSERT INTO Conference_day_registration (reservation_id, Participant_id, is_student) VALUES (47,15,1)
INSERT INTO Conference_day_registration (reservation_id, Participant_id, is_student) VALUES (47,31,1)
INSERT INTO Conference_day_registration (reservation_id, Participant_id, is_student) VALUES (47,12,1)
INSERT INTO Conference_day_registration (reservation_id, Participant_id, is_student) VALUES (47,9,1)
INSERT INTO Conference_day_registration (reservation_id, Participant_id, is_student) VALUES (47,36,1)
INSERT INTO Conference_day_registration (reservation_id, Participant_id, is_student) VALUES (47,5,1)
INSERT INTO Conference_day_registration (reservation_id, Participant_id, is_student) VALUES (47,23,1)
INSERT INTO Conference_day_registration (reservation_id, Participant_id, is_student) VALUES (47,16,1)
INSERT INTO Conference_day_registration (reservation_id, Participant_id, is_student) VALUES (47,25,1)
INSERT INTO Conference_day_registration (reservation_id, Participant_id, is_student) VALUES (47,32,1)
INSERT INTO Conference_day_registration (reservation_id, Participant_id, is_student) VALUES (47,37,1)
INSERT INTO Conference_day_registration (reservation_id, Participant_id, is_student) VALUES (47,6,1)
INSERT INTO Conference_day_registration (reservation_id, Participant_id, is_student) VALUES (47,20,1)
INSERT INTO Conference_day_registration (reservation_id, Participant_id, is_student) VALUES (47,33,1)
INSERT INTO Conference_day_registration (reservation_id, Participant_id, is_student) VALUES (47,3,1)
INSERT INTO Conference_day_registration (reservation_id, Participant_id, is_student) VALUES (47,8,1)
INSERT INTO Conference_day_registration (reservation_id, Participant_id, is_student) VALUES (47,22,1)
SET IDENTITY_INSERT  Conference_day_reservations OFF
SET IDENTITY_INSERT Conference_days ON
INSERT INTO Conference_days (conference_day_id, conference_id, date, standard_price, student_discount) VALUES (9,3,'2022-11-03',20.46,0.33)
INSERT INTO Early_signup_discounts (conference_day_id, end_date, discount) VALUES (9,'2019-05-16','0.12')
INSERT INTO Early_signup_discounts (conference_day_id, end_date, discount) VALUES (9,'2022-09-17','0.03')
SET IDENTITY_INSERT Conference_days OFF
SET IDENTITY_INSERT  Workshops ON
INSERT INTO Workshops (workshop_id, conference_day_id, start_time, end_time, topic, price, number_of_seats) VALUES (30,9,'2022-11-03 13:01:00','2022-11-03 19:18:00','matrix rich web-readiness','995.61','26')
SET IDENTITY_INSERT  Workshops OFF
SET IDENTITY_INSERT  Workshop_reservations ON
INSERT INTO Workshop_reservations (reservation_id, workshop_id, reservation_date, due_price, nr_of_seats) VALUES (133,30,2022-01-13,'2022-10-29',2)
INSERT INTO Workshop_registration (reservation_id, Participant_id) VALUES (133,28)
INSERT INTO Workshop_registration (reservation_id, Participant_id) VALUES (133,12)
SET IDENTITY_INSERT  Workshop_reservations OFF
SET IDENTITY_INSERT  Workshops ON
INSERT INTO Workshops (workshop_id, conference_day_id, start_time, end_time, topic, price, number_of_seats) VALUES (31,9,'2022-11-03 16:09:00','2022-11-03 16:23:00','innovate B2C convergence','13.71','26')
SET IDENTITY_INSERT  Workshops OFF
SET IDENTITY_INSERT  Workshop_reservations ON
INSERT INTO Workshop_reservations (reservation_id, workshop_id, reservation_date, due_price, nr_of_seats) VALUES (134,31,2020-12-22,'2021-04-09',19)
INSERT INTO Workshop_registration (reservation_id, Participant_id) VALUES (134,36)
INSERT INTO Workshop_registration (reservation_id, Participant_id) VALUES (134,3)
INSERT INTO Workshop_registration (reservation_id, Participant_id) VALUES (134,11)
INSERT INTO Workshop_registration (reservation_id, Participant_id) VALUES (134,34)
INSERT INTO Workshop_registration (reservation_id, Participant_id) VALUES (134,20)
INSERT INTO Workshop_registration (reservation_id, Participant_id) VALUES (134,21)
INSERT INTO Workshop_registration (reservation_id, Participant_id) VALUES (134,5)
INSERT INTO Workshop_registration (reservation_id, Participant_id) VALUES (134,28)
INSERT INTO Workshop_registration (reservation_id, Participant_id) VALUES (134,18)
INSERT INTO Workshop_registration (reservation_id, Participant_id) VALUES (134,37)
INSERT INTO Workshop_registration (reservation_id, Participant_id) VALUES (134,13)
INSERT INTO Workshop_registration (reservation_id, Participant_id) VALUES (134,27)
INSERT INTO Workshop_registration (reservation_id, Participant_id) VALUES (134,19)
INSERT INTO Workshop_registration (reservation_id, Participant_id) VALUES (134,33)
INSERT INTO Workshop_registration (reservation_id, Participant_id) VALUES (134,12)
INSERT INTO Workshop_registration (reservation_id, Participant_id) VALUES (134,7)
INSERT INTO Workshop_registration (reservation_id, Participant_id) VALUES (134,30)
INSERT INTO Workshop_registration (reservation_id, Participant_id) VALUES (134,29)
INSERT INTO Workshop_registration (reservation_id, Participant_id) VALUES (134,8)
INSERT INTO Workshop_reservations (reservation_id, workshop_id, reservation_date, due_price, nr_of_seats) VALUES (135,31,2022-05-11,'2022-10-01',21)
INSERT INTO Workshop_registration (reservation_id, Participant_id) VALUES (135,31)
INSERT INTO Workshop_registration (reservation_id, Participant_id) VALUES (135,11)
INSERT INTO Workshop_registration (reservation_id, Participant_id) VALUES (135,23)
INSERT INTO Workshop_registration (reservation_id, Participant_id) VALUES (135,37)
INSERT INTO Workshop_registration (reservation_id, Participant_id) VALUES (135,27)
INSERT INTO Workshop_registration (reservation_id, Participant_id) VALUES (135,7)
INSERT INTO Workshop_registration (reservation_id, Participant_id) VALUES (135,18)
INSERT INTO Workshop_registration (reservation_id, Participant_id) VALUES (135,24)
INSERT INTO Workshop_registration (reservation_id, Participant_id) VALUES (135,1)
INSERT INTO Workshop_registration (reservation_id, Participant_id) VALUES (135,21)
INSERT INTO Workshop_registration (reservation_id, Participant_id) VALUES (135,30)
INSERT INTO Workshop_registration (reservation_id, Participant_id) VALUES (135,35)
INSERT INTO Workshop_registration (reservation_id, Participant_id) VALUES (135,29)
INSERT INTO Workshop_registration (reservation_id, Participant_id) VALUES (135,38)
INSERT INTO Workshop_registration (reservation_id, Participant_id) VALUES (135,8)
INSERT INTO Workshop_registration (reservation_id, Participant_id) VALUES (135,4)
INSERT INTO Workshop_registration (reservation_id, Participant_id) VALUES (135,26)
INSERT INTO Workshop_registration (reservation_id, Participant_id) VALUES (135,9)
INSERT INTO Workshop_registration (reservation_id, Participant_id) VALUES (135,10)
INSERT INTO Workshop_registration (reservation_id, Participant_id) VALUES (135,16)
INSERT INTO Workshop_registration (reservation_id, Participant_id) VALUES (135,3)
INSERT INTO Workshop_reservations (reservation_id, workshop_id, reservation_date, due_price, nr_of_seats) VALUES (136,31,2020-11-18,'2022-01-03',3)
INSERT INTO Workshop_registration (reservation_id, Participant_id) VALUES (136,15)
INSERT INTO Workshop_registration (reservation_id, Participant_id) VALUES (136,27)
INSERT INTO Workshop_registration (reservation_id, Participant_id) VALUES (136,11)
INSERT INTO Workshop_reservations (reservation_id, workshop_id, reservation_date, due_price, nr_of_seats) VALUES (137,31,2021-08-24,'2022-05-25',8)
INSERT INTO Workshop_registration (reservation_id, Participant_id) VALUES (137,20)
INSERT INTO Workshop_registration (reservation_id, Participant_id) VALUES (137,18)
INSERT INTO Workshop_registration (reservation_id, Participant_id) VALUES (137,36)
INSERT INTO Workshop_registration (reservation_id, Participant_id) VALUES (137,32)
INSERT INTO Workshop_registration (reservation_id, Participant_id) VALUES (137,8)
INSERT INTO Workshop_registration (reservation_id, Participant_id) VALUES (137,1)
INSERT INTO Workshop_registration (reservation_id, Participant_id) VALUES (137,35)
INSERT INTO Workshop_registration (reservation_id, Participant_id) VALUES (137,10)
INSERT INTO Workshop_reservations (reservation_id, workshop_id, reservation_date, due_price, nr_of_seats) VALUES (138,31,2021-03-18,'2022-04-10',7)
INSERT INTO Workshop_registration (reservation_id, Participant_id) VALUES (138,34)
INSERT INTO Workshop_registration (reservation_id, Participant_id) VALUES (138,37)
INSERT INTO Workshop_registration (reservation_id, Participant_id) VALUES (138,25)
INSERT INTO Workshop_registration (reservation_id, Participant_id) VALUES (138,14)
INSERT INTO Workshop_registration (reservation_id, Participant_id) VALUES (138,30)
INSERT INTO Workshop_registration (reservation_id, Participant_id) VALUES (138,7)
INSERT INTO Workshop_registration (reservation_id, Participant_id) VALUES (138,2)
INSERT INTO Workshop_reservations (reservation_id, workshop_id, reservation_date, due_price, nr_of_seats) VALUES (139,31,2022-08-03,'2022-08-24',17)
INSERT INTO Workshop_registration (reservation_id, Participant_id) VALUES (139,14)
INSERT INTO Workshop_registration (reservation_id, Participant_id) VALUES (139,30)
INSERT INTO Workshop_registration (reservation_id, Participant_id) VALUES (139,27)
INSERT INTO Workshop_registration (reservation_id, Participant_id) VALUES (139,13)
INSERT INTO Workshop_registration (reservation_id, Participant_id) VALUES (139,6)
INSERT INTO Workshop_registration (reservation_id, Participant_id) VALUES (139,32)
INSERT INTO Workshop_registration (reservation_id, Participant_id) VALUES (139,26)
INSERT INTO Workshop_registration (reservation_id, Participant_id) VALUES (139,7)
INSERT INTO Workshop_registration (reservation_id, Participant_id) VALUES (139,19)
INSERT INTO Workshop_registration (reservation_id, Participant_id) VALUES (139,16)
INSERT INTO Workshop_registration (reservation_id, Participant_id) VALUES (139,9)
INSERT INTO Workshop_registration (reservation_id, Participant_id) VALUES (139,33)
INSERT INTO Workshop_registration (reservation_id, Participant_id) VALUES (139,5)
INSERT INTO Workshop_registration (reservation_id, Participant_id) VALUES (139,20)
INSERT INTO Workshop_registration (reservation_id, Participant_id) VALUES (139,11)
INSERT INTO Workshop_registration (reservation_id, Participant_id) VALUES (139,10)
INSERT INTO Workshop_registration (reservation_id, Participant_id) VALUES (139,37)
INSERT INTO Workshop_reservations (reservation_id, workshop_id, reservation_date, due_price, nr_of_seats) VALUES (140,31,2022-04-30,'2022-10-04',27)
INSERT INTO Workshop_registration (reservation_id, Participant_id) VALUES (140,9)
INSERT INTO Workshop_registration (reservation_id, Participant_id) VALUES (140,25)
INSERT INTO Workshop_registration (reservation_id, Participant_id) VALUES (140,8)
INSERT INTO Workshop_registration (reservation_id, Participant_id) VALUES (140,1)
INSERT INTO Workshop_registration (reservation_id, Participant_id) VALUES (140,21)
INSERT INTO Workshop_registration (reservation_id, Participant_id) VALUES (140,30)
INSERT INTO Workshop_registration (reservation_id, Participant_id) VALUES (140,36)
INSERT INTO Workshop_registration (reservation_id, Participant_id) VALUES (140,18)
INSERT INTO Workshop_registration (reservation_id, Participant_id) VALUES (140,7)
INSERT INTO Workshop_registration (reservation_id, Participant_id) VALUES (140,34)
INSERT INTO Workshop_registration (reservation_id, Participant_id) VALUES (140,22)
INSERT INTO Workshop_registration (reservation_id, Participant_id) VALUES (140,31)
INSERT INTO Workshop_registration (reservation_id, Participant_id) VALUES (140,27)
INSERT INTO Workshop_registration (reservation_id, Participant_id) VALUES (140,35)
INSERT INTO Workshop_registration (reservation_id, Participant_id) VALUES (140,4)
INSERT INTO Workshop_registration (reservation_id, Participant_id) VALUES (140,16)
INSERT INTO Workshop_registration (reservation_id, Participant_id) VALUES (140,12)
INSERT INTO Workshop_registration (reservation_id, Participant_id) VALUES (140,14)
INSERT INTO Workshop_registration (reservation_id, Participant_id) VALUES (140,15)
INSERT INTO Workshop_registration (reservation_id, Participant_id) VALUES (140,24)
INSERT INTO Workshop_registration (reservation_id, Participant_id) VALUES (140,13)
INSERT INTO Workshop_registration (reservation_id, Participant_id) VALUES (140,32)
INSERT INTO Workshop_registration (reservation_id, Participant_id) VALUES (140,28)
INSERT INTO Workshop_registration (reservation_id, Participant_id) VALUES (140,19)
INSERT INTO Workshop_registration (reservation_id, Participant_id) VALUES (140,10)
INSERT INTO Workshop_registration (reservation_id, Participant_id) VALUES (140,20)
INSERT INTO Workshop_registration (reservation_id, Participant_id) VALUES (140,26)
SET IDENTITY_INSERT  Workshop_reservations OFF
SET IDENTITY_INSERT  Workshops ON
INSERT INTO Workshops (workshop_id, conference_day_id, start_time, end_time, topic, price, number_of_seats) VALUES (32,9,'2022-11-03 10:59:00','2022-11-03 22:18:00','facilitate out-of-the-box ROI','438.07','95')
SET IDENTITY_INSERT  Workshops OFF
SET IDENTITY_INSERT  Workshop_reservations ON
INSERT INTO Workshop_reservations (reservation_id, workshop_id, reservation_date, due_price, nr_of_seats) VALUES (141,32,2020-02-20,'2022-11-01',4)
INSERT INTO Workshop_registration (reservation_id, Participant_id) VALUES (141,35)
INSERT INTO Workshop_registration (reservation_id, Participant_id) VALUES (141,34)
INSERT INTO Workshop_registration (reservation_id, Participant_id) VALUES (141,2)
INSERT INTO Workshop_registration (reservation_id, Participant_id) VALUES (141,26)
INSERT INTO Workshop_reservations (reservation_id, workshop_id, reservation_date, due_price, nr_of_seats) VALUES (142,32,2021-04-25,'2021-06-27',21)
INSERT INTO Workshop_registration (reservation_id, Participant_id) VALUES (142,32)
INSERT INTO Workshop_registration (reservation_id, Participant_id) VALUES (142,27)
INSERT INTO Workshop_registration (reservation_id, Participant_id) VALUES (142,28)
INSERT INTO Workshop_registration (reservation_id, Participant_id) VALUES (142,15)
INSERT INTO Workshop_registration (reservation_id, Participant_id) VALUES (142,17)
INSERT INTO Workshop_registration (reservation_id, Participant_id) VALUES (142,26)
INSERT INTO Workshop_registration (reservation_id, Participant_id) VALUES (142,4)
INSERT INTO Workshop_registration (reservation_id, Participant_id) VALUES (142,14)
INSERT INTO Workshop_registration (reservation_id, Participant_id) VALUES (142,36)
INSERT INTO Workshop_registration (reservation_id, Participant_id) VALUES (142,23)
INSERT INTO Workshop_registration (reservation_id, Participant_id) VALUES (142,10)
INSERT INTO Workshop_registration (reservation_id, Participant_id) VALUES (142,33)
INSERT INTO Workshop_registration (reservation_id, Participant_id) VALUES (142,8)
INSERT INTO Workshop_registration (reservation_id, Participant_id) VALUES (142,25)
INSERT INTO Workshop_registration (reservation_id, Participant_id) VALUES (142,7)
INSERT INTO Workshop_registration (reservation_id, Participant_id) VALUES (142,31)
INSERT INTO Workshop_registration (reservation_id, Participant_id) VALUES (142,18)
INSERT INTO Workshop_registration (reservation_id, Participant_id) VALUES (142,5)
INSERT INTO Workshop_registration (reservation_id, Participant_id) VALUES (142,11)
INSERT INTO Workshop_registration (reservation_id, Participant_id) VALUES (142,2)
INSERT INTO Workshop_registration (reservation_id, Participant_id) VALUES (142,3)
INSERT INTO Workshop_reservations (reservation_id, workshop_id, reservation_date, due_price, nr_of_seats) VALUES (143,32,2021-12-17,'2022-08-01',37)
INSERT INTO Workshop_registration (reservation_id, Participant_id) VALUES (143,18)
INSERT INTO Workshop_registration (reservation_id, Participant_id) VALUES (143,25)
INSERT INTO Workshop_registration (reservation_id, Participant_id) VALUES (143,33)
INSERT INTO Workshop_registration (reservation_id, Participant_id) VALUES (143,17)
INSERT INTO Workshop_registration (reservation_id, Participant_id) VALUES (143,32)
INSERT INTO Workshop_registration (reservation_id, Participant_id) VALUES (143,23)
INSERT INTO Workshop_registration (reservation_id, Participant_id) VALUES (143,16)
INSERT INTO Workshop_registration (reservation_id, Participant_id) VALUES (143,24)
INSERT INTO Workshop_registration (reservation_id, Participant_id) VALUES (143,19)
INSERT INTO Workshop_registration (reservation_id, Participant_id) VALUES (143,15)
INSERT INTO Workshop_registration (reservation_id, Participant_id) VALUES (143,9)
INSERT INTO Workshop_registration (reservation_id, Participant_id) VALUES (143,7)
INSERT INTO Workshop_registration (reservation_id, Participant_id) VALUES (143,3)
INSERT INTO Workshop_registration (reservation_id, Participant_id) VALUES (143,29)
INSERT INTO Workshop_registration (reservation_id, Participant_id) VALUES (143,35)
INSERT INTO Workshop_registration (reservation_id, Participant_id) VALUES (143,8)
INSERT INTO Workshop_registration (reservation_id, Participant_id) VALUES (143,26)
INSERT INTO Workshop_registration (reservation_id, Participant_id) VALUES (143,6)
INSERT INTO Workshop_registration (reservation_id, Participant_id) VALUES (143,4)
INSERT INTO Workshop_registration (reservation_id, Participant_id) VALUES (143,1)
INSERT INTO Workshop_registration (reservation_id, Participant_id) VALUES (143,31)
INSERT INTO Workshop_registration (reservation_id, Participant_id) VALUES (143,10)
INSERT INTO Workshop_registration (reservation_id, Participant_id) VALUES (143,36)
INSERT INTO Workshop_registration (reservation_id, Participant_id) VALUES (143,13)
INSERT INTO Workshop_registration (reservation_id, Participant_id) VALUES (143,38)
INSERT INTO Workshop_registration (reservation_id, Participant_id) VALUES (143,30)
INSERT INTO Workshop_registration (reservation_id, Participant_id) VALUES (143,28)
INSERT INTO Workshop_registration (reservation_id, Participant_id) VALUES (143,12)
INSERT INTO Workshop_registration (reservation_id, Participant_id) VALUES (143,27)
INSERT INTO Workshop_registration (reservation_id, Participant_id) VALUES (143,34)
INSERT INTO Workshop_registration (reservation_id, Participant_id) VALUES (143,14)
INSERT INTO Workshop_registration (reservation_id, Participant_id) VALUES (143,11)
INSERT INTO Workshop_registration (reservation_id, Participant_id) VALUES (143,20)
INSERT INTO Workshop_registration (reservation_id, Participant_id) VALUES (143,22)
INSERT INTO Workshop_registration (reservation_id, Participant_id) VALUES (143,2)
INSERT INTO Workshop_registration (reservation_id, Participant_id) VALUES (143,21)
INSERT INTO Workshop_registration (reservation_id, Participant_id) VALUES (143,37)
INSERT INTO Workshop_reservations (reservation_id, workshop_id, reservation_date, due_price, nr_of_seats) VALUES (144,32,2020-01-14,'2022-07-17',32)
INSERT INTO Workshop_registration (reservation_id, Participant_id) VALUES (144,24)
INSERT INTO Workshop_registration (reservation_id, Participant_id) VALUES (144,27)
INSERT INTO Workshop_registration (reservation_id, Participant_id) VALUES (144,37)
INSERT INTO Workshop_registration (reservation_id, Participant_id) VALUES (144,13)
INSERT INTO Workshop_registration (reservation_id, Participant_id) VALUES (144,30)
INSERT INTO Workshop_registration (reservation_id, Participant_id) VALUES (144,7)
INSERT INTO Workshop_registration (reservation_id, Participant_id) VALUES (144,38)
INSERT INTO Workshop_registration (reservation_id, Participant_id) VALUES (144,14)
INSERT INTO Workshop_registration (reservation_id, Participant_id) VALUES (144,22)
INSERT INTO Workshop_registration (reservation_id, Participant_id) VALUES (144,29)
INSERT INTO Workshop_registration (reservation_id, Participant_id) VALUES (144,25)
INSERT INTO Workshop_registration (reservation_id, Participant_id) VALUES (144,9)
INSERT INTO Workshop_registration (reservation_id, Participant_id) VALUES (144,32)
INSERT INTO Workshop_registration (reservation_id, Participant_id) VALUES (144,11)
INSERT INTO Workshop_registration (reservation_id, Participant_id) VALUES (144,5)
INSERT INTO Workshop_registration (reservation_id, Participant_id) VALUES (144,4)
INSERT INTO Workshop_registration (reservation_id, Participant_id) VALUES (144,10)
INSERT INTO Workshop_registration (reservation_id, Participant_id) VALUES (144,31)
INSERT INTO Workshop_registration (reservation_id, Participant_id) VALUES (144,36)
INSERT INTO Workshop_registration (reservation_id, Participant_id) VALUES (144,19)
INSERT INTO Workshop_registration (reservation_id, Participant_id) VALUES (144,28)
INSERT INTO Workshop_registration (reservation_id, Participant_id) VALUES (144,20)
INSERT INTO Workshop_registration (reservation_id, Participant_id) VALUES (144,26)
INSERT INTO Workshop_registration (reservation_id, Participant_id) VALUES (144,34)
INSERT INTO Workshop_registration (reservation_id, Participant_id) VALUES (144,1)
INSERT INTO Workshop_registration (reservation_id, Participant_id) VALUES (144,3)
INSERT INTO Workshop_registration (reservation_id, Participant_id) VALUES (144,6)
INSERT INTO Workshop_registration (reservation_id, Participant_id) VALUES (144,16)
INSERT INTO Workshop_registration (reservation_id, Participant_id) VALUES (144,2)
INSERT INTO Workshop_registration (reservation_id, Participant_id) VALUES (144,12)
INSERT INTO Workshop_registration (reservation_id, Participant_id) VALUES (144,35)
INSERT INTO Workshop_registration (reservation_id, Participant_id) VALUES (144,15)
INSERT INTO Workshop_reservations (reservation_id, workshop_id, reservation_date, due_price, nr_of_seats) VALUES (145,32,2020-03-14,'2022-06-06',27)
INSERT INTO Workshop_registration (reservation_id, Participant_id) VALUES (145,30)
INSERT INTO Workshop_registration (reservation_id, Participant_id) VALUES (145,3)
INSERT INTO Workshop_registration (reservation_id, Participant_id) VALUES (145,8)
INSERT INTO Workshop_registration (reservation_id, Participant_id) VALUES (145,18)
INSERT INTO Workshop_registration (reservation_id, Participant_id) VALUES (145,13)
INSERT INTO Workshop_registration (reservation_id, Participant_id) VALUES (145,28)
INSERT INTO Workshop_registration (reservation_id, Participant_id) VALUES (145,34)
INSERT INTO Workshop_registration (reservation_id, Participant_id) VALUES (145,5)
INSERT INTO Workshop_registration (reservation_id, Participant_id) VALUES (145,38)
INSERT INTO Workshop_registration (reservation_id, Participant_id) VALUES (145,2)
INSERT INTO Workshop_registration (reservation_id, Participant_id) VALUES (145,12)
INSERT INTO Workshop_registration (reservation_id, Participant_id) VALUES (145,32)
INSERT INTO Workshop_registration (reservation_id, Participant_id) VALUES (145,16)
INSERT INTO Workshop_registration (reservation_id, Participant_id) VALUES (145,26)
INSERT INTO Workshop_registration (reservation_id, Participant_id) VALUES (145,1)
INSERT INTO Workshop_registration (reservation_id, Participant_id) VALUES (145,4)
INSERT INTO Workshop_registration (reservation_id, Participant_id) VALUES (145,31)
INSERT INTO Workshop_registration (reservation_id, Participant_id) VALUES (145,27)
INSERT INTO Workshop_registration (reservation_id, Participant_id) VALUES (145,24)
INSERT INTO Workshop_registration (reservation_id, Participant_id) VALUES (145,6)
INSERT INTO Workshop_registration (reservation_id, Participant_id) VALUES (145,15)
INSERT INTO Workshop_registration (reservation_id, Participant_id) VALUES (145,9)
INSERT INTO Workshop_registration (reservation_id, Participant_id) VALUES (145,10)
INSERT INTO Workshop_registration (reservation_id, Participant_id) VALUES (145,35)
INSERT INTO Workshop_registration (reservation_id, Participant_id) VALUES (145,17)
INSERT INTO Workshop_registration (reservation_id, Participant_id) VALUES (145,37)
INSERT INTO Workshop_registration (reservation_id, Participant_id) VALUES (145,25)
INSERT INTO Workshop_reservations (reservation_id, workshop_id, reservation_date, due_price, nr_of_seats) VALUES (146,32,2020-08-14,'2022-08-01',26)
INSERT INTO Workshop_registration (reservation_id, Participant_id) VALUES (146,27)
INSERT INTO Workshop_registration (reservation_id, Participant_id) VALUES (146,22)
INSERT INTO Workshop_registration (reservation_id, Participant_id) VALUES (146,32)
INSERT INTO Workshop_registration (reservation_id, Participant_id) VALUES (146,24)
INSERT INTO Workshop_registration (reservation_id, Participant_id) VALUES (146,30)
INSERT INTO Workshop_registration (reservation_id, Participant_id) VALUES (146,37)
INSERT INTO Workshop_registration (reservation_id, Participant_id) VALUES (146,5)
INSERT INTO Workshop_registration (reservation_id, Participant_id) VALUES (146,17)
INSERT INTO Workshop_registration (reservation_id, Participant_id) VALUES (146,20)
INSERT INTO Workshop_registration (reservation_id, Participant_id) VALUES (146,35)
INSERT INTO Workshop_registration (reservation_id, Participant_id) VALUES (146,36)
INSERT INTO Workshop_registration (reservation_id, Participant_id) VALUES (146,1)
INSERT INTO Workshop_registration (reservation_id, Participant_id) VALUES (146,11)
INSERT INTO Workshop_registration (reservation_id, Participant_id) VALUES (146,13)
INSERT INTO Workshop_registration (reservation_id, Participant_id) VALUES (146,4)
INSERT INTO Workshop_registration (reservation_id, Participant_id) VALUES (146,29)
INSERT INTO Workshop_registration (reservation_id, Participant_id) VALUES (146,14)
INSERT INTO Workshop_registration (reservation_id, Participant_id) VALUES (146,7)
INSERT INTO Workshop_registration (reservation_id, Participant_id) VALUES (146,26)
INSERT INTO Workshop_registration (reservation_id, Participant_id) VALUES (146,2)
INSERT INTO Workshop_registration (reservation_id, Participant_id) VALUES (146,38)
INSERT INTO Workshop_registration (reservation_id, Participant_id) VALUES (146,33)
INSERT INTO Workshop_registration (reservation_id, Participant_id) VALUES (146,8)
INSERT INTO Workshop_registration (reservation_id, Participant_id) VALUES (146,18)
INSERT INTO Workshop_registration (reservation_id, Participant_id) VALUES (146,16)
INSERT INTO Workshop_registration (reservation_id, Participant_id) VALUES (146,31)
INSERT INTO Workshop_reservations (reservation_id, workshop_id, reservation_date, due_price, nr_of_seats) VALUES (147,32,2022-08-02,'2022-08-24',15)
INSERT INTO Workshop_registration (reservation_id, Participant_id) VALUES (147,20)
INSERT INTO Workshop_registration (reservation_id, Participant_id) VALUES (147,19)
INSERT INTO Workshop_registration (reservation_id, Participant_id) VALUES (147,8)
INSERT INTO Workshop_registration (reservation_id, Participant_id) VALUES (147,11)
INSERT INTO Workshop_registration (reservation_id, Participant_id) VALUES (147,29)
INSERT INTO Workshop_registration (reservation_id, Participant_id) VALUES (147,7)
INSERT INTO Workshop_registration (reservation_id, Participant_id) VALUES (147,21)
INSERT INTO Workshop_registration (reservation_id, Participant_id) VALUES (147,33)
INSERT INTO Workshop_registration (reservation_id, Participant_id) VALUES (147,5)
INSERT INTO Workshop_registration (reservation_id, Participant_id) VALUES (147,16)
INSERT INTO Workshop_registration (reservation_id, Participant_id) VALUES (147,36)
INSERT INTO Workshop_registration (reservation_id, Participant_id) VALUES (147,6)
INSERT INTO Workshop_registration (reservation_id, Participant_id) VALUES (147,9)
INSERT INTO Workshop_registration (reservation_id, Participant_id) VALUES (147,13)
INSERT INTO Workshop_registration (reservation_id, Participant_id) VALUES (147,30)
SET IDENTITY_INSERT  Workshop_reservations OFF
SET IDENTITY_INSERT  Conference_day_reservations ON
INSERT INTO Conference_day_reservations (reservation_id, conference_day_id, clients_id, reservation_date, active, due_price, adult_seats, student_seats) VALUES (48,9,6,'2022-07-29','0','2022-09-22','1','15')
INSERT INTO Payments (reservation_id, in_date, value) VALUES (48,'2022-08-29',17.18)
INSERT INTO Payments (reservation_id, in_date, value) VALUES (48,'2022-09-04',13.0)
INSERT INTO Conference_day_registration (reservation_id, Participant_id, is_student) VALUES (48,32,0)
INSERT INTO Conference_day_registration (reservation_id, Participant_id, is_student) VALUES (48,1,1)
INSERT INTO Conference_day_registration (reservation_id, Participant_id, is_student) VALUES (48,12,1)
INSERT INTO Conference_day_registration (reservation_id, Participant_id, is_student) VALUES (48,35,1)
INSERT INTO Conference_day_registration (reservation_id, Participant_id, is_student) VALUES (48,30,1)
INSERT INTO Conference_day_registration (reservation_id, Participant_id, is_student) VALUES (48,9,1)
INSERT INTO Conference_day_registration (reservation_id, Participant_id, is_student) VALUES (48,22,1)
INSERT INTO Conference_day_registration (reservation_id, Participant_id, is_student) VALUES (48,11,1)
INSERT INTO Conference_day_registration (reservation_id, Participant_id, is_student) VALUES (48,14,1)
INSERT INTO Conference_day_registration (reservation_id, Participant_id, is_student) VALUES (48,16,1)
INSERT INTO Conference_day_registration (reservation_id, Participant_id, is_student) VALUES (48,10,1)
INSERT INTO Conference_day_registration (reservation_id, Participant_id, is_student) VALUES (48,24,1)
INSERT INTO Conference_day_registration (reservation_id, Participant_id, is_student) VALUES (48,28,1)
INSERT INTO Conference_day_registration (reservation_id, Participant_id, is_student) VALUES (48,36,1)
INSERT INTO Conference_day_registration (reservation_id, Participant_id, is_student) VALUES (48,3,1)
INSERT INTO Conference_day_registration (reservation_id, Participant_id, is_student) VALUES (48,31,1)
SET IDENTITY_INSERT  Conference_day_reservations OFF
SET IDENTITY_INSERT  Conferences ON
INSERT INTO Conferences (Conference_id, name) VALUES (4,'enhance dynamic web-readiness')
SET IDENTITY_INSERT  Conferences OFF
SET IDENTITY_INSERT Conference_days ON
INSERT INTO Conference_days (conference_day_id, conference_id, date, standard_price, student_discount) VALUES (10,4,'2022-07-12',363.51,0.2)
INSERT INTO Early_signup_discounts (conference_day_id, end_date, discount) VALUES (10,'2018-02-07','0.03')
SET IDENTITY_INSERT Conference_days OFF
SET IDENTITY_INSERT  Workshops ON
INSERT INTO Workshops (workshop_id, conference_day_id, start_time, end_time, topic, price, number_of_seats) VALUES (33,10,'2022-07-12 05:47:00','2022-07-12 17:15:00','syndicate B2C users','284.11','98')
SET IDENTITY_INSERT  Workshops OFF
SET IDENTITY_INSERT  Workshop_reservations ON
INSERT INTO Workshop_reservations (reservation_id, workshop_id, reservation_date, due_price, nr_of_seats) VALUES (148,33,2020-07-11,'2022-05-27',31)
INSERT INTO Workshop_registration (reservation_id, Participant_id) VALUES (148,12)
INSERT INTO Workshop_registration (reservation_id, Participant_id) VALUES (148,27)
INSERT INTO Workshop_registration (reservation_id, Participant_id) VALUES (148,25)
INSERT INTO Workshop_registration (reservation_id, Participant_id) VALUES (148,7)
INSERT INTO Workshop_registration (reservation_id, Participant_id) VALUES (148,1)
INSERT INTO Workshop_registration (reservation_id, Participant_id) VALUES (148,17)
INSERT INTO Workshop_registration (reservation_id, Participant_id) VALUES (148,4)
INSERT INTO Workshop_registration (reservation_id, Participant_id) VALUES (148,16)
INSERT INTO Workshop_registration (reservation_id, Participant_id) VALUES (148,6)
INSERT INTO Workshop_registration (reservation_id, Participant_id) VALUES (148,24)
INSERT INTO Workshop_registration (reservation_id, Participant_id) VALUES (148,32)
INSERT INTO Workshop_registration (reservation_id, Participant_id) VALUES (148,8)
INSERT INTO Workshop_registration (reservation_id, Participant_id) VALUES (148,31)
INSERT INTO Workshop_registration (reservation_id, Participant_id) VALUES (148,21)
INSERT INTO Workshop_registration (reservation_id, Participant_id) VALUES (148,18)
INSERT INTO Workshop_registration (reservation_id, Participant_id) VALUES (148,15)
INSERT INTO Workshop_registration (reservation_id, Participant_id) VALUES (148,35)
INSERT INTO Workshop_registration (reservation_id, Participant_id) VALUES (148,38)
INSERT INTO Workshop_registration (reservation_id, Participant_id) VALUES (148,37)
INSERT INTO Workshop_registration (reservation_id, Participant_id) VALUES (148,3)
INSERT INTO Workshop_registration (reservation_id, Participant_id) VALUES (148,23)
INSERT INTO Workshop_registration (reservation_id, Participant_id) VALUES (148,22)
INSERT INTO Workshop_registration (reservation_id, Participant_id) VALUES (148,34)
INSERT INTO Workshop_registration (reservation_id, Participant_id) VALUES (148,26)
INSERT INTO Workshop_registration (reservation_id, Participant_id) VALUES (148,20)
INSERT INTO Workshop_registration (reservation_id, Participant_id) VALUES (148,10)
INSERT INTO Workshop_registration (reservation_id, Participant_id) VALUES (148,5)
INSERT INTO Workshop_registration (reservation_id, Participant_id) VALUES (148,29)
INSERT INTO Workshop_registration (reservation_id, Participant_id) VALUES (148,9)
INSERT INTO Workshop_registration (reservation_id, Participant_id) VALUES (148,19)
INSERT INTO Workshop_registration (reservation_id, Participant_id) VALUES (148,30)
INSERT INTO Workshop_reservations (reservation_id, workshop_id, reservation_date, due_price, nr_of_seats) VALUES (149,33,2020-07-02,'2021-03-17',7)
INSERT INTO Workshop_registration (reservation_id, Participant_id) VALUES (149,30)
INSERT INTO Workshop_registration (reservation_id, Participant_id) VALUES (149,25)
INSERT INTO Workshop_registration (reservation_id, Participant_id) VALUES (149,1)
INSERT INTO Workshop_registration (reservation_id, Participant_id) VALUES (149,23)
INSERT INTO Workshop_registration (reservation_id, Participant_id) VALUES (149,14)
INSERT INTO Workshop_registration (reservation_id, Participant_id) VALUES (149,13)
INSERT INTO Workshop_registration (reservation_id, Participant_id) VALUES (149,33)
INSERT INTO Workshop_reservations (reservation_id, workshop_id, reservation_date, due_price, nr_of_seats) VALUES (150,33,2021-12-01,'2022-03-05',19)
INSERT INTO Workshop_registration (reservation_id, Participant_id) VALUES (150,9)
INSERT INTO Workshop_registration (reservation_id, Participant_id) VALUES (150,14)
INSERT INTO Workshop_registration (reservation_id, Participant_id) VALUES (150,3)
INSERT INTO Workshop_registration (reservation_id, Participant_id) VALUES (150,2)
INSERT INTO Workshop_registration (reservation_id, Participant_id) VALUES (150,1)
INSERT INTO Workshop_registration (reservation_id, Participant_id) VALUES (150,21)
INSERT INTO Workshop_registration (reservation_id, Participant_id) VALUES (150,8)
INSERT INTO Workshop_registration (reservation_id, Participant_id) VALUES (150,27)
INSERT INTO Workshop_registration (reservation_id, Participant_id) VALUES (150,31)
INSERT INTO Workshop_registration (reservation_id, Participant_id) VALUES (150,30)
INSERT INTO Workshop_registration (reservation_id, Participant_id) VALUES (150,28)
INSERT INTO Workshop_registration (reservation_id, Participant_id) VALUES (150,29)
INSERT INTO Workshop_registration (reservation_id, Participant_id) VALUES (150,4)
INSERT INTO Workshop_registration (reservation_id, Participant_id) VALUES (150,23)
INSERT INTO Workshop_registration (reservation_id, Participant_id) VALUES (150,19)
INSERT INTO Workshop_registration (reservation_id, Participant_id) VALUES (150,24)
INSERT INTO Workshop_registration (reservation_id, Participant_id) VALUES (150,5)
INSERT INTO Workshop_registration (reservation_id, Participant_id) VALUES (150,26)
INSERT INTO Workshop_registration (reservation_id, Participant_id) VALUES (150,38)
INSERT INTO Workshop_reservations (reservation_id, workshop_id, reservation_date, due_price, nr_of_seats) VALUES (151,33,2021-08-11,'2022-05-15',19)
INSERT INTO Workshop_registration (reservation_id, Participant_id) VALUES (151,22)
INSERT INTO Workshop_registration (reservation_id, Participant_id) VALUES (151,37)
INSERT INTO Workshop_registration (reservation_id, Participant_id) VALUES (151,20)
INSERT INTO Workshop_registration (reservation_id, Participant_id) VALUES (151,23)
INSERT INTO Workshop_registration (reservation_id, Participant_id) VALUES (151,13)
INSERT INTO Workshop_registration (reservation_id, Participant_id) VALUES (151,27)
INSERT INTO Workshop_registration (reservation_id, Participant_id) VALUES (151,36)
INSERT INTO Workshop_registration (reservation_id, Participant_id) VALUES (151,26)
INSERT INTO Workshop_registration (reservation_id, Participant_id) VALUES (151,8)
INSERT INTO Workshop_registration (reservation_id, Participant_id) VALUES (151,17)
INSERT INTO Workshop_registration (reservation_id, Participant_id) VALUES (151,19)
INSERT INTO Workshop_registration (reservation_id, Participant_id) VALUES (151,3)
INSERT INTO Workshop_registration (reservation_id, Participant_id) VALUES (151,24)
INSERT INTO Workshop_registration (reservation_id, Participant_id) VALUES (151,9)
INSERT INTO Workshop_registration (reservation_id, Participant_id) VALUES (151,34)
INSERT INTO Workshop_registration (reservation_id, Participant_id) VALUES (151,32)
INSERT INTO Workshop_registration (reservation_id, Participant_id) VALUES (151,31)
INSERT INTO Workshop_registration (reservation_id, Participant_id) VALUES (151,21)
INSERT INTO Workshop_registration (reservation_id, Participant_id) VALUES (151,6)
INSERT INTO Workshop_reservations (reservation_id, workshop_id, reservation_date, due_price, nr_of_seats) VALUES (152,33,2020-11-20,'2021-10-23',10)
INSERT INTO Workshop_registration (reservation_id, Participant_id) VALUES (152,32)
INSERT INTO Workshop_registration (reservation_id, Participant_id) VALUES (152,22)
INSERT INTO Workshop_registration (reservation_id, Participant_id) VALUES (152,24)
INSERT INTO Workshop_registration (reservation_id, Participant_id) VALUES (152,25)
INSERT INTO Workshop_registration (reservation_id, Participant_id) VALUES (152,27)
INSERT INTO Workshop_registration (reservation_id, Participant_id) VALUES (152,23)
INSERT INTO Workshop_registration (reservation_id, Participant_id) VALUES (152,30)
INSERT INTO Workshop_registration (reservation_id, Participant_id) VALUES (152,26)
INSERT INTO Workshop_registration (reservation_id, Participant_id) VALUES (152,37)
INSERT INTO Workshop_registration (reservation_id, Participant_id) VALUES (152,13)
INSERT INTO Workshop_reservations (reservation_id, workshop_id, reservation_date, due_price, nr_of_seats) VALUES (153,33,2020-03-04,'2021-12-26',25)
INSERT INTO Workshop_registration (reservation_id, Participant_id) VALUES (153,35)
INSERT INTO Workshop_registration (reservation_id, Participant_id) VALUES (153,16)
INSERT INTO Workshop_registration (reservation_id, Participant_id) VALUES (153,24)
INSERT INTO Workshop_registration (reservation_id, Participant_id) VALUES (153,19)
INSERT INTO Workshop_registration (reservation_id, Participant_id) VALUES (153,7)
INSERT INTO Workshop_registration (reservation_id, Participant_id) VALUES (153,33)
INSERT INTO Workshop_registration (reservation_id, Participant_id) VALUES (153,23)
INSERT INTO Workshop_registration (reservation_id, Participant_id) VALUES (153,22)
INSERT INTO Workshop_registration (reservation_id, Participant_id) VALUES (153,1)
INSERT INTO Workshop_registration (reservation_id, Participant_id) VALUES (153,14)
INSERT INTO Workshop_registration (reservation_id, Participant_id) VALUES (153,27)
INSERT INTO Workshop_registration (reservation_id, Participant_id) VALUES (153,36)
INSERT INTO Workshop_registration (reservation_id, Participant_id) VALUES (153,12)
INSERT INTO Workshop_registration (reservation_id, Participant_id) VALUES (153,20)
INSERT INTO Workshop_registration (reservation_id, Participant_id) VALUES (153,15)
INSERT INTO Workshop_registration (reservation_id, Participant_id) VALUES (153,2)
INSERT INTO Workshop_registration (reservation_id, Participant_id) VALUES (153,32)
INSERT INTO Workshop_registration (reservation_id, Participant_id) VALUES (153,25)
INSERT INTO Workshop_registration (reservation_id, Participant_id) VALUES (153,37)
INSERT INTO Workshop_registration (reservation_id, Participant_id) VALUES (153,28)
INSERT INTO Workshop_registration (reservation_id, Participant_id) VALUES (153,17)
INSERT INTO Workshop_registration (reservation_id, Participant_id) VALUES (153,18)
INSERT INTO Workshop_registration (reservation_id, Participant_id) VALUES (153,30)
INSERT INTO Workshop_registration (reservation_id, Participant_id) VALUES (153,34)
INSERT INTO Workshop_registration (reservation_id, Participant_id) VALUES (153,13)
SET IDENTITY_INSERT  Workshop_reservations OFF
SET IDENTITY_INSERT  Workshops ON
INSERT INTO Workshops (workshop_id, conference_day_id, start_time, end_time, topic, price, number_of_seats) VALUES (34,10,'2022-07-12 00:20:00','2022-07-12 10:33:00','expedite visionary mindshare','859.82','15')
SET IDENTITY_INSERT  Workshops OFF
SET IDENTITY_INSERT  Workshop_reservations ON
INSERT INTO Workshop_reservations (reservation_id, workshop_id, reservation_date, due_price, nr_of_seats) VALUES (154,34,2021-03-04,'2022-06-09',19)
INSERT INTO Workshop_registration (reservation_id, Participant_id) VALUES (154,10)
INSERT INTO Workshop_registration (reservation_id, Participant_id) VALUES (154,24)
INSERT INTO Workshop_registration (reservation_id, Participant_id) VALUES (154,20)
INSERT INTO Workshop_registration (reservation_id, Participant_id) VALUES (154,37)
INSERT INTO Workshop_registration (reservation_id, Participant_id) VALUES (154,7)
INSERT INTO Workshop_registration (reservation_id, Participant_id) VALUES (154,1)
INSERT INTO Workshop_registration (reservation_id, Participant_id) VALUES (154,11)
INSERT INTO Workshop_registration (reservation_id, Participant_id) VALUES (154,16)
INSERT INTO Workshop_registration (reservation_id, Participant_id) VALUES (154,14)
INSERT INTO Workshop_registration (reservation_id, Participant_id) VALUES (154,18)
INSERT INTO Workshop_registration (reservation_id, Participant_id) VALUES (154,3)
INSERT INTO Workshop_registration (reservation_id, Participant_id) VALUES (154,9)
INSERT INTO Workshop_registration (reservation_id, Participant_id) VALUES (154,28)
INSERT INTO Workshop_registration (reservation_id, Participant_id) VALUES (154,2)
INSERT INTO Workshop_registration (reservation_id, Participant_id) VALUES (154,33)
INSERT INTO Workshop_registration (reservation_id, Participant_id) VALUES (154,12)
INSERT INTO Workshop_registration (reservation_id, Participant_id) VALUES (154,29)
INSERT INTO Workshop_registration (reservation_id, Participant_id) VALUES (154,38)
INSERT INTO Workshop_registration (reservation_id, Participant_id) VALUES (154,13)
SET IDENTITY_INSERT  Workshop_reservations OFF
SET IDENTITY_INSERT  Workshops ON
INSERT INTO Workshops (workshop_id, conference_day_id, start_time, end_time, topic, price, number_of_seats) VALUES (35,10,'2022-07-12 00:25:00','2022-07-12 21:52:00','target leading-edge metrics','731.48','44')
SET IDENTITY_INSERT  Workshops OFF
SET IDENTITY_INSERT  Workshop_reservations ON
INSERT INTO Workshop_reservations (reservation_id, workshop_id, reservation_date, due_price, nr_of_seats) VALUES (155,35,2020-05-26,'2021-06-13',7)
INSERT INTO Workshop_registration (reservation_id, Participant_id) VALUES (155,19)
INSERT INTO Workshop_registration (reservation_id, Participant_id) VALUES (155,3)
INSERT INTO Workshop_registration (reservation_id, Participant_id) VALUES (155,34)
INSERT INTO Workshop_registration (reservation_id, Participant_id) VALUES (155,6)
INSERT INTO Workshop_registration (reservation_id, Participant_id) VALUES (155,14)
INSERT INTO Workshop_registration (reservation_id, Participant_id) VALUES (155,1)
INSERT INTO Workshop_registration (reservation_id, Participant_id) VALUES (155,7)
INSERT INTO Workshop_reservations (reservation_id, workshop_id, reservation_date, due_price, nr_of_seats) VALUES (156,35,2020-03-04,'2020-09-03',14)
INSERT INTO Workshop_registration (reservation_id, Participant_id) VALUES (156,38)
INSERT INTO Workshop_registration (reservation_id, Participant_id) VALUES (156,35)
INSERT INTO Workshop_registration (reservation_id, Participant_id) VALUES (156,7)
INSERT INTO Workshop_registration (reservation_id, Participant_id) VALUES (156,1)
INSERT INTO Workshop_registration (reservation_id, Participant_id) VALUES (156,19)
INSERT INTO Workshop_registration (reservation_id, Participant_id) VALUES (156,31)
INSERT INTO Workshop_registration (reservation_id, Participant_id) VALUES (156,36)
INSERT INTO Workshop_registration (reservation_id, Participant_id) VALUES (156,10)
INSERT INTO Workshop_registration (reservation_id, Participant_id) VALUES (156,9)
INSERT INTO Workshop_registration (reservation_id, Participant_id) VALUES (156,21)
INSERT INTO Workshop_registration (reservation_id, Participant_id) VALUES (156,24)
INSERT INTO Workshop_registration (reservation_id, Participant_id) VALUES (156,18)
INSERT INTO Workshop_registration (reservation_id, Participant_id) VALUES (156,27)
INSERT INTO Workshop_registration (reservation_id, Participant_id) VALUES (156,15)
INSERT INTO Workshop_reservations (reservation_id, workshop_id, reservation_date, due_price, nr_of_seats) VALUES (157,35,2021-10-04,'2022-02-02',34)
INSERT INTO Workshop_registration (reservation_id, Participant_id) VALUES (157,1)
INSERT INTO Workshop_registration (reservation_id, Participant_id) VALUES (157,4)
INSERT INTO Workshop_registration (reservation_id, Participant_id) VALUES (157,3)
INSERT INTO Workshop_registration (reservation_id, Participant_id) VALUES (157,30)
INSERT INTO Workshop_registration (reservation_id, Participant_id) VALUES (157,31)
INSERT INTO Workshop_registration (reservation_id, Participant_id) VALUES (157,28)
INSERT INTO Workshop_registration (reservation_id, Participant_id) VALUES (157,12)
INSERT INTO Workshop_registration (reservation_id, Participant_id) VALUES (157,37)
INSERT INTO Workshop_registration (reservation_id, Participant_id) VALUES (157,10)
INSERT INTO Workshop_registration (reservation_id, Participant_id) VALUES (157,29)
INSERT INTO Workshop_registration (reservation_id, Participant_id) VALUES (157,13)
INSERT INTO Workshop_registration (reservation_id, Participant_id) VALUES (157,21)
INSERT INTO Workshop_registration (reservation_id, Participant_id) VALUES (157,38)
INSERT INTO Workshop_registration (reservation_id, Participant_id) VALUES (157,17)
INSERT INTO Workshop_registration (reservation_id, Participant_id) VALUES (157,34)
INSERT INTO Workshop_registration (reservation_id, Participant_id) VALUES (157,20)
INSERT INTO Workshop_registration (reservation_id, Participant_id) VALUES (157,25)
INSERT INTO Workshop_registration (reservation_id, Participant_id) VALUES (157,15)
INSERT INTO Workshop_registration (reservation_id, Participant_id) VALUES (157,14)
INSERT INTO Workshop_registration (reservation_id, Participant_id) VALUES (157,36)
INSERT INTO Workshop_registration (reservation_id, Participant_id) VALUES (157,2)
INSERT INTO Workshop_registration (reservation_id, Participant_id) VALUES (157,33)
INSERT INTO Workshop_registration (reservation_id, Participant_id) VALUES (157,23)
INSERT INTO Workshop_registration (reservation_id, Participant_id) VALUES (157,32)
INSERT INTO Workshop_registration (reservation_id, Participant_id) VALUES (157,11)
INSERT INTO Workshop_registration (reservation_id, Participant_id) VALUES (157,22)
INSERT INTO Workshop_registration (reservation_id, Participant_id) VALUES (157,9)
INSERT INTO Workshop_registration (reservation_id, Participant_id) VALUES (157,8)
INSERT INTO Workshop_registration (reservation_id, Participant_id) VALUES (157,7)
INSERT INTO Workshop_registration (reservation_id, Participant_id) VALUES (157,19)
INSERT INTO Workshop_registration (reservation_id, Participant_id) VALUES (157,5)
INSERT INTO Workshop_registration (reservation_id, Participant_id) VALUES (157,27)
INSERT INTO Workshop_registration (reservation_id, Participant_id) VALUES (157,16)
INSERT INTO Workshop_registration (reservation_id, Participant_id) VALUES (157,35)
INSERT INTO Workshop_reservations (reservation_id, workshop_id, reservation_date, due_price, nr_of_seats) VALUES (158,35,2020-05-29,'2021-05-06',36)
INSERT INTO Workshop_registration (reservation_id, Participant_id) VALUES (158,12)
INSERT INTO Workshop_registration (reservation_id, Participant_id) VALUES (158,4)
INSERT INTO Workshop_registration (reservation_id, Participant_id) VALUES (158,25)
INSERT INTO Workshop_registration (reservation_id, Participant_id) VALUES (158,9)
INSERT INTO Workshop_registration (reservation_id, Participant_id) VALUES (158,21)
INSERT INTO Workshop_registration (reservation_id, Participant_id) VALUES (158,8)
INSERT INTO Workshop_registration (reservation_id, Participant_id) VALUES (158,20)
INSERT INTO Workshop_registration (reservation_id, Participant_id) VALUES (158,16)
INSERT INTO Workshop_registration (reservation_id, Participant_id) VALUES (158,6)
INSERT INTO Workshop_registration (reservation_id, Participant_id) VALUES (158,28)
INSERT INTO Workshop_registration (reservation_id, Participant_id) VALUES (158,13)
INSERT INTO Workshop_registration (reservation_id, Participant_id) VALUES (158,11)
INSERT INTO Workshop_registration (reservation_id, Participant_id) VALUES (158,38)
INSERT INTO Workshop_registration (reservation_id, Participant_id) VALUES (158,17)
INSERT INTO Workshop_registration (reservation_id, Participant_id) VALUES (158,23)
INSERT INTO Workshop_registration (reservation_id, Participant_id) VALUES (158,24)
INSERT INTO Workshop_registration (reservation_id, Participant_id) VALUES (158,29)
INSERT INTO Workshop_registration (reservation_id, Participant_id) VALUES (158,19)
INSERT INTO Workshop_registration (reservation_id, Participant_id) VALUES (158,26)
INSERT INTO Workshop_registration (reservation_id, Participant_id) VALUES (158,5)
INSERT INTO Workshop_registration (reservation_id, Participant_id) VALUES (158,35)
INSERT INTO Workshop_registration (reservation_id, Participant_id) VALUES (158,31)
INSERT INTO Workshop_registration (reservation_id, Participant_id) VALUES (158,27)
INSERT INTO Workshop_registration (reservation_id, Participant_id) VALUES (158,34)
INSERT INTO Workshop_registration (reservation_id, Participant_id) VALUES (158,15)
INSERT INTO Workshop_registration (reservation_id, Participant_id) VALUES (158,7)
INSERT INTO Workshop_registration (reservation_id, Participant_id) VALUES (158,14)
INSERT INTO Workshop_registration (reservation_id, Participant_id) VALUES (158,32)
INSERT INTO Workshop_registration (reservation_id, Participant_id) VALUES (158,1)
INSERT INTO Workshop_registration (reservation_id, Participant_id) VALUES (158,30)
INSERT INTO Workshop_registration (reservation_id, Participant_id) VALUES (158,33)
INSERT INTO Workshop_registration (reservation_id, Participant_id) VALUES (158,36)
INSERT INTO Workshop_registration (reservation_id, Participant_id) VALUES (158,37)
INSERT INTO Workshop_registration (reservation_id, Participant_id) VALUES (158,18)
INSERT INTO Workshop_registration (reservation_id, Participant_id) VALUES (158,3)
INSERT INTO Workshop_registration (reservation_id, Participant_id) VALUES (158,10)
INSERT INTO Workshop_reservations (reservation_id, workshop_id, reservation_date, due_price, nr_of_seats) VALUES (159,35,2022-02-18,'2022-05-07',20)
INSERT INTO Workshop_registration (reservation_id, Participant_id) VALUES (159,32)
INSERT INTO Workshop_registration (reservation_id, Participant_id) VALUES (159,9)
INSERT INTO Workshop_registration (reservation_id, Participant_id) VALUES (159,13)
INSERT INTO Workshop_registration (reservation_id, Participant_id) VALUES (159,15)
INSERT INTO Workshop_registration (reservation_id, Participant_id) VALUES (159,28)
INSERT INTO Workshop_registration (reservation_id, Participant_id) VALUES (159,33)
INSERT INTO Workshop_registration (reservation_id, Participant_id) VALUES (159,38)
INSERT INTO Workshop_registration (reservation_id, Participant_id) VALUES (159,19)
INSERT INTO Workshop_registration (reservation_id, Participant_id) VALUES (159,11)
INSERT INTO Workshop_registration (reservation_id, Participant_id) VALUES (159,16)
INSERT INTO Workshop_registration (reservation_id, Participant_id) VALUES (159,14)
INSERT INTO Workshop_registration (reservation_id, Participant_id) VALUES (159,36)
INSERT INTO Workshop_registration (reservation_id, Participant_id) VALUES (159,30)
INSERT INTO Workshop_registration (reservation_id, Participant_id) VALUES (159,27)
INSERT INTO Workshop_registration (reservation_id, Participant_id) VALUES (159,8)
INSERT INTO Workshop_registration (reservation_id, Participant_id) VALUES (159,21)
INSERT INTO Workshop_registration (reservation_id, Participant_id) VALUES (159,10)
INSERT INTO Workshop_registration (reservation_id, Participant_id) VALUES (159,26)
INSERT INTO Workshop_registration (reservation_id, Participant_id) VALUES (159,25)
INSERT INTO Workshop_registration (reservation_id, Participant_id) VALUES (159,2)
INSERT INTO Workshop_reservations (reservation_id, workshop_id, reservation_date, due_price, nr_of_seats) VALUES (160,35,2021-07-12,'2021-08-18',23)
INSERT INTO Workshop_registration (reservation_id, Participant_id) VALUES (160,5)
INSERT INTO Workshop_registration (reservation_id, Participant_id) VALUES (160,30)
INSERT INTO Workshop_registration (reservation_id, Participant_id) VALUES (160,38)
INSERT INTO Workshop_registration (reservation_id, Participant_id) VALUES (160,1)
INSERT INTO Workshop_registration (reservation_id, Participant_id) VALUES (160,32)
INSERT INTO Workshop_registration (reservation_id, Participant_id) VALUES (160,7)
INSERT INTO Workshop_registration (reservation_id, Participant_id) VALUES (160,28)
INSERT INTO Workshop_registration (reservation_id, Participant_id) VALUES (160,6)
INSERT INTO Workshop_registration (reservation_id, Participant_id) VALUES (160,20)
INSERT INTO Workshop_registration (reservation_id, Participant_id) VALUES (160,8)
INSERT INTO Workshop_registration (reservation_id, Participant_id) VALUES (160,2)
INSERT INTO Workshop_registration (reservation_id, Participant_id) VALUES (160,37)
INSERT INTO Workshop_registration (reservation_id, Participant_id) VALUES (160,24)
INSERT INTO Workshop_registration (reservation_id, Participant_id) VALUES (160,35)
INSERT INTO Workshop_registration (reservation_id, Participant_id) VALUES (160,10)
INSERT INTO Workshop_registration (reservation_id, Participant_id) VALUES (160,25)
INSERT INTO Workshop_registration (reservation_id, Participant_id) VALUES (160,9)
INSERT INTO Workshop_registration (reservation_id, Participant_id) VALUES (160,29)
INSERT INTO Workshop_registration (reservation_id, Participant_id) VALUES (160,11)
INSERT INTO Workshop_registration (reservation_id, Participant_id) VALUES (160,23)
INSERT INTO Workshop_registration (reservation_id, Participant_id) VALUES (160,33)
INSERT INTO Workshop_registration (reservation_id, Participant_id) VALUES (160,18)
INSERT INTO Workshop_registration (reservation_id, Participant_id) VALUES (160,19)
SET IDENTITY_INSERT  Workshop_reservations OFF
SET IDENTITY_INSERT  Workshops ON
INSERT INTO Workshops (workshop_id, conference_day_id, start_time, end_time, topic, price, number_of_seats) VALUES (36,10,'2022-07-12 16:53:00','2022-07-12 20:59:00','grow frictionless partnerships','608.98','33')
SET IDENTITY_INSERT  Workshops OFF
SET IDENTITY_INSERT  Workshop_reservations ON
INSERT INTO Workshop_reservations (reservation_id, workshop_id, reservation_date, due_price, nr_of_seats) VALUES (161,36,2022-05-26,'2022-07-09',0)
INSERT INTO Workshop_reservations (reservation_id, workshop_id, reservation_date, due_price, nr_of_seats) VALUES (162,36,2022-05-11,'2022-06-17',14)
INSERT INTO Workshop_registration (reservation_id, Participant_id) VALUES (162,9)
INSERT INTO Workshop_registration (reservation_id, Participant_id) VALUES (162,26)
INSERT INTO Workshop_registration (reservation_id, Participant_id) VALUES (162,3)
INSERT INTO Workshop_registration (reservation_id, Participant_id) VALUES (162,18)
INSERT INTO Workshop_registration (reservation_id, Participant_id) VALUES (162,23)
INSERT INTO Workshop_registration (reservation_id, Participant_id) VALUES (162,6)
INSERT INTO Workshop_registration (reservation_id, Participant_id) VALUES (162,33)
INSERT INTO Workshop_registration (reservation_id, Participant_id) VALUES (162,13)
INSERT INTO Workshop_registration (reservation_id, Participant_id) VALUES (162,24)
INSERT INTO Workshop_registration (reservation_id, Participant_id) VALUES (162,4)
INSERT INTO Workshop_registration (reservation_id, Participant_id) VALUES (162,16)
INSERT INTO Workshop_registration (reservation_id, Participant_id) VALUES (162,5)
INSERT INTO Workshop_registration (reservation_id, Participant_id) VALUES (162,10)
INSERT INTO Workshop_registration (reservation_id, Participant_id) VALUES (162,19)
INSERT INTO Workshop_reservations (reservation_id, workshop_id, reservation_date, due_price, nr_of_seats) VALUES (163,36,2020-03-11,'2021-05-26',8)
INSERT INTO Workshop_registration (reservation_id, Participant_id) VALUES (163,9)
INSERT INTO Workshop_registration (reservation_id, Participant_id) VALUES (163,35)
INSERT INTO Workshop_registration (reservation_id, Participant_id) VALUES (163,34)
INSERT INTO Workshop_registration (reservation_id, Participant_id) VALUES (163,21)
INSERT INTO Workshop_registration (reservation_id, Participant_id) VALUES (163,33)
INSERT INTO Workshop_registration (reservation_id, Participant_id) VALUES (163,7)
INSERT INTO Workshop_registration (reservation_id, Participant_id) VALUES (163,14)
INSERT INTO Workshop_registration (reservation_id, Participant_id) VALUES (163,1)
INSERT INTO Workshop_reservations (reservation_id, workshop_id, reservation_date, due_price, nr_of_seats) VALUES (164,36,2021-06-05,'2021-06-29',5)
INSERT INTO Workshop_registration (reservation_id, Participant_id) VALUES (164,16)
INSERT INTO Workshop_registration (reservation_id, Participant_id) VALUES (164,5)
INSERT INTO Workshop_registration (reservation_id, Participant_id) VALUES (164,11)
INSERT INTO Workshop_registration (reservation_id, Participant_id) VALUES (164,17)
INSERT INTO Workshop_registration (reservation_id, Participant_id) VALUES (164,3)
INSERT INTO Workshop_reservations (reservation_id, workshop_id, reservation_date, due_price, nr_of_seats) VALUES (165,36,2021-09-08,'2022-03-12',8)
INSERT INTO Workshop_registration (reservation_id, Participant_id) VALUES (165,37)
INSERT INTO Workshop_registration (reservation_id, Participant_id) VALUES (165,16)
INSERT INTO Workshop_registration (reservation_id, Participant_id) VALUES (165,34)
INSERT INTO Workshop_registration (reservation_id, Participant_id) VALUES (165,28)
INSERT INTO Workshop_registration (reservation_id, Participant_id) VALUES (165,15)
INSERT INTO Workshop_registration (reservation_id, Participant_id) VALUES (165,3)
INSERT INTO Workshop_registration (reservation_id, Participant_id) VALUES (165,30)
INSERT INTO Workshop_registration (reservation_id, Participant_id) VALUES (165,18)
INSERT INTO Workshop_reservations (reservation_id, workshop_id, reservation_date, due_price, nr_of_seats) VALUES (166,36,2022-03-18,'2022-07-08',16)
INSERT INTO Workshop_registration (reservation_id, Participant_id) VALUES (166,5)
INSERT INTO Workshop_registration (reservation_id, Participant_id) VALUES (166,2)
INSERT INTO Workshop_registration (reservation_id, Participant_id) VALUES (166,16)
INSERT INTO Workshop_registration (reservation_id, Participant_id) VALUES (166,21)
INSERT INTO Workshop_registration (reservation_id, Participant_id) VALUES (166,22)
INSERT INTO Workshop_registration (reservation_id, Participant_id) VALUES (166,32)
INSERT INTO Workshop_registration (reservation_id, Participant_id) VALUES (166,25)
INSERT INTO Workshop_registration (reservation_id, Participant_id) VALUES (166,3)
INSERT INTO Workshop_registration (reservation_id, Participant_id) VALUES (166,1)
INSERT INTO Workshop_registration (reservation_id, Participant_id) VALUES (166,35)
INSERT INTO Workshop_registration (reservation_id, Participant_id) VALUES (166,31)
INSERT INTO Workshop_registration (reservation_id, Participant_id) VALUES (166,36)
INSERT INTO Workshop_registration (reservation_id, Participant_id) VALUES (166,26)
INSERT INTO Workshop_registration (reservation_id, Participant_id) VALUES (166,11)
INSERT INTO Workshop_registration (reservation_id, Participant_id) VALUES (166,6)
INSERT INTO Workshop_registration (reservation_id, Participant_id) VALUES (166,14)
INSERT INTO Workshop_reservations (reservation_id, workshop_id, reservation_date, due_price, nr_of_seats) VALUES (167,36,2021-09-23,'2022-02-05',35)
INSERT INTO Workshop_registration (reservation_id, Participant_id) VALUES (167,6)
INSERT INTO Workshop_registration (reservation_id, Participant_id) VALUES (167,11)
INSERT INTO Workshop_registration (reservation_id, Participant_id) VALUES (167,38)
INSERT INTO Workshop_registration (reservation_id, Participant_id) VALUES (167,14)
INSERT INTO Workshop_registration (reservation_id, Participant_id) VALUES (167,4)
INSERT INTO Workshop_registration (reservation_id, Participant_id) VALUES (167,1)
INSERT INTO Workshop_registration (reservation_id, Participant_id) VALUES (167,24)
INSERT INTO Workshop_registration (reservation_id, Participant_id) VALUES (167,20)
INSERT INTO Workshop_registration (reservation_id, Participant_id) VALUES (167,34)
INSERT INTO Workshop_registration (reservation_id, Participant_id) VALUES (167,30)
INSERT INTO Workshop_registration (reservation_id, Participant_id) VALUES (167,28)
INSERT INTO Workshop_registration (reservation_id, Participant_id) VALUES (167,33)
INSERT INTO Workshop_registration (reservation_id, Participant_id) VALUES (167,7)
INSERT INTO Workshop_registration (reservation_id, Participant_id) VALUES (167,9)
INSERT INTO Workshop_registration (reservation_id, Participant_id) VALUES (167,5)
INSERT INTO Workshop_registration (reservation_id, Participant_id) VALUES (167,18)
INSERT INTO Workshop_registration (reservation_id, Participant_id) VALUES (167,31)
INSERT INTO Workshop_registration (reservation_id, Participant_id) VALUES (167,12)
INSERT INTO Workshop_registration (reservation_id, Participant_id) VALUES (167,32)
INSERT INTO Workshop_registration (reservation_id, Participant_id) VALUES (167,19)
INSERT INTO Workshop_registration (reservation_id, Participant_id) VALUES (167,3)
INSERT INTO Workshop_registration (reservation_id, Participant_id) VALUES (167,15)
INSERT INTO Workshop_registration (reservation_id, Participant_id) VALUES (167,36)
INSERT INTO Workshop_registration (reservation_id, Participant_id) VALUES (167,16)
INSERT INTO Workshop_registration (reservation_id, Participant_id) VALUES (167,8)
INSERT INTO Workshop_registration (reservation_id, Participant_id) VALUES (167,22)
INSERT INTO Workshop_registration (reservation_id, Participant_id) VALUES (167,10)
INSERT INTO Workshop_registration (reservation_id, Participant_id) VALUES (167,23)
INSERT INTO Workshop_registration (reservation_id, Participant_id) VALUES (167,25)
INSERT INTO Workshop_registration (reservation_id, Participant_id) VALUES (167,27)
INSERT INTO Workshop_registration (reservation_id, Participant_id) VALUES (167,26)
INSERT INTO Workshop_registration (reservation_id, Participant_id) VALUES (167,37)
INSERT INTO Workshop_registration (reservation_id, Participant_id) VALUES (167,29)
INSERT INTO Workshop_registration (reservation_id, Participant_id) VALUES (167,21)
INSERT INTO Workshop_registration (reservation_id, Participant_id) VALUES (167,2)
INSERT INTO Workshop_reservations (reservation_id, workshop_id, reservation_date, due_price, nr_of_seats) VALUES (168,36,2021-04-10,'2021-09-09',16)
INSERT INTO Workshop_registration (reservation_id, Participant_id) VALUES (168,36)
INSERT INTO Workshop_registration (reservation_id, Participant_id) VALUES (168,18)
INSERT INTO Workshop_registration (reservation_id, Participant_id) VALUES (168,32)
INSERT INTO Workshop_registration (reservation_id, Participant_id) VALUES (168,27)
INSERT INTO Workshop_registration (reservation_id, Participant_id) VALUES (168,37)
INSERT INTO Workshop_registration (reservation_id, Participant_id) VALUES (168,2)
INSERT INTO Workshop_registration (reservation_id, Participant_id) VALUES (168,33)
INSERT INTO Workshop_registration (reservation_id, Participant_id) VALUES (168,15)
INSERT INTO Workshop_registration (reservation_id, Participant_id) VALUES (168,17)
INSERT INTO Workshop_registration (reservation_id, Participant_id) VALUES (168,13)
INSERT INTO Workshop_registration (reservation_id, Participant_id) VALUES (168,8)
INSERT INTO Workshop_registration (reservation_id, Participant_id) VALUES (168,23)
INSERT INTO Workshop_registration (reservation_id, Participant_id) VALUES (168,7)
INSERT INTO Workshop_registration (reservation_id, Participant_id) VALUES (168,1)
INSERT INTO Workshop_registration (reservation_id, Participant_id) VALUES (168,10)
INSERT INTO Workshop_registration (reservation_id, Participant_id) VALUES (168,22)
SET IDENTITY_INSERT  Workshop_reservations OFF
SET IDENTITY_INSERT  Workshops ON
INSERT INTO Workshops (workshop_id, conference_day_id, start_time, end_time, topic, price, number_of_seats) VALUES (37,10,'2022-07-12 02:48:00','2022-07-12 10:55:00','exploit turn-key architectures','619.95','59')
SET IDENTITY_INSERT  Workshops OFF
SET IDENTITY_INSERT  Workshop_reservations ON
INSERT INTO Workshop_reservations (reservation_id, workshop_id, reservation_date, due_price, nr_of_seats) VALUES (169,37,2020-12-08,'2021-09-23',4)
INSERT INTO Workshop_registration (reservation_id, Participant_id) VALUES (169,16)
INSERT INTO Workshop_registration (reservation_id, Participant_id) VALUES (169,35)
INSERT INTO Workshop_registration (reservation_id, Participant_id) VALUES (169,12)
INSERT INTO Workshop_registration (reservation_id, Participant_id) VALUES (169,33)
INSERT INTO Workshop_reservations (reservation_id, workshop_id, reservation_date, due_price, nr_of_seats) VALUES (170,37,2020-08-02,'2022-01-10',5)
INSERT INTO Workshop_registration (reservation_id, Participant_id) VALUES (170,31)
INSERT INTO Workshop_registration (reservation_id, Participant_id) VALUES (170,33)
INSERT INTO Workshop_registration (reservation_id, Participant_id) VALUES (170,19)
INSERT INTO Workshop_registration (reservation_id, Participant_id) VALUES (170,15)
INSERT INTO Workshop_registration (reservation_id, Participant_id) VALUES (170,1)
INSERT INTO Workshop_reservations (reservation_id, workshop_id, reservation_date, due_price, nr_of_seats) VALUES (171,37,2021-05-15,'2022-06-30',21)
INSERT INTO Workshop_registration (reservation_id, Participant_id) VALUES (171,4)
INSERT INTO Workshop_registration (reservation_id, Participant_id) VALUES (171,22)
INSERT INTO Workshop_registration (reservation_id, Participant_id) VALUES (171,14)
INSERT INTO Workshop_registration (reservation_id, Participant_id) VALUES (171,15)
INSERT INTO Workshop_registration (reservation_id, Participant_id) VALUES (171,5)
INSERT INTO Workshop_registration (reservation_id, Participant_id) VALUES (171,19)
INSERT INTO Workshop_registration (reservation_id, Participant_id) VALUES (171,1)
INSERT INTO Workshop_registration (reservation_id, Participant_id) VALUES (171,7)
INSERT INTO Workshop_registration (reservation_id, Participant_id) VALUES (171,11)
INSERT INTO Workshop_registration (reservation_id, Participant_id) VALUES (171,38)
INSERT INTO Workshop_registration (reservation_id, Participant_id) VALUES (171,8)
INSERT INTO Workshop_registration (reservation_id, Participant_id) VALUES (171,30)
INSERT INTO Workshop_registration (reservation_id, Participant_id) VALUES (171,24)
INSERT INTO Workshop_registration (reservation_id, Participant_id) VALUES (171,35)
INSERT INTO Workshop_registration (reservation_id, Participant_id) VALUES (171,16)
INSERT INTO Workshop_registration (reservation_id, Participant_id) VALUES (171,25)
INSERT INTO Workshop_registration (reservation_id, Participant_id) VALUES (171,3)
INSERT INTO Workshop_registration (reservation_id, Participant_id) VALUES (171,13)
INSERT INTO Workshop_registration (reservation_id, Participant_id) VALUES (171,27)
INSERT INTO Workshop_registration (reservation_id, Participant_id) VALUES (171,20)
INSERT INTO Workshop_registration (reservation_id, Participant_id) VALUES (171,9)
INSERT INTO Workshop_reservations (reservation_id, workshop_id, reservation_date, due_price, nr_of_seats) VALUES (172,37,2021-06-26,'2021-08-06',25)
INSERT INTO Workshop_registration (reservation_id, Participant_id) VALUES (172,36)
INSERT INTO Workshop_registration (reservation_id, Participant_id) VALUES (172,16)
INSERT INTO Workshop_registration (reservation_id, Participant_id) VALUES (172,34)
INSERT INTO Workshop_registration (reservation_id, Participant_id) VALUES (172,28)
INSERT INTO Workshop_registration (reservation_id, Participant_id) VALUES (172,9)
INSERT INTO Workshop_registration (reservation_id, Participant_id) VALUES (172,14)
INSERT INTO Workshop_registration (reservation_id, Participant_id) VALUES (172,15)
INSERT INTO Workshop_registration (reservation_id, Participant_id) VALUES (172,22)
INSERT INTO Workshop_registration (reservation_id, Participant_id) VALUES (172,3)
INSERT INTO Workshop_registration (reservation_id, Participant_id) VALUES (172,7)
INSERT INTO Workshop_registration (reservation_id, Participant_id) VALUES (172,31)
INSERT INTO Workshop_registration (reservation_id, Participant_id) VALUES (172,17)
INSERT INTO Workshop_registration (reservation_id, Participant_id) VALUES (172,35)
INSERT INTO Workshop_registration (reservation_id, Participant_id) VALUES (172,33)
INSERT INTO Workshop_registration (reservation_id, Participant_id) VALUES (172,4)
INSERT INTO Workshop_registration (reservation_id, Participant_id) VALUES (172,32)
INSERT INTO Workshop_registration (reservation_id, Participant_id) VALUES (172,24)
INSERT INTO Workshop_registration (reservation_id, Participant_id) VALUES (172,1)
INSERT INTO Workshop_registration (reservation_id, Participant_id) VALUES (172,6)
INSERT INTO Workshop_registration (reservation_id, Participant_id) VALUES (172,27)
INSERT INTO Workshop_registration (reservation_id, Participant_id) VALUES (172,12)
INSERT INTO Workshop_registration (reservation_id, Participant_id) VALUES (172,18)
INSERT INTO Workshop_registration (reservation_id, Participant_id) VALUES (172,26)
INSERT INTO Workshop_registration (reservation_id, Participant_id) VALUES (172,11)
INSERT INTO Workshop_registration (reservation_id, Participant_id) VALUES (172,5)
INSERT INTO Workshop_reservations (reservation_id, workshop_id, reservation_date, due_price, nr_of_seats) VALUES (173,37,2022-03-06,'2022-06-24',31)
INSERT INTO Workshop_registration (reservation_id, Participant_id) VALUES (173,8)
INSERT INTO Workshop_registration (reservation_id, Participant_id) VALUES (173,25)
INSERT INTO Workshop_registration (reservation_id, Participant_id) VALUES (173,20)
INSERT INTO Workshop_registration (reservation_id, Participant_id) VALUES (173,18)
INSERT INTO Workshop_registration (reservation_id, Participant_id) VALUES (173,5)
INSERT INTO Workshop_registration (reservation_id, Participant_id) VALUES (173,34)
INSERT INTO Workshop_registration (reservation_id, Participant_id) VALUES (173,23)
INSERT INTO Workshop_registration (reservation_id, Participant_id) VALUES (173,38)
INSERT INTO Workshop_registration (reservation_id, Participant_id) VALUES (173,36)
INSERT INTO Workshop_registration (reservation_id, Participant_id) VALUES (173,11)
INSERT INTO Workshop_registration (reservation_id, Participant_id) VALUES (173,24)
INSERT INTO Workshop_registration (reservation_id, Participant_id) VALUES (173,16)
INSERT INTO Workshop_registration (reservation_id, Participant_id) VALUES (173,30)
INSERT INTO Workshop_registration (reservation_id, Participant_id) VALUES (173,14)
INSERT INTO Workshop_registration (reservation_id, Participant_id) VALUES (173,6)
INSERT INTO Workshop_registration (reservation_id, Participant_id) VALUES (173,3)
INSERT INTO Workshop_registration (reservation_id, Participant_id) VALUES (173,15)
INSERT INTO Workshop_registration (reservation_id, Participant_id) VALUES (173,17)
INSERT INTO Workshop_registration (reservation_id, Participant_id) VALUES (173,32)
INSERT INTO Workshop_registration (reservation_id, Participant_id) VALUES (173,28)
INSERT INTO Workshop_registration (reservation_id, Participant_id) VALUES (173,2)
INSERT INTO Workshop_registration (reservation_id, Participant_id) VALUES (173,21)
INSERT INTO Workshop_registration (reservation_id, Participant_id) VALUES (173,22)
INSERT INTO Workshop_registration (reservation_id, Participant_id) VALUES (173,26)
INSERT INTO Workshop_registration (reservation_id, Participant_id) VALUES (173,19)
INSERT INTO Workshop_registration (reservation_id, Participant_id) VALUES (173,9)
INSERT INTO Workshop_registration (reservation_id, Participant_id) VALUES (173,10)
INSERT INTO Workshop_registration (reservation_id, Participant_id) VALUES (173,7)
INSERT INTO Workshop_registration (reservation_id, Participant_id) VALUES (173,4)
INSERT INTO Workshop_registration (reservation_id, Participant_id) VALUES (173,1)
INSERT INTO Workshop_registration (reservation_id, Participant_id) VALUES (173,33)
INSERT INTO Workshop_reservations (reservation_id, workshop_id, reservation_date, due_price, nr_of_seats) VALUES (174,37,2021-02-06,'2022-06-12',17)
INSERT INTO Workshop_registration (reservation_id, Participant_id) VALUES (174,3)
INSERT INTO Workshop_registration (reservation_id, Participant_id) VALUES (174,33)
INSERT INTO Workshop_registration (reservation_id, Participant_id) VALUES (174,10)
INSERT INTO Workshop_registration (reservation_id, Participant_id) VALUES (174,7)
INSERT INTO Workshop_registration (reservation_id, Participant_id) VALUES (174,6)
INSERT INTO Workshop_registration (reservation_id, Participant_id) VALUES (174,18)
INSERT INTO Workshop_registration (reservation_id, Participant_id) VALUES (174,28)
INSERT INTO Workshop_registration (reservation_id, Participant_id) VALUES (174,30)
INSERT INTO Workshop_registration (reservation_id, Participant_id) VALUES (174,24)
INSERT INTO Workshop_registration (reservation_id, Participant_id) VALUES (174,1)
INSERT INTO Workshop_registration (reservation_id, Participant_id) VALUES (174,38)
INSERT INTO Workshop_registration (reservation_id, Participant_id) VALUES (174,32)
INSERT INTO Workshop_registration (reservation_id, Participant_id) VALUES (174,25)
INSERT INTO Workshop_registration (reservation_id, Participant_id) VALUES (174,14)
INSERT INTO Workshop_registration (reservation_id, Participant_id) VALUES (174,36)
INSERT INTO Workshop_registration (reservation_id, Participant_id) VALUES (174,12)
INSERT INTO Workshop_registration (reservation_id, Participant_id) VALUES (174,29)
SET IDENTITY_INSERT  Workshop_reservations OFF
SET IDENTITY_INSERT  Workshops ON
INSERT INTO Workshops (workshop_id, conference_day_id, start_time, end_time, topic, price, number_of_seats) VALUES (38,10,'2022-07-12 01:52:00','2022-07-12 10:56:00','whiteboard compelling applications','395.1','45')
SET IDENTITY_INSERT  Workshops OFF
SET IDENTITY_INSERT  Workshop_reservations ON
INSERT INTO Workshop_reservations (reservation_id, workshop_id, reservation_date, due_price, nr_of_seats) VALUES (175,38,2021-06-23,'2022-03-01',27)
INSERT INTO Workshop_registration (reservation_id, Participant_id) VALUES (175,7)
INSERT INTO Workshop_registration (reservation_id, Participant_id) VALUES (175,6)
INSERT INTO Workshop_registration (reservation_id, Participant_id) VALUES (175,2)
INSERT INTO Workshop_registration (reservation_id, Participant_id) VALUES (175,26)
INSERT INTO Workshop_registration (reservation_id, Participant_id) VALUES (175,20)
INSERT INTO Workshop_registration (reservation_id, Participant_id) VALUES (175,12)
INSERT INTO Workshop_registration (reservation_id, Participant_id) VALUES (175,22)
INSERT INTO Workshop_registration (reservation_id, Participant_id) VALUES (175,33)
INSERT INTO Workshop_registration (reservation_id, Participant_id) VALUES (175,37)
INSERT INTO Workshop_registration (reservation_id, Participant_id) VALUES (175,38)
INSERT INTO Workshop_registration (reservation_id, Participant_id) VALUES (175,35)
INSERT INTO Workshop_registration (reservation_id, Participant_id) VALUES (175,9)
INSERT INTO Workshop_registration (reservation_id, Participant_id) VALUES (175,21)
INSERT INTO Workshop_registration (reservation_id, Participant_id) VALUES (175,5)
INSERT INTO Workshop_registration (reservation_id, Participant_id) VALUES (175,34)
INSERT INTO Workshop_registration (reservation_id, Participant_id) VALUES (175,30)
INSERT INTO Workshop_registration (reservation_id, Participant_id) VALUES (175,3)
INSERT INTO Workshop_registration (reservation_id, Participant_id) VALUES (175,19)
INSERT INTO Workshop_registration (reservation_id, Participant_id) VALUES (175,32)
INSERT INTO Workshop_registration (reservation_id, Participant_id) VALUES (175,25)
INSERT INTO Workshop_registration (reservation_id, Participant_id) VALUES (175,29)
INSERT INTO Workshop_registration (reservation_id, Participant_id) VALUES (175,15)
INSERT INTO Workshop_registration (reservation_id, Participant_id) VALUES (175,18)
INSERT INTO Workshop_registration (reservation_id, Participant_id) VALUES (175,17)
INSERT INTO Workshop_registration (reservation_id, Participant_id) VALUES (175,13)
INSERT INTO Workshop_registration (reservation_id, Participant_id) VALUES (175,8)
INSERT INTO Workshop_registration (reservation_id, Participant_id) VALUES (175,16)
INSERT INTO Workshop_reservations (reservation_id, workshop_id, reservation_date, due_price, nr_of_seats) VALUES (176,38,2020-12-20,'2021-05-03',15)
INSERT INTO Workshop_registration (reservation_id, Participant_id) VALUES (176,32)
INSERT INTO Workshop_registration (reservation_id, Participant_id) VALUES (176,13)
INSERT INTO Workshop_registration (reservation_id, Participant_id) VALUES (176,38)
INSERT INTO Workshop_registration (reservation_id, Participant_id) VALUES (176,20)
INSERT INTO Workshop_registration (reservation_id, Participant_id) VALUES (176,26)
INSERT INTO Workshop_registration (reservation_id, Participant_id) VALUES (176,22)
INSERT INTO Workshop_registration (reservation_id, Participant_id) VALUES (176,25)
INSERT INTO Workshop_registration (reservation_id, Participant_id) VALUES (176,34)
INSERT INTO Workshop_registration (reservation_id, Participant_id) VALUES (176,5)
INSERT INTO Workshop_registration (reservation_id, Participant_id) VALUES (176,6)
INSERT INTO Workshop_registration (reservation_id, Participant_id) VALUES (176,17)
INSERT INTO Workshop_registration (reservation_id, Participant_id) VALUES (176,33)
INSERT INTO Workshop_registration (reservation_id, Participant_id) VALUES (176,24)
INSERT INTO Workshop_registration (reservation_id, Participant_id) VALUES (176,21)
INSERT INTO Workshop_registration (reservation_id, Participant_id) VALUES (176,35)
SET IDENTITY_INSERT  Workshop_reservations OFF
SET IDENTITY_INSERT  Conference_day_reservations ON
INSERT INTO Conference_day_reservations (reservation_id, conference_day_id, clients_id, reservation_date, active, due_price, adult_seats, student_seats) VALUES (49,10,1,'2021-06-06','0','2021-09-04','27','4')
INSERT INTO Payments (reservation_id, in_date, value) VALUES (49,'2021-06-14',32.8)
INSERT INTO Payments (reservation_id, in_date, value) VALUES (49,'2021-09-01',101.0)
INSERT INTO Payments (reservation_id, in_date, value) VALUES (49,'2021-08-04',147.0)
INSERT INTO Payments (reservation_id, in_date, value) VALUES (49,'2021-08-03',112.0)
INSERT INTO Conference_day_registration (reservation_id, Participant_id, is_student) VALUES (49,5,0)
INSERT INTO Conference_day_registration (reservation_id, Participant_id, is_student) VALUES (49,12,0)
INSERT INTO Conference_day_registration (reservation_id, Participant_id, is_student) VALUES (49,35,0)
INSERT INTO Conference_day_registration (reservation_id, Participant_id, is_student) VALUES (49,34,0)
INSERT INTO Conference_day_registration (reservation_id, Participant_id, is_student) VALUES (49,25,0)
INSERT INTO Conference_day_registration (reservation_id, Participant_id, is_student) VALUES (49,28,0)
INSERT INTO Conference_day_registration (reservation_id, Participant_id, is_student) VALUES (49,19,0)
INSERT INTO Conference_day_registration (reservation_id, Participant_id, is_student) VALUES (49,30,0)
INSERT INTO Conference_day_registration (reservation_id, Participant_id, is_student) VALUES (49,27,0)
INSERT INTO Conference_day_registration (reservation_id, Participant_id, is_student) VALUES (49,11,0)
INSERT INTO Conference_day_registration (reservation_id, Participant_id, is_student) VALUES (49,18,0)
INSERT INTO Conference_day_registration (reservation_id, Participant_id, is_student) VALUES (49,6,0)
INSERT INTO Conference_day_registration (reservation_id, Participant_id, is_student) VALUES (49,33,0)
INSERT INTO Conference_day_registration (reservation_id, Participant_id, is_student) VALUES (49,17,0)
INSERT INTO Conference_day_registration (reservation_id, Participant_id, is_student) VALUES (49,7,0)
INSERT INTO Conference_day_registration (reservation_id, Participant_id, is_student) VALUES (49,20,0)
INSERT INTO Conference_day_registration (reservation_id, Participant_id, is_student) VALUES (49,36,0)
INSERT INTO Conference_day_registration (reservation_id, Participant_id, is_student) VALUES (49,22,0)
INSERT INTO Conference_day_registration (reservation_id, Participant_id, is_student) VALUES (49,1,0)
INSERT INTO Conference_day_registration (reservation_id, Participant_id, is_student) VALUES (49,26,0)
INSERT INTO Conference_day_registration (reservation_id, Participant_id, is_student) VALUES (49,2,0)
INSERT INTO Conference_day_registration (reservation_id, Participant_id, is_student) VALUES (49,23,0)
INSERT INTO Conference_day_registration (reservation_id, Participant_id, is_student) VALUES (49,13,0)
INSERT INTO Conference_day_registration (reservation_id, Participant_id, is_student) VALUES (49,8,0)
INSERT INTO Conference_day_registration (reservation_id, Participant_id, is_student) VALUES (49,32,0)
INSERT INTO Conference_day_registration (reservation_id, Participant_id, is_student) VALUES (49,21,0)
INSERT INTO Conference_day_registration (reservation_id, Participant_id, is_student) VALUES (49,37,0)
INSERT INTO Conference_day_registration (reservation_id, Participant_id, is_student) VALUES (49,15,1)
INSERT INTO Conference_day_registration (reservation_id, Participant_id, is_student) VALUES (49,14,1)
INSERT INTO Conference_day_registration (reservation_id, Participant_id, is_student) VALUES (49,24,1)
INSERT INTO Conference_day_registration (reservation_id, Participant_id, is_student) VALUES (49,3,1)
INSERT INTO Conference_day_reservations (reservation_id, conference_day_id, clients_id, reservation_date, active, due_price, adult_seats, student_seats) VALUES (50,10,6,'2021-10-24','1','2022-01-31','14','12')
INSERT INTO Payments (reservation_id, in_date, value) VALUES (50,'2022-01-22',167.4)
INSERT INTO Payments (reservation_id, in_date, value) VALUES (50,'2022-01-21',219.0)
INSERT INTO Conference_day_registration (reservation_id, Participant_id, is_student) VALUES (50,1,0)
INSERT INTO Conference_day_registration (reservation_id, Participant_id, is_student) VALUES (50,33,0)
INSERT INTO Conference_day_registration (reservation_id, Participant_id, is_student) VALUES (50,7,0)
INSERT INTO Conference_day_registration (reservation_id, Participant_id, is_student) VALUES (50,2,0)
INSERT INTO Conference_day_registration (reservation_id, Participant_id, is_student) VALUES (50,14,0)
INSERT INTO Conference_day_registration (reservation_id, Participant_id, is_student) VALUES (50,34,0)
INSERT INTO Conference_day_registration (reservation_id, Participant_id, is_student) VALUES (50,5,0)
INSERT INTO Conference_day_registration (reservation_id, Participant_id, is_student) VALUES (50,4,0)
INSERT INTO Conference_day_registration (reservation_id, Participant_id, is_student) VALUES (50,16,0)
INSERT INTO Conference_day_registration (reservation_id, Participant_id, is_student) VALUES (50,38,0)
INSERT INTO Conference_day_registration (reservation_id, Participant_id, is_student) VALUES (50,6,0)
INSERT INTO Conference_day_registration (reservation_id, Participant_id, is_student) VALUES (50,35,0)
INSERT INTO Conference_day_registration (reservation_id, Participant_id, is_student) VALUES (50,10,0)
INSERT INTO Conference_day_registration (reservation_id, Participant_id, is_student) VALUES (50,25,0)
INSERT INTO Conference_day_registration (reservation_id, Participant_id, is_student) VALUES (50,27,1)
INSERT INTO Conference_day_registration (reservation_id, Participant_id, is_student) VALUES (50,22,1)
INSERT INTO Conference_day_registration (reservation_id, Participant_id, is_student) VALUES (50,21,1)
INSERT INTO Conference_day_registration (reservation_id, Participant_id, is_student) VALUES (50,36,1)
INSERT INTO Conference_day_registration (reservation_id, Participant_id, is_student) VALUES (50,12,1)
INSERT INTO Conference_day_registration (reservation_id, Participant_id, is_student) VALUES (50,29,1)
INSERT INTO Conference_day_registration (reservation_id, Participant_id, is_student) VALUES (50,18,1)
INSERT INTO Conference_day_registration (reservation_id, Participant_id, is_student) VALUES (50,20,1)
INSERT INTO Conference_day_registration (reservation_id, Participant_id, is_student) VALUES (50,15,1)
INSERT INTO Conference_day_registration (reservation_id, Participant_id, is_student) VALUES (50,23,1)
INSERT INTO Conference_day_registration (reservation_id, Participant_id, is_student) VALUES (50,17,1)
INSERT INTO Conference_day_registration (reservation_id, Participant_id, is_student) VALUES (50,9,1)
INSERT INTO Conference_day_reservations (reservation_id, conference_day_id, clients_id, reservation_date, active, due_price, adult_seats, student_seats) VALUES (51,10,6,'2021-12-22','1','2022-02-10','12','20')
INSERT INTO Payments (reservation_id, in_date, value) VALUES (51,'2022-01-21',110.67)
INSERT INTO Payments (reservation_id, in_date, value) VALUES (51,'2022-01-23',156.0)
INSERT INTO Payments (reservation_id, in_date, value) VALUES (51,'2022-01-18',124.0)
INSERT INTO Conference_day_registration (reservation_id, Participant_id, is_student) VALUES (51,7,0)
INSERT INTO Conference_day_registration (reservation_id, Participant_id, is_student) VALUES (51,8,0)
INSERT INTO Conference_day_registration (reservation_id, Participant_id, is_student) VALUES (51,35,0)
INSERT INTO Conference_day_registration (reservation_id, Participant_id, is_student) VALUES (51,17,0)
INSERT INTO Conference_day_registration (reservation_id, Participant_id, is_student) VALUES (51,37,0)
INSERT INTO Conference_day_registration (reservation_id, Participant_id, is_student) VALUES (51,1,0)
INSERT INTO Conference_day_registration (reservation_id, Participant_id, is_student) VALUES (51,4,0)
INSERT INTO Conference_day_registration (reservation_id, Participant_id, is_student) VALUES (51,20,0)
INSERT INTO Conference_day_registration (reservation_id, Participant_id, is_student) VALUES (51,11,0)
INSERT INTO Conference_day_registration (reservation_id, Participant_id, is_student) VALUES (51,14,0)
INSERT INTO Conference_day_registration (reservation_id, Participant_id, is_student) VALUES (51,25,0)
INSERT INTO Conference_day_registration (reservation_id, Participant_id, is_student) VALUES (51,24,0)
INSERT INTO Conference_day_registration (reservation_id, Participant_id, is_student) VALUES (51,2,1)
INSERT INTO Conference_day_registration (reservation_id, Participant_id, is_student) VALUES (51,6,1)
INSERT INTO Conference_day_registration (reservation_id, Participant_id, is_student) VALUES (51,21,1)
INSERT INTO Conference_day_registration (reservation_id, Participant_id, is_student) VALUES (51,18,1)
INSERT INTO Conference_day_registration (reservation_id, Participant_id, is_student) VALUES (51,9,1)
INSERT INTO Conference_day_registration (reservation_id, Participant_id, is_student) VALUES (51,22,1)
INSERT INTO Conference_day_registration (reservation_id, Participant_id, is_student) VALUES (51,36,1)
INSERT INTO Conference_day_registration (reservation_id, Participant_id, is_student) VALUES (51,16,1)
INSERT INTO Conference_day_registration (reservation_id, Participant_id, is_student) VALUES (51,10,1)
INSERT INTO Conference_day_registration (reservation_id, Participant_id, is_student) VALUES (51,13,1)
INSERT INTO Conference_day_registration (reservation_id, Participant_id, is_student) VALUES (51,12,1)
INSERT INTO Conference_day_registration (reservation_id, Participant_id, is_student) VALUES (51,29,1)
INSERT INTO Conference_day_registration (reservation_id, Participant_id, is_student) VALUES (51,28,1)
INSERT INTO Conference_day_registration (reservation_id, Participant_id, is_student) VALUES (51,32,1)
INSERT INTO Conference_day_registration (reservation_id, Participant_id, is_student) VALUES (51,33,1)
INSERT INTO Conference_day_registration (reservation_id, Participant_id, is_student) VALUES (51,26,1)
INSERT INTO Conference_day_registration (reservation_id, Participant_id, is_student) VALUES (51,38,1)
INSERT INTO Conference_day_registration (reservation_id, Participant_id, is_student) VALUES (51,34,1)
INSERT INTO Conference_day_registration (reservation_id, Participant_id, is_student) VALUES (51,27,1)
INSERT INTO Conference_day_registration (reservation_id, Participant_id, is_student) VALUES (51,5,1)
INSERT INTO Conference_day_reservations (reservation_id, conference_day_id, clients_id, reservation_date, active, due_price, adult_seats, student_seats) VALUES (52,10,1,'2022-02-09','1','2022-03-23','27','7')
INSERT INTO Payments (reservation_id, in_date, value) VALUES (52,'2022-03-01',395.132)
INSERT INTO Conference_day_registration (reservation_id, Participant_id, is_student) VALUES (52,38,0)
INSERT INTO Conference_day_registration (reservation_id, Participant_id, is_student) VALUES (52,12,0)
INSERT INTO Conference_day_registration (reservation_id, Participant_id, is_student) VALUES (52,36,0)
INSERT INTO Conference_day_registration (reservation_id, Participant_id, is_student) VALUES (52,31,0)
INSERT INTO Conference_day_registration (reservation_id, Participant_id, is_student) VALUES (52,37,0)
INSERT INTO Conference_day_registration (reservation_id, Participant_id, is_student) VALUES (52,14,0)
INSERT INTO Conference_day_registration (reservation_id, Participant_id, is_student) VALUES (52,9,0)
INSERT INTO Conference_day_registration (reservation_id, Participant_id, is_student) VALUES (52,28,0)
INSERT INTO Conference_day_registration (reservation_id, Participant_id, is_student) VALUES (52,35,0)
INSERT INTO Conference_day_registration (reservation_id, Participant_id, is_student) VALUES (52,11,0)
INSERT INTO Conference_day_registration (reservation_id, Participant_id, is_student) VALUES (52,8,0)
INSERT INTO Conference_day_registration (reservation_id, Participant_id, is_student) VALUES (52,16,0)
INSERT INTO Conference_day_registration (reservation_id, Participant_id, is_student) VALUES (52,17,0)
INSERT INTO Conference_day_registration (reservation_id, Participant_id, is_student) VALUES (52,7,0)
INSERT INTO Conference_day_registration (reservation_id, Participant_id, is_student) VALUES (52,6,0)
INSERT INTO Conference_day_registration (reservation_id, Participant_id, is_student) VALUES (52,10,0)
INSERT INTO Conference_day_registration (reservation_id, Participant_id, is_student) VALUES (52,32,0)
INSERT INTO Conference_day_registration (reservation_id, Participant_id, is_student) VALUES (52,13,0)
INSERT INTO Conference_day_registration (reservation_id, Participant_id, is_student) VALUES (52,4,0)
INSERT INTO Conference_day_registration (reservation_id, Participant_id, is_student) VALUES (52,1,0)
INSERT INTO Conference_day_registration (reservation_id, Participant_id, is_student) VALUES (52,20,0)
INSERT INTO Conference_day_registration (reservation_id, Participant_id, is_student) VALUES (52,25,0)
INSERT INTO Conference_day_registration (reservation_id, Participant_id, is_student) VALUES (52,15,0)
INSERT INTO Conference_day_registration (reservation_id, Participant_id, is_student) VALUES (52,19,0)
INSERT INTO Conference_day_registration (reservation_id, Participant_id, is_student) VALUES (52,5,0)
INSERT INTO Conference_day_registration (reservation_id, Participant_id, is_student) VALUES (52,2,0)
INSERT INTO Conference_day_registration (reservation_id, Participant_id, is_student) VALUES (52,24,0)
INSERT INTO Conference_day_registration (reservation_id, Participant_id, is_student) VALUES (52,3,1)
INSERT INTO Conference_day_registration (reservation_id, Participant_id, is_student) VALUES (52,27,1)
INSERT INTO Conference_day_registration (reservation_id, Participant_id, is_student) VALUES (52,33,1)
INSERT INTO Conference_day_registration (reservation_id, Participant_id, is_student) VALUES (52,29,1)
INSERT INTO Conference_day_registration (reservation_id, Participant_id, is_student) VALUES (52,22,1)
INSERT INTO Conference_day_registration (reservation_id, Participant_id, is_student) VALUES (52,23,1)
INSERT INTO Conference_day_registration (reservation_id, Participant_id, is_student) VALUES (52,26,1)
INSERT INTO Conference_day_reservations (reservation_id, conference_day_id, clients_id, reservation_date, active, due_price, adult_seats, student_seats) VALUES (53,10,2,'2021-05-27','1','2021-11-23','10','20')
INSERT INTO Payments (reservation_id, in_date, value) VALUES (53,'2021-07-17',58.73)
INSERT INTO Payments (reservation_id, in_date, value) VALUES (53,'2021-05-27',78.0)
INSERT INTO Payments (reservation_id, in_date, value) VALUES (53,'2021-10-26',62.0)
INSERT INTO Payments (reservation_id, in_date, value) VALUES (53,'2021-09-03',42.0)
INSERT INTO Payments (reservation_id, in_date, value) VALUES (53,'2021-08-19',148.0)
INSERT INTO Conference_day_registration (reservation_id, Participant_id, is_student) VALUES (53,17,0)
INSERT INTO Conference_day_registration (reservation_id, Participant_id, is_student) VALUES (53,6,0)
INSERT INTO Conference_day_registration (reservation_id, Participant_id, is_student) VALUES (53,32,0)
INSERT INTO Conference_day_registration (reservation_id, Participant_id, is_student) VALUES (53,33,0)
INSERT INTO Conference_day_registration (reservation_id, Participant_id, is_student) VALUES (53,14,0)
INSERT INTO Conference_day_registration (reservation_id, Participant_id, is_student) VALUES (53,22,0)
INSERT INTO Conference_day_registration (reservation_id, Participant_id, is_student) VALUES (53,27,0)
INSERT INTO Conference_day_registration (reservation_id, Participant_id, is_student) VALUES (53,9,0)
INSERT INTO Conference_day_registration (reservation_id, Participant_id, is_student) VALUES (53,20,0)
INSERT INTO Conference_day_registration (reservation_id, Participant_id, is_student) VALUES (53,23,0)
INSERT INTO Conference_day_registration (reservation_id, Participant_id, is_student) VALUES (53,5,1)
INSERT INTO Conference_day_registration (reservation_id, Participant_id, is_student) VALUES (53,29,1)
INSERT INTO Conference_day_registration (reservation_id, Participant_id, is_student) VALUES (53,4,1)
INSERT INTO Conference_day_registration (reservation_id, Participant_id, is_student) VALUES (53,18,1)
INSERT INTO Conference_day_registration (reservation_id, Participant_id, is_student) VALUES (53,30,1)
INSERT INTO Conference_day_registration (reservation_id, Participant_id, is_student) VALUES (53,24,1)
INSERT INTO Conference_day_registration (reservation_id, Participant_id, is_student) VALUES (53,38,1)
INSERT INTO Conference_day_registration (reservation_id, Participant_id, is_student) VALUES (53,1,1)
INSERT INTO Conference_day_registration (reservation_id, Participant_id, is_student) VALUES (53,13,1)
INSERT INTO Conference_day_registration (reservation_id, Participant_id, is_student) VALUES (53,10,1)
INSERT INTO Conference_day_registration (reservation_id, Participant_id, is_student) VALUES (53,34,1)
INSERT INTO Conference_day_registration (reservation_id, Participant_id, is_student) VALUES (53,2,1)
INSERT INTO Conference_day_registration (reservation_id, Participant_id, is_student) VALUES (53,3,1)
INSERT INTO Conference_day_registration (reservation_id, Participant_id, is_student) VALUES (53,25,1)
INSERT INTO Conference_day_registration (reservation_id, Participant_id, is_student) VALUES (53,36,1)
INSERT INTO Conference_day_registration (reservation_id, Participant_id, is_student) VALUES (53,35,1)
INSERT INTO Conference_day_registration (reservation_id, Participant_id, is_student) VALUES (53,15,1)
INSERT INTO Conference_day_registration (reservation_id, Participant_id, is_student) VALUES (53,37,1)
INSERT INTO Conference_day_registration (reservation_id, Participant_id, is_student) VALUES (53,19,1)
INSERT INTO Conference_day_registration (reservation_id, Participant_id, is_student) VALUES (53,8,1)
INSERT INTO Conference_day_reservations (reservation_id, conference_day_id, clients_id, reservation_date, active, due_price, adult_seats, student_seats) VALUES (54,10,5,'2022-05-30','1','2022-07-05','16','16')
INSERT INTO Payments (reservation_id, in_date, value) VALUES (54,'2022-06-27',114.45)
INSERT INTO Payments (reservation_id, in_date, value) VALUES (54,'2022-06-23',94.0)
INSERT INTO Payments (reservation_id, in_date, value) VALUES (54,'2022-06-03',183.0)
INSERT INTO Conference_day_registration (reservation_id, Participant_id, is_student) VALUES (54,33,0)
INSERT INTO Conference_day_registration (reservation_id, Participant_id, is_student) VALUES (54,17,0)
INSERT INTO Conference_day_registration (reservation_id, Participant_id, is_student) VALUES (54,19,0)
INSERT INTO Conference_day_registration (reservation_id, Participant_id, is_student) VALUES (54,16,0)
INSERT INTO Conference_day_registration (reservation_id, Participant_id, is_student) VALUES (54,21,0)
INSERT INTO Conference_day_registration (reservation_id, Participant_id, is_student) VALUES (54,27,0)
INSERT INTO Conference_day_registration (reservation_id, Participant_id, is_student) VALUES (54,30,0)
INSERT INTO Conference_day_registration (reservation_id, Participant_id, is_student) VALUES (54,6,0)
INSERT INTO Conference_day_registration (reservation_id, Participant_id, is_student) VALUES (54,29,0)
INSERT INTO Conference_day_registration (reservation_id, Participant_id, is_student) VALUES (54,24,0)
INSERT INTO Conference_day_registration (reservation_id, Participant_id, is_student) VALUES (54,9,0)
INSERT INTO Conference_day_registration (reservation_id, Participant_id, is_student) VALUES (54,2,0)
INSERT INTO Conference_day_registration (reservation_id, Participant_id, is_student) VALUES (54,5,0)
INSERT INTO Conference_day_registration (reservation_id, Participant_id, is_student) VALUES (54,15,0)
INSERT INTO Conference_day_registration (reservation_id, Participant_id, is_student) VALUES (54,8,0)
INSERT INTO Conference_day_registration (reservation_id, Participant_id, is_student) VALUES (54,26,0)
INSERT INTO Conference_day_registration (reservation_id, Participant_id, is_student) VALUES (54,34,1)
INSERT INTO Conference_day_registration (reservation_id, Participant_id, is_student) VALUES (54,32,1)
INSERT INTO Conference_day_registration (reservation_id, Participant_id, is_student) VALUES (54,11,1)
INSERT INTO Conference_day_registration (reservation_id, Participant_id, is_student) VALUES (54,4,1)
INSERT INTO Conference_day_registration (reservation_id, Participant_id, is_student) VALUES (54,37,1)
INSERT INTO Conference_day_registration (reservation_id, Participant_id, is_student) VALUES (54,12,1)
INSERT INTO Conference_day_registration (reservation_id, Participant_id, is_student) VALUES (54,1,1)
INSERT INTO Conference_day_registration (reservation_id, Participant_id, is_student) VALUES (54,14,1)
INSERT INTO Conference_day_registration (reservation_id, Participant_id, is_student) VALUES (54,23,1)
INSERT INTO Conference_day_registration (reservation_id, Participant_id, is_student) VALUES (54,20,1)
INSERT INTO Conference_day_registration (reservation_id, Participant_id, is_student) VALUES (54,35,1)
INSERT INTO Conference_day_registration (reservation_id, Participant_id, is_student) VALUES (54,13,1)
INSERT INTO Conference_day_registration (reservation_id, Participant_id, is_student) VALUES (54,22,1)
INSERT INTO Conference_day_registration (reservation_id, Participant_id, is_student) VALUES (54,36,1)
INSERT INTO Conference_day_registration (reservation_id, Participant_id, is_student) VALUES (54,10,1)
INSERT INTO Conference_day_registration (reservation_id, Participant_id, is_student) VALUES (54,25,1)
INSERT INTO Conference_day_reservations (reservation_id, conference_day_id, clients_id, reservation_date, active, due_price, adult_seats, student_seats) VALUES (55,10,6,'2021-01-06','0','2022-06-25','5','17')
INSERT INTO Payments (reservation_id, in_date, value) VALUES (55,'2021-12-04',197.55)
INSERT INTO Payments (reservation_id, in_date, value) VALUES (55,'2022-03-03',184.0)
INSERT INTO Conference_day_registration (reservation_id, Participant_id, is_student) VALUES (55,24,0)
INSERT INTO Conference_day_registration (reservation_id, Participant_id, is_student) VALUES (55,33,0)
INSERT INTO Conference_day_registration (reservation_id, Participant_id, is_student) VALUES (55,13,0)
INSERT INTO Conference_day_registration (reservation_id, Participant_id, is_student) VALUES (55,23,0)
INSERT INTO Conference_day_registration (reservation_id, Participant_id, is_student) VALUES (55,14,0)
INSERT INTO Conference_day_registration (reservation_id, Participant_id, is_student) VALUES (55,11,1)
INSERT INTO Conference_day_registration (reservation_id, Participant_id, is_student) VALUES (55,15,1)
INSERT INTO Conference_day_registration (reservation_id, Participant_id, is_student) VALUES (55,21,1)
INSERT INTO Conference_day_registration (reservation_id, Participant_id, is_student) VALUES (55,19,1)
INSERT INTO Conference_day_registration (reservation_id, Participant_id, is_student) VALUES (55,25,1)
INSERT INTO Conference_day_registration (reservation_id, Participant_id, is_student) VALUES (55,4,1)
INSERT INTO Conference_day_registration (reservation_id, Participant_id, is_student) VALUES (55,6,1)
INSERT INTO Conference_day_registration (reservation_id, Participant_id, is_student) VALUES (55,35,1)
INSERT INTO Conference_day_registration (reservation_id, Participant_id, is_student) VALUES (55,8,1)
INSERT INTO Conference_day_registration (reservation_id, Participant_id, is_student) VALUES (55,22,1)
INSERT INTO Conference_day_registration (reservation_id, Participant_id, is_student) VALUES (55,1,1)
INSERT INTO Conference_day_registration (reservation_id, Participant_id, is_student) VALUES (55,28,1)
INSERT INTO Conference_day_registration (reservation_id, Participant_id, is_student) VALUES (55,5,1)
INSERT INTO Conference_day_registration (reservation_id, Participant_id, is_student) VALUES (55,30,1)
INSERT INTO Conference_day_registration (reservation_id, Participant_id, is_student) VALUES (55,2,1)
INSERT INTO Conference_day_registration (reservation_id, Participant_id, is_student) VALUES (55,17,1)
INSERT INTO Conference_day_registration (reservation_id, Participant_id, is_student) VALUES (55,3,1)
INSERT INTO Conference_day_reservations (reservation_id, conference_day_id, clients_id, reservation_date, active, due_price, adult_seats, student_seats) VALUES (56,10,3,'2021-03-26','1','2021-10-06','17','13')
INSERT INTO Payments (reservation_id, in_date, value) VALUES (56,'2021-05-22',170.09)
INSERT INTO Payments (reservation_id, in_date, value) VALUES (56,'2021-04-02',132.0)
INSERT INTO Payments (reservation_id, in_date, value) VALUES (56,'2021-04-30',88.0)
INSERT INTO Conference_day_registration (reservation_id, Participant_id, is_student) VALUES (56,30,0)
INSERT INTO Conference_day_registration (reservation_id, Participant_id, is_student) VALUES (56,2,0)
INSERT INTO Conference_day_registration (reservation_id, Participant_id, is_student) VALUES (56,1,0)
INSERT INTO Conference_day_registration (reservation_id, Participant_id, is_student) VALUES (56,3,0)
INSERT INTO Conference_day_registration (reservation_id, Participant_id, is_student) VALUES (56,12,0)
INSERT INTO Conference_day_registration (reservation_id, Participant_id, is_student) VALUES (56,21,0)
INSERT INTO Conference_day_registration (reservation_id, Participant_id, is_student) VALUES (56,19,0)
INSERT INTO Conference_day_registration (reservation_id, Participant_id, is_student) VALUES (56,27,0)
INSERT INTO Conference_day_registration (reservation_id, Participant_id, is_student) VALUES (56,22,0)
INSERT INTO Conference_day_registration (reservation_id, Participant_id, is_student) VALUES (56,7,0)
INSERT INTO Conference_day_registration (reservation_id, Participant_id, is_student) VALUES (56,17,0)
INSERT INTO Conference_day_registration (reservation_id, Participant_id, is_student) VALUES (56,36,0)
INSERT INTO Conference_day_registration (reservation_id, Participant_id, is_student) VALUES (56,9,0)
INSERT INTO Conference_day_registration (reservation_id, Participant_id, is_student) VALUES (56,32,0)
INSERT INTO Conference_day_registration (reservation_id, Participant_id, is_student) VALUES (56,8,0)
INSERT INTO Conference_day_registration (reservation_id, Participant_id, is_student) VALUES (56,14,0)
INSERT INTO Conference_day_registration (reservation_id, Participant_id, is_student) VALUES (56,20,0)
INSERT INTO Conference_day_registration (reservation_id, Participant_id, is_student) VALUES (56,33,1)
INSERT INTO Conference_day_registration (reservation_id, Participant_id, is_student) VALUES (56,13,1)
INSERT INTO Conference_day_registration (reservation_id, Participant_id, is_student) VALUES (56,16,1)
INSERT INTO Conference_day_registration (reservation_id, Participant_id, is_student) VALUES (56,23,1)
INSERT INTO Conference_day_registration (reservation_id, Participant_id, is_student) VALUES (56,29,1)
INSERT INTO Conference_day_registration (reservation_id, Participant_id, is_student) VALUES (56,15,1)
INSERT INTO Conference_day_registration (reservation_id, Participant_id, is_student) VALUES (56,6,1)
INSERT INTO Conference_day_registration (reservation_id, Participant_id, is_student) VALUES (56,31,1)
INSERT INTO Conference_day_registration (reservation_id, Participant_id, is_student) VALUES (56,5,1)
INSERT INTO Conference_day_registration (reservation_id, Participant_id, is_student) VALUES (56,28,1)
INSERT INTO Conference_day_registration (reservation_id, Participant_id, is_student) VALUES (56,37,1)
INSERT INTO Conference_day_registration (reservation_id, Participant_id, is_student) VALUES (56,25,1)
INSERT INTO Conference_day_registration (reservation_id, Participant_id, is_student) VALUES (56,34,1)
SET IDENTITY_INSERT  Conference_day_reservations OFF
SET IDENTITY_INSERT Conference_days ON
INSERT INTO Conference_days (conference_day_id, conference_id, date, standard_price, student_discount) VALUES (11,4,'2022-07-13',813.44,0.48)
INSERT INTO Early_signup_discounts (conference_day_id, end_date, discount) VALUES (11,'2021-06-23','0.34')
INSERT INTO Early_signup_discounts (conference_day_id, end_date, discount) VALUES (11,'2019-02-17','0.04')
SET IDENTITY_INSERT Conference_days OFF
SET IDENTITY_INSERT  Workshops ON
INSERT INTO Workshops (workshop_id, conference_day_id, start_time, end_time, topic, price, number_of_seats) VALUES (39,11,'2022-07-13 03:04:00','2022-07-13 15:53:00','re-contextualize scalable bandwidth','551.71','72')
SET IDENTITY_INSERT  Workshops OFF
SET IDENTITY_INSERT  Workshop_reservations ON
INSERT INTO Workshop_reservations (reservation_id, workshop_id, reservation_date, due_price, nr_of_seats) VALUES (177,39,2022-02-17,'2022-05-02',14)
INSERT INTO Workshop_registration (reservation_id, Participant_id) VALUES (177,4)
INSERT INTO Workshop_registration (reservation_id, Participant_id) VALUES (177,8)
INSERT INTO Workshop_registration (reservation_id, Participant_id) VALUES (177,37)
INSERT INTO Workshop_registration (reservation_id, Participant_id) VALUES (177,25)
INSERT INTO Workshop_registration (reservation_id, Participant_id) VALUES (177,27)
INSERT INTO Workshop_registration (reservation_id, Participant_id) VALUES (177,14)
INSERT INTO Workshop_registration (reservation_id, Participant_id) VALUES (177,1)
INSERT INTO Workshop_registration (reservation_id, Participant_id) VALUES (177,34)
INSERT INTO Workshop_registration (reservation_id, Participant_id) VALUES (177,3)
INSERT INTO Workshop_registration (reservation_id, Participant_id) VALUES (177,20)
INSERT INTO Workshop_registration (reservation_id, Participant_id) VALUES (177,7)
INSERT INTO Workshop_registration (reservation_id, Participant_id) VALUES (177,21)
INSERT INTO Workshop_registration (reservation_id, Participant_id) VALUES (177,15)
INSERT INTO Workshop_registration (reservation_id, Participant_id) VALUES (177,31)
INSERT INTO Workshop_reservations (reservation_id, workshop_id, reservation_date, due_price, nr_of_seats) VALUES (178,39,2021-11-15,'2021-11-15',20)
INSERT INTO Workshop_registration (reservation_id, Participant_id) VALUES (178,1)
INSERT INTO Workshop_registration (reservation_id, Participant_id) VALUES (178,29)
INSERT INTO Workshop_registration (reservation_id, Participant_id) VALUES (178,26)
INSERT INTO Workshop_registration (reservation_id, Participant_id) VALUES (178,35)
INSERT INTO Workshop_registration (reservation_id, Participant_id) VALUES (178,4)
INSERT INTO Workshop_registration (reservation_id, Participant_id) VALUES (178,34)
INSERT INTO Workshop_registration (reservation_id, Participant_id) VALUES (178,27)
INSERT INTO Workshop_registration (reservation_id, Participant_id) VALUES (178,6)
INSERT INTO Workshop_registration (reservation_id, Participant_id) VALUES (178,8)
INSERT INTO Workshop_registration (reservation_id, Participant_id) VALUES (178,28)
INSERT INTO Workshop_registration (reservation_id, Participant_id) VALUES (178,23)
INSERT INTO Workshop_registration (reservation_id, Participant_id) VALUES (178,17)
INSERT INTO Workshop_registration (reservation_id, Participant_id) VALUES (178,30)
INSERT INTO Workshop_registration (reservation_id, Participant_id) VALUES (178,32)
INSERT INTO Workshop_registration (reservation_id, Participant_id) VALUES (178,21)
INSERT INTO Workshop_registration (reservation_id, Participant_id) VALUES (178,9)
INSERT INTO Workshop_registration (reservation_id, Participant_id) VALUES (178,33)
INSERT INTO Workshop_registration (reservation_id, Participant_id) VALUES (178,12)
INSERT INTO Workshop_registration (reservation_id, Participant_id) VALUES (178,24)
INSERT INTO Workshop_registration (reservation_id, Participant_id) VALUES (178,5)
INSERT INTO Workshop_reservations (reservation_id, workshop_id, reservation_date, due_price, nr_of_seats) VALUES (179,39,2020-11-26,'2021-07-15',31)
INSERT INTO Workshop_registration (reservation_id, Participant_id) VALUES (179,30)
INSERT INTO Workshop_registration (reservation_id, Participant_id) VALUES (179,18)
INSERT INTO Workshop_registration (reservation_id, Participant_id) VALUES (179,4)
INSERT INTO Workshop_registration (reservation_id, Participant_id) VALUES (179,14)
INSERT INTO Workshop_registration (reservation_id, Participant_id) VALUES (179,8)
INSERT INTO Workshop_registration (reservation_id, Participant_id) VALUES (179,35)
INSERT INTO Workshop_registration (reservation_id, Participant_id) VALUES (179,19)
INSERT INTO Workshop_registration (reservation_id, Participant_id) VALUES (179,33)
INSERT INTO Workshop_registration (reservation_id, Participant_id) VALUES (179,11)
INSERT INTO Workshop_registration (reservation_id, Participant_id) VALUES (179,20)
INSERT INTO Workshop_registration (reservation_id, Participant_id) VALUES (179,21)
INSERT INTO Workshop_registration (reservation_id, Participant_id) VALUES (179,31)
INSERT INTO Workshop_registration (reservation_id, Participant_id) VALUES (179,13)
INSERT INTO Workshop_registration (reservation_id, Participant_id) VALUES (179,15)
INSERT INTO Workshop_registration (reservation_id, Participant_id) VALUES (179,2)
INSERT INTO Workshop_registration (reservation_id, Participant_id) VALUES (179,27)
INSERT INTO Workshop_registration (reservation_id, Participant_id) VALUES (179,3)
INSERT INTO Workshop_registration (reservation_id, Participant_id) VALUES (179,24)
INSERT INTO Workshop_registration (reservation_id, Participant_id) VALUES (179,38)
INSERT INTO Workshop_registration (reservation_id, Participant_id) VALUES (179,29)
INSERT INTO Workshop_registration (reservation_id, Participant_id) VALUES (179,26)
INSERT INTO Workshop_registration (reservation_id, Participant_id) VALUES (179,16)
INSERT INTO Workshop_registration (reservation_id, Participant_id) VALUES (179,12)
INSERT INTO Workshop_registration (reservation_id, Participant_id) VALUES (179,1)
INSERT INTO Workshop_registration (reservation_id, Participant_id) VALUES (179,37)
INSERT INTO Workshop_registration (reservation_id, Participant_id) VALUES (179,22)
INSERT INTO Workshop_registration (reservation_id, Participant_id) VALUES (179,17)
INSERT INTO Workshop_registration (reservation_id, Participant_id) VALUES (179,25)
INSERT INTO Workshop_registration (reservation_id, Participant_id) VALUES (179,10)
INSERT INTO Workshop_registration (reservation_id, Participant_id) VALUES (179,34)
INSERT INTO Workshop_registration (reservation_id, Participant_id) VALUES (179,9)
INSERT INTO Workshop_reservations (reservation_id, workshop_id, reservation_date, due_price, nr_of_seats) VALUES (180,39,2021-02-22,'2021-05-23',9)
INSERT INTO Workshop_registration (reservation_id, Participant_id) VALUES (180,4)
INSERT INTO Workshop_registration (reservation_id, Participant_id) VALUES (180,33)
INSERT INTO Workshop_registration (reservation_id, Participant_id) VALUES (180,20)
INSERT INTO Workshop_registration (reservation_id, Participant_id) VALUES (180,6)
INSERT INTO Workshop_registration (reservation_id, Participant_id) VALUES (180,1)
INSERT INTO Workshop_registration (reservation_id, Participant_id) VALUES (180,14)
INSERT INTO Workshop_registration (reservation_id, Participant_id) VALUES (180,27)
INSERT INTO Workshop_registration (reservation_id, Participant_id) VALUES (180,9)
INSERT INTO Workshop_registration (reservation_id, Participant_id) VALUES (180,37)
INSERT INTO Workshop_reservations (reservation_id, workshop_id, reservation_date, due_price, nr_of_seats) VALUES (181,39,2020-01-21,'2021-12-09',12)
INSERT INTO Workshop_registration (reservation_id, Participant_id) VALUES (181,22)
INSERT INTO Workshop_registration (reservation_id, Participant_id) VALUES (181,5)
INSERT INTO Workshop_registration (reservation_id, Participant_id) VALUES (181,25)
INSERT INTO Workshop_registration (reservation_id, Participant_id) VALUES (181,38)
INSERT INTO Workshop_registration (reservation_id, Participant_id) VALUES (181,18)
INSERT INTO Workshop_registration (reservation_id, Participant_id) VALUES (181,24)
INSERT INTO Workshop_registration (reservation_id, Participant_id) VALUES (181,33)
INSERT INTO Workshop_registration (reservation_id, Participant_id) VALUES (181,31)
INSERT INTO Workshop_registration (reservation_id, Participant_id) VALUES (181,7)
INSERT INTO Workshop_registration (reservation_id, Participant_id) VALUES (181,3)
INSERT INTO Workshop_registration (reservation_id, Participant_id) VALUES (181,11)
INSERT INTO Workshop_registration (reservation_id, Participant_id) VALUES (181,28)
INSERT INTO Workshop_reservations (reservation_id, workshop_id, reservation_date, due_price, nr_of_seats) VALUES (182,39,2021-06-03,'2022-05-18',35)
INSERT INTO Workshop_registration (reservation_id, Participant_id) VALUES (182,30)
INSERT INTO Workshop_registration (reservation_id, Participant_id) VALUES (182,3)
INSERT INTO Workshop_registration (reservation_id, Participant_id) VALUES (182,7)
INSERT INTO Workshop_registration (reservation_id, Participant_id) VALUES (182,35)
INSERT INTO Workshop_registration (reservation_id, Participant_id) VALUES (182,15)
INSERT INTO Workshop_registration (reservation_id, Participant_id) VALUES (182,34)
INSERT INTO Workshop_registration (reservation_id, Participant_id) VALUES (182,37)
INSERT INTO Workshop_registration (reservation_id, Participant_id) VALUES (182,25)
INSERT INTO Workshop_registration (reservation_id, Participant_id) VALUES (182,33)
INSERT INTO Workshop_registration (reservation_id, Participant_id) VALUES (182,18)
INSERT INTO Workshop_registration (reservation_id, Participant_id) VALUES (182,28)
INSERT INTO Workshop_registration (reservation_id, Participant_id) VALUES (182,29)
INSERT INTO Workshop_registration (reservation_id, Participant_id) VALUES (182,10)
INSERT INTO Workshop_registration (reservation_id, Participant_id) VALUES (182,4)
INSERT INTO Workshop_registration (reservation_id, Participant_id) VALUES (182,26)
INSERT INTO Workshop_registration (reservation_id, Participant_id) VALUES (182,14)
INSERT INTO Workshop_registration (reservation_id, Participant_id) VALUES (182,17)
INSERT INTO Workshop_registration (reservation_id, Participant_id) VALUES (182,21)
INSERT INTO Workshop_registration (reservation_id, Participant_id) VALUES (182,27)
INSERT INTO Workshop_registration (reservation_id, Participant_id) VALUES (182,13)
INSERT INTO Workshop_registration (reservation_id, Participant_id) VALUES (182,38)
INSERT INTO Workshop_registration (reservation_id, Participant_id) VALUES (182,24)
INSERT INTO Workshop_registration (reservation_id, Participant_id) VALUES (182,11)
INSERT INTO Workshop_registration (reservation_id, Participant_id) VALUES (182,5)
INSERT INTO Workshop_registration (reservation_id, Participant_id) VALUES (182,1)
INSERT INTO Workshop_registration (reservation_id, Participant_id) VALUES (182,31)
INSERT INTO Workshop_registration (reservation_id, Participant_id) VALUES (182,8)
INSERT INTO Workshop_registration (reservation_id, Participant_id) VALUES (182,22)
INSERT INTO Workshop_registration (reservation_id, Participant_id) VALUES (182,2)
INSERT INTO Workshop_registration (reservation_id, Participant_id) VALUES (182,32)
INSERT INTO Workshop_registration (reservation_id, Participant_id) VALUES (182,20)
INSERT INTO Workshop_registration (reservation_id, Participant_id) VALUES (182,36)
INSERT INTO Workshop_registration (reservation_id, Participant_id) VALUES (182,9)
INSERT INTO Workshop_registration (reservation_id, Participant_id) VALUES (182,16)
INSERT INTO Workshop_registration (reservation_id, Participant_id) VALUES (182,6)
SET IDENTITY_INSERT  Workshop_reservations OFF
SET IDENTITY_INSERT  Workshops ON
INSERT INTO Workshops (workshop_id, conference_day_id, start_time, end_time, topic, price, number_of_seats) VALUES (40,11,'2022-07-13 06:58:00','2022-07-13 12:16:00','synergize e-business niches','835.44','24')
SET IDENTITY_INSERT  Workshops OFF
SET IDENTITY_INSERT  Workshop_reservations ON
INSERT INTO Workshop_reservations (reservation_id, workshop_id, reservation_date, due_price, nr_of_seats) VALUES (183,40,2020-05-24,'2022-01-22',3)
INSERT INTO Workshop_registration (reservation_id, Participant_id) VALUES (183,13)
INSERT INTO Workshop_registration (reservation_id, Participant_id) VALUES (183,26)
INSERT INTO Workshop_registration (reservation_id, Participant_id) VALUES (183,6)
SET IDENTITY_INSERT  Workshop_reservations OFF
SET IDENTITY_INSERT  Conference_day_reservations ON
INSERT INTO Conference_day_reservations (reservation_id, conference_day_id, clients_id, reservation_date, active, due_price, adult_seats, student_seats) VALUES (57,11,8,'2020-02-15','1','2021-12-18','0','14')
INSERT INTO Payments (reservation_id, in_date, value) VALUES (57,'2021-03-20',177.43)
INSERT INTO Payments (reservation_id, in_date, value) VALUES (57,'2021-10-10',244.0)
INSERT INTO Payments (reservation_id, in_date, value) VALUES (57,'2021-09-19',204.0)
INSERT INTO Payments (reservation_id, in_date, value) VALUES (57,'2021-09-03',48.0)
INSERT INTO Payments (reservation_id, in_date, value) VALUES (57,'2020-12-05',147.0)
INSERT INTO Conference_day_registration (reservation_id, Participant_id, is_student) VALUES (57,6,1)
INSERT INTO Conference_day_registration (reservation_id, Participant_id, is_student) VALUES (57,15,1)
INSERT INTO Conference_day_registration (reservation_id, Participant_id, is_student) VALUES (57,34,1)
INSERT INTO Conference_day_registration (reservation_id, Participant_id, is_student) VALUES (57,29,1)
INSERT INTO Conference_day_registration (reservation_id, Participant_id, is_student) VALUES (57,12,1)
INSERT INTO Conference_day_registration (reservation_id, Participant_id, is_student) VALUES (57,21,1)
INSERT INTO Conference_day_registration (reservation_id, Participant_id, is_student) VALUES (57,38,1)
INSERT INTO Conference_day_registration (reservation_id, Participant_id, is_student) VALUES (57,5,1)
INSERT INTO Conference_day_registration (reservation_id, Participant_id, is_student) VALUES (57,1,1)
INSERT INTO Conference_day_registration (reservation_id, Participant_id, is_student) VALUES (57,9,1)
INSERT INTO Conference_day_registration (reservation_id, Participant_id, is_student) VALUES (57,25,1)
INSERT INTO Conference_day_registration (reservation_id, Participant_id, is_student) VALUES (57,17,1)
INSERT INTO Conference_day_registration (reservation_id, Participant_id, is_student) VALUES (57,33,1)
INSERT INTO Conference_day_registration (reservation_id, Participant_id, is_student) VALUES (57,20,1)
INSERT INTO Conference_day_reservations (reservation_id, conference_day_id, clients_id, reservation_date, active, due_price, adult_seats, student_seats) VALUES (58,11,8,'2021-12-27','0','2022-06-09','29','9')
INSERT INTO Payments (reservation_id, in_date, value) VALUES (58,'2022-03-27',835.6688)
INSERT INTO Conference_day_registration (reservation_id, Participant_id, is_student) VALUES (58,7,0)
INSERT INTO Conference_day_registration (reservation_id, Participant_id, is_student) VALUES (58,3,0)
INSERT INTO Conference_day_registration (reservation_id, Participant_id, is_student) VALUES (58,22,0)
INSERT INTO Conference_day_registration (reservation_id, Participant_id, is_student) VALUES (58,28,0)
INSERT INTO Conference_day_registration (reservation_id, Participant_id, is_student) VALUES (58,26,0)
INSERT INTO Conference_day_registration (reservation_id, Participant_id, is_student) VALUES (58,20,0)
INSERT INTO Conference_day_registration (reservation_id, Participant_id, is_student) VALUES (58,1,0)
INSERT INTO Conference_day_registration (reservation_id, Participant_id, is_student) VALUES (58,6,0)
INSERT INTO Conference_day_registration (reservation_id, Participant_id, is_student) VALUES (58,25,0)
INSERT INTO Conference_day_registration (reservation_id, Participant_id, is_student) VALUES (58,16,0)
INSERT INTO Conference_day_registration (reservation_id, Participant_id, is_student) VALUES (58,32,0)
INSERT INTO Conference_day_registration (reservation_id, Participant_id, is_student) VALUES (58,13,0)
INSERT INTO Conference_day_registration (reservation_id, Participant_id, is_student) VALUES (58,35,0)
INSERT INTO Conference_day_registration (reservation_id, Participant_id, is_student) VALUES (58,36,0)
INSERT INTO Conference_day_registration (reservation_id, Participant_id, is_student) VALUES (58,34,0)
INSERT INTO Conference_day_registration (reservation_id, Participant_id, is_student) VALUES (58,21,0)
INSERT INTO Conference_day_registration (reservation_id, Participant_id, is_student) VALUES (58,33,0)
INSERT INTO Conference_day_registration (reservation_id, Participant_id, is_student) VALUES (58,23,0)
INSERT INTO Conference_day_registration (reservation_id, Participant_id, is_student) VALUES (58,5,0)
INSERT INTO Conference_day_registration (reservation_id, Participant_id, is_student) VALUES (58,9,0)
INSERT INTO Conference_day_registration (reservation_id, Participant_id, is_student) VALUES (58,18,0)
INSERT INTO Conference_day_registration (reservation_id, Participant_id, is_student) VALUES (58,4,0)
INSERT INTO Conference_day_registration (reservation_id, Participant_id, is_student) VALUES (58,15,0)
INSERT INTO Conference_day_registration (reservation_id, Participant_id, is_student) VALUES (58,14,0)
INSERT INTO Conference_day_registration (reservation_id, Participant_id, is_student) VALUES (58,2,0)
INSERT INTO Conference_day_registration (reservation_id, Participant_id, is_student) VALUES (58,12,0)
INSERT INTO Conference_day_registration (reservation_id, Participant_id, is_student) VALUES (58,38,0)
INSERT INTO Conference_day_registration (reservation_id, Participant_id, is_student) VALUES (58,37,0)
INSERT INTO Conference_day_registration (reservation_id, Participant_id, is_student) VALUES (58,17,0)
INSERT INTO Conference_day_registration (reservation_id, Participant_id, is_student) VALUES (58,19,1)
INSERT INTO Conference_day_registration (reservation_id, Participant_id, is_student) VALUES (58,29,1)
INSERT INTO Conference_day_registration (reservation_id, Participant_id, is_student) VALUES (58,27,1)
INSERT INTO Conference_day_registration (reservation_id, Participant_id, is_student) VALUES (58,31,1)
INSERT INTO Conference_day_registration (reservation_id, Participant_id, is_student) VALUES (58,10,1)
INSERT INTO Conference_day_registration (reservation_id, Participant_id, is_student) VALUES (58,11,1)
INSERT INTO Conference_day_registration (reservation_id, Participant_id, is_student) VALUES (58,8,1)
INSERT INTO Conference_day_registration (reservation_id, Participant_id, is_student) VALUES (58,24,1)
INSERT INTO Conference_day_registration (reservation_id, Participant_id, is_student) VALUES (58,30,1)
INSERT INTO Conference_day_reservations (reservation_id, conference_day_id, clients_id, reservation_date, active, due_price, adult_seats, student_seats) VALUES (59,11,6,'2021-04-05','0','2022-06-01','4','28')
INSERT INTO Payments (reservation_id, in_date, value) VALUES (59,'2021-10-05',159.26)
INSERT INTO Payments (reservation_id, in_date, value) VALUES (59,'2021-04-16',299.0)
INSERT INTO Payments (reservation_id, in_date, value) VALUES (59,'2021-09-21',104.0)
INSERT INTO Payments (reservation_id, in_date, value) VALUES (59,'2021-09-10',172.0)
INSERT INTO Payments (reservation_id, in_date, value) VALUES (59,'2022-01-27',97.0)
INSERT INTO Conference_day_registration (reservation_id, Participant_id, is_student) VALUES (59,17,0)
INSERT INTO Conference_day_registration (reservation_id, Participant_id, is_student) VALUES (59,34,0)
INSERT INTO Conference_day_registration (reservation_id, Participant_id, is_student) VALUES (59,26,0)
INSERT INTO Conference_day_registration (reservation_id, Participant_id, is_student) VALUES (59,5,0)
INSERT INTO Conference_day_registration (reservation_id, Participant_id, is_student) VALUES (59,22,1)
INSERT INTO Conference_day_registration (reservation_id, Participant_id, is_student) VALUES (59,11,1)
INSERT INTO Conference_day_registration (reservation_id, Participant_id, is_student) VALUES (59,28,1)
INSERT INTO Conference_day_registration (reservation_id, Participant_id, is_student) VALUES (59,2,1)
INSERT INTO Conference_day_registration (reservation_id, Participant_id, is_student) VALUES (59,18,1)
INSERT INTO Conference_day_registration (reservation_id, Participant_id, is_student) VALUES (59,14,1)
INSERT INTO Conference_day_registration (reservation_id, Participant_id, is_student) VALUES (59,12,1)
INSERT INTO Conference_day_registration (reservation_id, Participant_id, is_student) VALUES (59,13,1)
INSERT INTO Conference_day_registration (reservation_id, Participant_id, is_student) VALUES (59,9,1)
INSERT INTO Conference_day_registration (reservation_id, Participant_id, is_student) VALUES (59,8,1)
INSERT INTO Conference_day_registration (reservation_id, Participant_id, is_student) VALUES (59,3,1)
INSERT INTO Conference_day_registration (reservation_id, Participant_id, is_student) VALUES (59,1,1)
INSERT INTO Conference_day_registration (reservation_id, Participant_id, is_student) VALUES (59,7,1)
INSERT INTO Conference_day_registration (reservation_id, Participant_id, is_student) VALUES (59,16,1)
INSERT INTO Conference_day_registration (reservation_id, Participant_id, is_student) VALUES (59,36,1)
INSERT INTO Conference_day_registration (reservation_id, Participant_id, is_student) VALUES (59,30,1)
INSERT INTO Conference_day_registration (reservation_id, Participant_id, is_student) VALUES (59,31,1)
INSERT INTO Conference_day_registration (reservation_id, Participant_id, is_student) VALUES (59,33,1)
INSERT INTO Conference_day_registration (reservation_id, Participant_id, is_student) VALUES (59,32,1)
INSERT INTO Conference_day_registration (reservation_id, Participant_id, is_student) VALUES (59,27,1)
INSERT INTO Conference_day_registration (reservation_id, Participant_id, is_student) VALUES (59,6,1)
INSERT INTO Conference_day_registration (reservation_id, Participant_id, is_student) VALUES (59,20,1)
INSERT INTO Conference_day_registration (reservation_id, Participant_id, is_student) VALUES (59,19,1)
INSERT INTO Conference_day_registration (reservation_id, Participant_id, is_student) VALUES (59,4,1)
INSERT INTO Conference_day_registration (reservation_id, Participant_id, is_student) VALUES (59,35,1)
INSERT INTO Conference_day_registration (reservation_id, Participant_id, is_student) VALUES (59,25,1)
INSERT INTO Conference_day_registration (reservation_id, Participant_id, is_student) VALUES (59,10,1)
INSERT INTO Conference_day_registration (reservation_id, Participant_id, is_student) VALUES (59,24,1)
INSERT INTO Conference_day_reservations (reservation_id, conference_day_id, clients_id, reservation_date, active, due_price, adult_seats, student_seats) VALUES (60,11,8,'2021-01-09','1','2021-11-22','26','0')
INSERT INTO Payments (reservation_id, in_date, value) VALUES (60,'2021-08-07',342.4)
INSERT INTO Payments (reservation_id, in_date, value) VALUES (60,'2021-07-16',138.0)
INSERT INTO Payments (reservation_id, in_date, value) VALUES (60,'2021-02-03',358.0)
INSERT INTO Conference_day_registration (reservation_id, Participant_id, is_student) VALUES (60,8,0)
INSERT INTO Conference_day_registration (reservation_id, Participant_id, is_student) VALUES (60,13,0)
INSERT INTO Conference_day_registration (reservation_id, Participant_id, is_student) VALUES (60,20,0)
INSERT INTO Conference_day_registration (reservation_id, Participant_id, is_student) VALUES (60,15,0)
INSERT INTO Conference_day_registration (reservation_id, Participant_id, is_student) VALUES (60,7,0)
INSERT INTO Conference_day_registration (reservation_id, Participant_id, is_student) VALUES (60,11,0)
INSERT INTO Conference_day_registration (reservation_id, Participant_id, is_student) VALUES (60,5,0)
INSERT INTO Conference_day_registration (reservation_id, Participant_id, is_student) VALUES (60,14,0)
INSERT INTO Conference_day_registration (reservation_id, Participant_id, is_student) VALUES (60,26,0)
INSERT INTO Conference_day_registration (reservation_id, Participant_id, is_student) VALUES (60,21,0)
INSERT INTO Conference_day_registration (reservation_id, Participant_id, is_student) VALUES (60,25,0)
INSERT INTO Conference_day_registration (reservation_id, Participant_id, is_student) VALUES (60,23,0)
INSERT INTO Conference_day_registration (reservation_id, Participant_id, is_student) VALUES (60,9,0)
INSERT INTO Conference_day_registration (reservation_id, Participant_id, is_student) VALUES (60,36,0)
INSERT INTO Conference_day_registration (reservation_id, Participant_id, is_student) VALUES (60,22,0)
INSERT INTO Conference_day_registration (reservation_id, Participant_id, is_student) VALUES (60,28,0)
INSERT INTO Conference_day_registration (reservation_id, Participant_id, is_student) VALUES (60,6,0)
INSERT INTO Conference_day_registration (reservation_id, Participant_id, is_student) VALUES (60,24,0)
INSERT INTO Conference_day_registration (reservation_id, Participant_id, is_student) VALUES (60,31,0)
INSERT INTO Conference_day_registration (reservation_id, Participant_id, is_student) VALUES (60,17,0)
INSERT INTO Conference_day_registration (reservation_id, Participant_id, is_student) VALUES (60,3,0)
INSERT INTO Conference_day_registration (reservation_id, Participant_id, is_student) VALUES (60,4,0)
INSERT INTO Conference_day_registration (reservation_id, Participant_id, is_student) VALUES (60,38,0)
INSERT INTO Conference_day_registration (reservation_id, Participant_id, is_student) VALUES (60,12,0)
INSERT INTO Conference_day_registration (reservation_id, Participant_id, is_student) VALUES (60,29,0)
INSERT INTO Conference_day_registration (reservation_id, Participant_id, is_student) VALUES (60,2,0)
INSERT INTO Conference_day_reservations (reservation_id, conference_day_id, clients_id, reservation_date, active, due_price, adult_seats, student_seats) VALUES (61,11,9,'2020-07-12','0','2021-12-09','31','2')
INSERT INTO Payments (reservation_id, in_date, value) VALUES (61,'2020-07-17',325.2)
INSERT INTO Payments (reservation_id, in_date, value) VALUES (61,'2021-02-28',225.0)
INSERT INTO Payments (reservation_id, in_date, value) VALUES (61,'2020-11-24',294.0)
INSERT INTO Conference_day_registration (reservation_id, Participant_id, is_student) VALUES (61,28,0)
INSERT INTO Conference_day_registration (reservation_id, Participant_id, is_student) VALUES (61,21,0)
INSERT INTO Conference_day_registration (reservation_id, Participant_id, is_student) VALUES (61,32,0)
INSERT INTO Conference_day_registration (reservation_id, Participant_id, is_student) VALUES (61,38,0)
INSERT INTO Conference_day_registration (reservation_id, Participant_id, is_student) VALUES (61,7,0)
INSERT INTO Conference_day_registration (reservation_id, Participant_id, is_student) VALUES (61,16,0)
INSERT INTO Conference_day_registration (reservation_id, Participant_id, is_student) VALUES (61,10,0)
INSERT INTO Conference_day_registration (reservation_id, Participant_id, is_student) VALUES (61,22,0)
INSERT INTO Conference_day_registration (reservation_id, Participant_id, is_student) VALUES (61,8,0)
INSERT INTO Conference_day_registration (reservation_id, Participant_id, is_student) VALUES (61,30,0)
INSERT INTO Conference_day_registration (reservation_id, Participant_id, is_student) VALUES (61,25,0)
INSERT INTO Conference_day_registration (reservation_id, Participant_id, is_student) VALUES (61,14,0)
INSERT INTO Conference_day_registration (reservation_id, Participant_id, is_student) VALUES (61,36,0)
INSERT INTO Conference_day_registration (reservation_id, Participant_id, is_student) VALUES (61,35,0)
INSERT INTO Conference_day_registration (reservation_id, Participant_id, is_student) VALUES (61,13,0)
INSERT INTO Conference_day_registration (reservation_id, Participant_id, is_student) VALUES (61,5,0)
INSERT INTO Conference_day_registration (reservation_id, Participant_id, is_student) VALUES (61,12,0)
INSERT INTO Conference_day_registration (reservation_id, Participant_id, is_student) VALUES (61,18,0)
INSERT INTO Conference_day_registration (reservation_id, Participant_id, is_student) VALUES (61,26,0)
INSERT INTO Conference_day_registration (reservation_id, Participant_id, is_student) VALUES (61,31,0)
INSERT INTO Conference_day_registration (reservation_id, Participant_id, is_student) VALUES (61,15,0)
INSERT INTO Conference_day_registration (reservation_id, Participant_id, is_student) VALUES (61,2,0)
INSERT INTO Conference_day_registration (reservation_id, Participant_id, is_student) VALUES (61,24,0)
INSERT INTO Conference_day_registration (reservation_id, Participant_id, is_student) VALUES (61,34,0)
INSERT INTO Conference_day_registration (reservation_id, Participant_id, is_student) VALUES (61,29,0)
INSERT INTO Conference_day_registration (reservation_id, Participant_id, is_student) VALUES (61,6,0)
INSERT INTO Conference_day_registration (reservation_id, Participant_id, is_student) VALUES (61,33,0)
INSERT INTO Conference_day_registration (reservation_id, Participant_id, is_student) VALUES (61,9,0)
INSERT INTO Conference_day_registration (reservation_id, Participant_id, is_student) VALUES (61,19,0)
INSERT INTO Conference_day_registration (reservation_id, Participant_id, is_student) VALUES (61,20,0)
INSERT INTO Conference_day_registration (reservation_id, Participant_id, is_student) VALUES (61,1,0)
INSERT INTO Conference_day_registration (reservation_id, Participant_id, is_student) VALUES (61,3,1)
INSERT INTO Conference_day_registration (reservation_id, Participant_id, is_student) VALUES (61,17,1)
INSERT INTO Conference_day_reservations (reservation_id, conference_day_id, clients_id, reservation_date, active, due_price, adult_seats, student_seats) VALUES (62,11,6,'2020-05-08','1','2022-01-28','20','16')
INSERT INTO Payments (reservation_id, in_date, value) VALUES (62,'2020-06-28',279.63)
INSERT INTO Payments (reservation_id, in_date, value) VALUES (62,'2021-10-16',212.0)
INSERT INTO Payments (reservation_id, in_date, value) VALUES (62,'2021-03-08',349.0)
INSERT INTO Conference_day_registration (reservation_id, Participant_id, is_student) VALUES (62,4,0)
INSERT INTO Conference_day_registration (reservation_id, Participant_id, is_student) VALUES (62,28,0)
INSERT INTO Conference_day_registration (reservation_id, Participant_id, is_student) VALUES (62,32,0)
INSERT INTO Conference_day_registration (reservation_id, Participant_id, is_student) VALUES (62,18,0)
INSERT INTO Conference_day_registration (reservation_id, Participant_id, is_student) VALUES (62,1,0)
INSERT INTO Conference_day_registration (reservation_id, Participant_id, is_student) VALUES (62,8,0)
INSERT INTO Conference_day_registration (reservation_id, Participant_id, is_student) VALUES (62,30,0)
INSERT INTO Conference_day_registration (reservation_id, Participant_id, is_student) VALUES (62,23,0)
INSERT INTO Conference_day_registration (reservation_id, Participant_id, is_student) VALUES (62,33,0)
INSERT INTO Conference_day_registration (reservation_id, Participant_id, is_student) VALUES (62,13,0)
INSERT INTO Conference_day_registration (reservation_id, Participant_id, is_student) VALUES (62,2,0)
INSERT INTO Conference_day_registration (reservation_id, Participant_id, is_student) VALUES (62,3,0)
INSERT INTO Conference_day_registration (reservation_id, Participant_id, is_student) VALUES (62,24,0)
INSERT INTO Conference_day_registration (reservation_id, Participant_id, is_student) VALUES (62,16,0)
INSERT INTO Conference_day_registration (reservation_id, Participant_id, is_student) VALUES (62,17,0)
INSERT INTO Conference_day_registration (reservation_id, Participant_id, is_student) VALUES (62,10,0)
INSERT INTO Conference_day_registration (reservation_id, Participant_id, is_student) VALUES (62,7,0)
INSERT INTO Conference_day_registration (reservation_id, Participant_id, is_student) VALUES (62,12,0)
INSERT INTO Conference_day_registration (reservation_id, Participant_id, is_student) VALUES (62,37,0)
INSERT INTO Conference_day_registration (reservation_id, Participant_id, is_student) VALUES (62,19,0)
INSERT INTO Conference_day_registration (reservation_id, Participant_id, is_student) VALUES (62,11,1)
INSERT INTO Conference_day_registration (reservation_id, Participant_id, is_student) VALUES (62,34,1)
INSERT INTO Conference_day_registration (reservation_id, Participant_id, is_student) VALUES (62,36,1)
INSERT INTO Conference_day_registration (reservation_id, Participant_id, is_student) VALUES (62,35,1)
INSERT INTO Conference_day_registration (reservation_id, Participant_id, is_student) VALUES (62,27,1)
INSERT INTO Conference_day_registration (reservation_id, Participant_id, is_student) VALUES (62,21,1)
INSERT INTO Conference_day_registration (reservation_id, Participant_id, is_student) VALUES (62,26,1)
INSERT INTO Conference_day_registration (reservation_id, Participant_id, is_student) VALUES (62,29,1)
INSERT INTO Conference_day_registration (reservation_id, Participant_id, is_student) VALUES (62,6,1)
INSERT INTO Conference_day_registration (reservation_id, Participant_id, is_student) VALUES (62,22,1)
INSERT INTO Conference_day_registration (reservation_id, Participant_id, is_student) VALUES (62,5,1)
INSERT INTO Conference_day_registration (reservation_id, Participant_id, is_student) VALUES (62,15,1)
INSERT INTO Conference_day_registration (reservation_id, Participant_id, is_student) VALUES (62,25,1)
INSERT INTO Conference_day_registration (reservation_id, Participant_id, is_student) VALUES (62,20,1)
INSERT INTO Conference_day_registration (reservation_id, Participant_id, is_student) VALUES (62,14,1)
INSERT INTO Conference_day_registration (reservation_id, Participant_id, is_student) VALUES (62,38,1)
INSERT INTO Conference_day_reservations (reservation_id, conference_day_id, clients_id, reservation_date, active, due_price, adult_seats, student_seats) VALUES (63,11,7,'2020-07-08','0','2021-11-28','8','0')
INSERT INTO Payments (reservation_id, in_date, value) VALUES (63,'2020-09-08',821.12)
INSERT INTO Conference_day_registration (reservation_id, Participant_id, is_student) VALUES (63,12,0)
INSERT INTO Conference_day_registration (reservation_id, Participant_id, is_student) VALUES (63,18,0)
INSERT INTO Conference_day_registration (reservation_id, Participant_id, is_student) VALUES (63,28,0)
INSERT INTO Conference_day_registration (reservation_id, Participant_id, is_student) VALUES (63,26,0)
INSERT INTO Conference_day_registration (reservation_id, Participant_id, is_student) VALUES (63,37,0)
INSERT INTO Conference_day_registration (reservation_id, Participant_id, is_student) VALUES (63,25,0)
INSERT INTO Conference_day_registration (reservation_id, Participant_id, is_student) VALUES (63,23,0)
INSERT INTO Conference_day_registration (reservation_id, Participant_id, is_student) VALUES (63,30,0)
INSERT INTO Conference_day_reservations (reservation_id, conference_day_id, clients_id, reservation_date, active, due_price, adult_seats, student_seats) VALUES (64,11,8,'2021-12-10','0','2022-01-31','10','13')
INSERT INTO Payments (reservation_id, in_date, value) VALUES (64,'2021-12-18',134.5)
INSERT INTO Payments (reservation_id, in_date, value) VALUES (64,'2021-12-10',227.0)
INSERT INTO Payments (reservation_id, in_date, value) VALUES (64,'2022-01-13',118.0)
INSERT INTO Payments (reservation_id, in_date, value) VALUES (64,'2022-01-17',217.0)
INSERT INTO Payments (reservation_id, in_date, value) VALUES (64,'2021-12-19',128.0)
INSERT INTO Conference_day_registration (reservation_id, Participant_id, is_student) VALUES (64,27,0)
INSERT INTO Conference_day_registration (reservation_id, Participant_id, is_student) VALUES (64,32,0)
INSERT INTO Conference_day_registration (reservation_id, Participant_id, is_student) VALUES (64,8,0)
INSERT INTO Conference_day_registration (reservation_id, Participant_id, is_student) VALUES (64,30,0)
INSERT INTO Conference_day_registration (reservation_id, Participant_id, is_student) VALUES (64,11,0)
INSERT INTO Conference_day_registration (reservation_id, Participant_id, is_student) VALUES (64,17,0)
INSERT INTO Conference_day_registration (reservation_id, Participant_id, is_student) VALUES (64,21,0)
INSERT INTO Conference_day_registration (reservation_id, Participant_id, is_student) VALUES (64,18,0)
INSERT INTO Conference_day_registration (reservation_id, Participant_id, is_student) VALUES (64,37,0)
INSERT INTO Conference_day_registration (reservation_id, Participant_id, is_student) VALUES (64,1,0)
INSERT INTO Conference_day_registration (reservation_id, Participant_id, is_student) VALUES (64,2,1)
INSERT INTO Conference_day_registration (reservation_id, Participant_id, is_student) VALUES (64,7,1)
INSERT INTO Conference_day_registration (reservation_id, Participant_id, is_student) VALUES (64,22,1)
INSERT INTO Conference_day_registration (reservation_id, Participant_id, is_student) VALUES (64,15,1)
INSERT INTO Conference_day_registration (reservation_id, Participant_id, is_student) VALUES (64,33,1)
INSERT INTO Conference_day_registration (reservation_id, Participant_id, is_student) VALUES (64,28,1)
INSERT INTO Conference_day_registration (reservation_id, Participant_id, is_student) VALUES (64,12,1)
INSERT INTO Conference_day_registration (reservation_id, Participant_id, is_student) VALUES (64,19,1)
INSERT INTO Conference_day_registration (reservation_id, Participant_id, is_student) VALUES (64,4,1)
INSERT INTO Conference_day_registration (reservation_id, Participant_id, is_student) VALUES (64,10,1)
INSERT INTO Conference_day_registration (reservation_id, Participant_id, is_student) VALUES (64,26,1)
INSERT INTO Conference_day_registration (reservation_id, Participant_id, is_student) VALUES (64,29,1)
INSERT INTO Conference_day_registration (reservation_id, Participant_id, is_student) VALUES (64,14,1)
SET IDENTITY_INSERT  Conference_day_reservations OFF
SET IDENTITY_INSERT Conference_days ON
INSERT INTO Conference_days (conference_day_id, conference_id, date, standard_price, student_discount) VALUES (12,4,'2022-07-14',504.48,0.38)
INSERT INTO Early_signup_discounts (conference_day_id, end_date, discount) VALUES (12,'2021-05-15','0.47')
SET IDENTITY_INSERT Conference_days OFF
SET IDENTITY_INSERT  Workshops ON
INSERT INTO Workshops (workshop_id, conference_day_id, start_time, end_time, topic, price, number_of_seats) VALUES (41,12,'2022-07-14 10:04:00','2022-07-14 17:55:00','deploy integrated technologies','868.98','91')
SET IDENTITY_INSERT  Workshops OFF
SET IDENTITY_INSERT  Workshop_reservations ON
INSERT INTO Workshop_reservations (reservation_id, workshop_id, reservation_date, due_price, nr_of_seats) VALUES (184,41,2021-11-20,'2021-11-29',20)
INSERT INTO Workshop_registration (reservation_id, Participant_id) VALUES (184,30)
INSERT INTO Workshop_registration (reservation_id, Participant_id) VALUES (184,7)
INSERT INTO Workshop_registration (reservation_id, Participant_id) VALUES (184,25)
INSERT INTO Workshop_registration (reservation_id, Participant_id) VALUES (184,17)
INSERT INTO Workshop_registration (reservation_id, Participant_id) VALUES (184,22)
INSERT INTO Workshop_registration (reservation_id, Participant_id) VALUES (184,3)
INSERT INTO Workshop_registration (reservation_id, Participant_id) VALUES (184,6)
INSERT INTO Workshop_registration (reservation_id, Participant_id) VALUES (184,15)
INSERT INTO Workshop_registration (reservation_id, Participant_id) VALUES (184,38)
INSERT INTO Workshop_registration (reservation_id, Participant_id) VALUES (184,14)
INSERT INTO Workshop_registration (reservation_id, Participant_id) VALUES (184,10)
INSERT INTO Workshop_registration (reservation_id, Participant_id) VALUES (184,19)
INSERT INTO Workshop_registration (reservation_id, Participant_id) VALUES (184,20)
INSERT INTO Workshop_registration (reservation_id, Participant_id) VALUES (184,13)
INSERT INTO Workshop_registration (reservation_id, Participant_id) VALUES (184,8)
INSERT INTO Workshop_registration (reservation_id, Participant_id) VALUES (184,26)
INSERT INTO Workshop_registration (reservation_id, Participant_id) VALUES (184,35)
INSERT INTO Workshop_registration (reservation_id, Participant_id) VALUES (184,11)
INSERT INTO Workshop_registration (reservation_id, Participant_id) VALUES (184,27)
INSERT INTO Workshop_registration (reservation_id, Participant_id) VALUES (184,4)
INSERT INTO Workshop_reservations (reservation_id, workshop_id, reservation_date, due_price, nr_of_seats) VALUES (185,41,2021-08-26,'2021-11-04',13)
INSERT INTO Workshop_registration (reservation_id, Participant_id) VALUES (185,21)
INSERT INTO Workshop_registration (reservation_id, Participant_id) VALUES (185,13)
INSERT INTO Workshop_registration (reservation_id, Participant_id) VALUES (185,31)
INSERT INTO Workshop_registration (reservation_id, Participant_id) VALUES (185,27)
INSERT INTO Workshop_registration (reservation_id, Participant_id) VALUES (185,37)
INSERT INTO Workshop_registration (reservation_id, Participant_id) VALUES (185,7)
INSERT INTO Workshop_registration (reservation_id, Participant_id) VALUES (185,17)
INSERT INTO Workshop_registration (reservation_id, Participant_id) VALUES (185,24)
INSERT INTO Workshop_registration (reservation_id, Participant_id) VALUES (185,23)
INSERT INTO Workshop_registration (reservation_id, Participant_id) VALUES (185,6)
INSERT INTO Workshop_registration (reservation_id, Participant_id) VALUES (185,29)
INSERT INTO Workshop_registration (reservation_id, Participant_id) VALUES (185,10)
INSERT INTO Workshop_registration (reservation_id, Participant_id) VALUES (185,33)
INSERT INTO Workshop_reservations (reservation_id, workshop_id, reservation_date, due_price, nr_of_seats) VALUES (186,41,2020-09-07,'2021-01-31',31)
INSERT INTO Workshop_registration (reservation_id, Participant_id) VALUES (186,38)
INSERT INTO Workshop_registration (reservation_id, Participant_id) VALUES (186,18)
INSERT INTO Workshop_registration (reservation_id, Participant_id) VALUES (186,5)
INSERT INTO Workshop_registration (reservation_id, Participant_id) VALUES (186,37)
INSERT INTO Workshop_registration (reservation_id, Participant_id) VALUES (186,10)
INSERT INTO Workshop_registration (reservation_id, Participant_id) VALUES (186,24)
INSERT INTO Workshop_registration (reservation_id, Participant_id) VALUES (186,4)
INSERT INTO Workshop_registration (reservation_id, Participant_id) VALUES (186,30)
INSERT INTO Workshop_registration (reservation_id, Participant_id) VALUES (186,34)
INSERT INTO Workshop_registration (reservation_id, Participant_id) VALUES (186,29)
INSERT INTO Workshop_registration (reservation_id, Participant_id) VALUES (186,35)
INSERT INTO Workshop_registration (reservation_id, Participant_id) VALUES (186,15)
INSERT INTO Workshop_registration (reservation_id, Participant_id) VALUES (186,1)
INSERT INTO Workshop_registration (reservation_id, Participant_id) VALUES (186,31)
INSERT INTO Workshop_registration (reservation_id, Participant_id) VALUES (186,33)
INSERT INTO Workshop_registration (reservation_id, Participant_id) VALUES (186,12)
INSERT INTO Workshop_registration (reservation_id, Participant_id) VALUES (186,14)
INSERT INTO Workshop_registration (reservation_id, Participant_id) VALUES (186,23)
INSERT INTO Workshop_registration (reservation_id, Participant_id) VALUES (186,8)
INSERT INTO Workshop_registration (reservation_id, Participant_id) VALUES (186,27)
INSERT INTO Workshop_registration (reservation_id, Participant_id) VALUES (186,32)
INSERT INTO Workshop_registration (reservation_id, Participant_id) VALUES (186,9)
INSERT INTO Workshop_registration (reservation_id, Participant_id) VALUES (186,3)
INSERT INTO Workshop_registration (reservation_id, Participant_id) VALUES (186,13)
INSERT INTO Workshop_registration (reservation_id, Participant_id) VALUES (186,26)
INSERT INTO Workshop_registration (reservation_id, Participant_id) VALUES (186,25)
INSERT INTO Workshop_registration (reservation_id, Participant_id) VALUES (186,28)
INSERT INTO Workshop_registration (reservation_id, Participant_id) VALUES (186,2)
INSERT INTO Workshop_registration (reservation_id, Participant_id) VALUES (186,11)
INSERT INTO Workshop_registration (reservation_id, Participant_id) VALUES (186,22)
INSERT INTO Workshop_registration (reservation_id, Participant_id) VALUES (186,20)
INSERT INTO Workshop_reservations (reservation_id, workshop_id, reservation_date, due_price, nr_of_seats) VALUES (187,41,2022-04-11,'2022-05-20',26)
INSERT INTO Workshop_registration (reservation_id, Participant_id) VALUES (187,2)
INSERT INTO Workshop_registration (reservation_id, Participant_id) VALUES (187,7)
INSERT INTO Workshop_registration (reservation_id, Participant_id) VALUES (187,21)
INSERT INTO Workshop_registration (reservation_id, Participant_id) VALUES (187,17)
INSERT INTO Workshop_registration (reservation_id, Participant_id) VALUES (187,34)
INSERT INTO Workshop_registration (reservation_id, Participant_id) VALUES (187,25)
INSERT INTO Workshop_registration (reservation_id, Participant_id) VALUES (187,37)
INSERT INTO Workshop_registration (reservation_id, Participant_id) VALUES (187,18)
INSERT INTO Workshop_registration (reservation_id, Participant_id) VALUES (187,24)
INSERT INTO Workshop_registration (reservation_id, Participant_id) VALUES (187,4)
INSERT INTO Workshop_registration (reservation_id, Participant_id) VALUES (187,29)
INSERT INTO Workshop_registration (reservation_id, Participant_id) VALUES (187,36)
INSERT INTO Workshop_registration (reservation_id, Participant_id) VALUES (187,33)
INSERT INTO Workshop_registration (reservation_id, Participant_id) VALUES (187,26)
INSERT INTO Workshop_registration (reservation_id, Participant_id) VALUES (187,15)
INSERT INTO Workshop_registration (reservation_id, Participant_id) VALUES (187,11)
INSERT INTO Workshop_registration (reservation_id, Participant_id) VALUES (187,19)
INSERT INTO Workshop_registration (reservation_id, Participant_id) VALUES (187,8)
INSERT INTO Workshop_registration (reservation_id, Participant_id) VALUES (187,30)
INSERT INTO Workshop_registration (reservation_id, Participant_id) VALUES (187,14)
INSERT INTO Workshop_registration (reservation_id, Participant_id) VALUES (187,32)
INSERT INTO Workshop_registration (reservation_id, Participant_id) VALUES (187,10)
INSERT INTO Workshop_registration (reservation_id, Participant_id) VALUES (187,23)
INSERT INTO Workshop_registration (reservation_id, Participant_id) VALUES (187,16)
INSERT INTO Workshop_registration (reservation_id, Participant_id) VALUES (187,5)
INSERT INTO Workshop_registration (reservation_id, Participant_id) VALUES (187,12)
INSERT INTO Workshop_reservations (reservation_id, workshop_id, reservation_date, due_price, nr_of_seats) VALUES (188,41,2020-05-06,'2021-12-10',10)
INSERT INTO Workshop_registration (reservation_id, Participant_id) VALUES (188,19)
INSERT INTO Workshop_registration (reservation_id, Participant_id) VALUES (188,22)
INSERT INTO Workshop_registration (reservation_id, Participant_id) VALUES (188,20)
INSERT INTO Workshop_registration (reservation_id, Participant_id) VALUES (188,6)
INSERT INTO Workshop_registration (reservation_id, Participant_id) VALUES (188,28)
INSERT INTO Workshop_registration (reservation_id, Participant_id) VALUES (188,24)
INSERT INTO Workshop_registration (reservation_id, Participant_id) VALUES (188,25)
INSERT INTO Workshop_registration (reservation_id, Participant_id) VALUES (188,7)
INSERT INTO Workshop_registration (reservation_id, Participant_id) VALUES (188,27)
INSERT INTO Workshop_registration (reservation_id, Participant_id) VALUES (188,31)
INSERT INTO Workshop_reservations (reservation_id, workshop_id, reservation_date, due_price, nr_of_seats) VALUES (189,41,2020-11-01,'2021-10-23',14)
INSERT INTO Workshop_registration (reservation_id, Participant_id) VALUES (189,31)
INSERT INTO Workshop_registration (reservation_id, Participant_id) VALUES (189,10)
INSERT INTO Workshop_registration (reservation_id, Participant_id) VALUES (189,28)
INSERT INTO Workshop_registration (reservation_id, Participant_id) VALUES (189,22)
INSERT INTO Workshop_registration (reservation_id, Participant_id) VALUES (189,16)
INSERT INTO Workshop_registration (reservation_id, Participant_id) VALUES (189,2)
INSERT INTO Workshop_registration (reservation_id, Participant_id) VALUES (189,6)
INSERT INTO Workshop_registration (reservation_id, Participant_id) VALUES (189,35)
INSERT INTO Workshop_registration (reservation_id, Participant_id) VALUES (189,27)
INSERT INTO Workshop_registration (reservation_id, Participant_id) VALUES (189,26)
INSERT INTO Workshop_registration (reservation_id, Participant_id) VALUES (189,12)
INSERT INTO Workshop_registration (reservation_id, Participant_id) VALUES (189,9)
INSERT INTO Workshop_registration (reservation_id, Participant_id) VALUES (189,33)
INSERT INTO Workshop_registration (reservation_id, Participant_id) VALUES (189,32)
INSERT INTO Workshop_reservations (reservation_id, workshop_id, reservation_date, due_price, nr_of_seats) VALUES (190,41,2021-02-28,'2021-12-10',18)
INSERT INTO Workshop_registration (reservation_id, Participant_id) VALUES (190,10)
INSERT INTO Workshop_registration (reservation_id, Participant_id) VALUES (190,2)
INSERT INTO Workshop_registration (reservation_id, Participant_id) VALUES (190,16)
INSERT INTO Workshop_registration (reservation_id, Participant_id) VALUES (190,33)
INSERT INTO Workshop_registration (reservation_id, Participant_id) VALUES (190,5)
INSERT INTO Workshop_registration (reservation_id, Participant_id) VALUES (190,35)
INSERT INTO Workshop_registration (reservation_id, Participant_id) VALUES (190,6)
INSERT INTO Workshop_registration (reservation_id, Participant_id) VALUES (190,32)
INSERT INTO Workshop_registration (reservation_id, Participant_id) VALUES (190,24)
INSERT INTO Workshop_registration (reservation_id, Participant_id) VALUES (190,37)
INSERT INTO Workshop_registration (reservation_id, Participant_id) VALUES (190,7)
INSERT INTO Workshop_registration (reservation_id, Participant_id) VALUES (190,27)
INSERT INTO Workshop_registration (reservation_id, Participant_id) VALUES (190,15)
INSERT INTO Workshop_registration (reservation_id, Participant_id) VALUES (190,17)
INSERT INTO Workshop_registration (reservation_id, Participant_id) VALUES (190,34)
INSERT INTO Workshop_registration (reservation_id, Participant_id) VALUES (190,26)
INSERT INTO Workshop_registration (reservation_id, Participant_id) VALUES (190,9)
INSERT INTO Workshop_registration (reservation_id, Participant_id) VALUES (190,14)
SET IDENTITY_INSERT  Workshop_reservations OFF
SET IDENTITY_INSERT  Workshops ON
INSERT INTO Workshops (workshop_id, conference_day_id, start_time, end_time, topic, price, number_of_seats) VALUES (42,12,'2022-07-14 04:41:00','2022-07-14 13:59:00','maximize sexy relationships','339.43','54')
SET IDENTITY_INSERT  Workshops OFF
SET IDENTITY_INSERT  Workshop_reservations ON
INSERT INTO Workshop_reservations (reservation_id, workshop_id, reservation_date, due_price, nr_of_seats) VALUES (191,42,2021-07-30,'2022-03-15',26)
INSERT INTO Workshop_registration (reservation_id, Participant_id) VALUES (191,5)
INSERT INTO Workshop_registration (reservation_id, Participant_id) VALUES (191,37)
INSERT INTO Workshop_registration (reservation_id, Participant_id) VALUES (191,26)
INSERT INTO Workshop_registration (reservation_id, Participant_id) VALUES (191,31)
INSERT INTO Workshop_registration (reservation_id, Participant_id) VALUES (191,35)
INSERT INTO Workshop_registration (reservation_id, Participant_id) VALUES (191,34)
INSERT INTO Workshop_registration (reservation_id, Participant_id) VALUES (191,13)
INSERT INTO Workshop_registration (reservation_id, Participant_id) VALUES (191,20)
INSERT INTO Workshop_registration (reservation_id, Participant_id) VALUES (191,9)
INSERT INTO Workshop_registration (reservation_id, Participant_id) VALUES (191,6)
INSERT INTO Workshop_registration (reservation_id, Participant_id) VALUES (191,18)
INSERT INTO Workshop_registration (reservation_id, Participant_id) VALUES (191,29)
INSERT INTO Workshop_registration (reservation_id, Participant_id) VALUES (191,36)
INSERT INTO Workshop_registration (reservation_id, Participant_id) VALUES (191,8)
INSERT INTO Workshop_registration (reservation_id, Participant_id) VALUES (191,1)
INSERT INTO Workshop_registration (reservation_id, Participant_id) VALUES (191,23)
INSERT INTO Workshop_registration (reservation_id, Participant_id) VALUES (191,2)
INSERT INTO Workshop_registration (reservation_id, Participant_id) VALUES (191,12)
INSERT INTO Workshop_registration (reservation_id, Participant_id) VALUES (191,28)
INSERT INTO Workshop_registration (reservation_id, Participant_id) VALUES (191,32)
INSERT INTO Workshop_registration (reservation_id, Participant_id) VALUES (191,16)
INSERT INTO Workshop_registration (reservation_id, Participant_id) VALUES (191,4)
INSERT INTO Workshop_registration (reservation_id, Participant_id) VALUES (191,30)
INSERT INTO Workshop_registration (reservation_id, Participant_id) VALUES (191,15)
INSERT INTO Workshop_registration (reservation_id, Participant_id) VALUES (191,25)
INSERT INTO Workshop_registration (reservation_id, Participant_id) VALUES (191,27)
SET IDENTITY_INSERT  Workshop_reservations OFF
SET IDENTITY_INSERT  Conference_day_reservations ON
INSERT INTO Conference_day_reservations (reservation_id, conference_day_id, clients_id, reservation_date, active, due_price, adult_seats, student_seats) VALUES (65,12,4,'2021-03-21','0','2022-04-15','10','4')
INSERT INTO Payments (reservation_id, in_date, value) VALUES (65,'2021-09-01',511.0944)
INSERT INTO Conference_day_registration (reservation_id, Participant_id, is_student) VALUES (65,17,0)
INSERT INTO Conference_day_registration (reservation_id, Participant_id, is_student) VALUES (65,6,0)
INSERT INTO Conference_day_registration (reservation_id, Participant_id, is_student) VALUES (65,27,0)
INSERT INTO Conference_day_registration (reservation_id, Participant_id, is_student) VALUES (65,29,0)
INSERT INTO Conference_day_registration (reservation_id, Participant_id, is_student) VALUES (65,2,0)
INSERT INTO Conference_day_registration (reservation_id, Participant_id, is_student) VALUES (65,28,0)
INSERT INTO Conference_day_registration (reservation_id, Participant_id, is_student) VALUES (65,5,0)
INSERT INTO Conference_day_registration (reservation_id, Participant_id, is_student) VALUES (65,36,0)
INSERT INTO Conference_day_registration (reservation_id, Participant_id, is_student) VALUES (65,1,0)
INSERT INTO Conference_day_registration (reservation_id, Participant_id, is_student) VALUES (65,26,0)
INSERT INTO Conference_day_registration (reservation_id, Participant_id, is_student) VALUES (65,16,1)
INSERT INTO Conference_day_registration (reservation_id, Participant_id, is_student) VALUES (65,31,1)
INSERT INTO Conference_day_registration (reservation_id, Participant_id, is_student) VALUES (65,35,1)
INSERT INTO Conference_day_registration (reservation_id, Participant_id, is_student) VALUES (65,23,1)
INSERT INTO Conference_day_reservations (reservation_id, conference_day_id, clients_id, reservation_date, active, due_price, adult_seats, student_seats) VALUES (66,12,6,'2020-05-22','1','2020-08-05','5','28')
INSERT INTO Payments (reservation_id, in_date, value) VALUES (66,'2020-06-20',163.33)
INSERT INTO Payments (reservation_id, in_date, value) VALUES (66,'2020-07-18',95.0)
INSERT INTO Payments (reservation_id, in_date, value) VALUES (66,'2020-06-24',109.0)
INSERT INTO Payments (reservation_id, in_date, value) VALUES (66,'2020-06-27',149.0)
INSERT INTO Conference_day_registration (reservation_id, Participant_id, is_student) VALUES (66,34,0)
INSERT INTO Conference_day_registration (reservation_id, Participant_id, is_student) VALUES (66,5,0)
INSERT INTO Conference_day_registration (reservation_id, Participant_id, is_student) VALUES (66,16,0)
INSERT INTO Conference_day_registration (reservation_id, Participant_id, is_student) VALUES (66,19,0)
INSERT INTO Conference_day_registration (reservation_id, Participant_id, is_student) VALUES (66,25,0)
INSERT INTO Conference_day_registration (reservation_id, Participant_id, is_student) VALUES (66,31,1)
INSERT INTO Conference_day_registration (reservation_id, Participant_id, is_student) VALUES (66,37,1)
INSERT INTO Conference_day_registration (reservation_id, Participant_id, is_student) VALUES (66,15,1)
INSERT INTO Conference_day_registration (reservation_id, Participant_id, is_student) VALUES (66,20,1)
INSERT INTO Conference_day_registration (reservation_id, Participant_id, is_student) VALUES (66,29,1)
INSERT INTO Conference_day_registration (reservation_id, Participant_id, is_student) VALUES (66,13,1)
INSERT INTO Conference_day_registration (reservation_id, Participant_id, is_student) VALUES (66,3,1)
INSERT INTO Conference_day_registration (reservation_id, Participant_id, is_student) VALUES (66,18,1)
INSERT INTO Conference_day_registration (reservation_id, Participant_id, is_student) VALUES (66,2,1)
INSERT INTO Conference_day_registration (reservation_id, Participant_id, is_student) VALUES (66,9,1)
INSERT INTO Conference_day_registration (reservation_id, Participant_id, is_student) VALUES (66,6,1)
INSERT INTO Conference_day_registration (reservation_id, Participant_id, is_student) VALUES (66,22,1)
INSERT INTO Conference_day_registration (reservation_id, Participant_id, is_student) VALUES (66,10,1)
INSERT INTO Conference_day_registration (reservation_id, Participant_id, is_student) VALUES (66,14,1)
INSERT INTO Conference_day_registration (reservation_id, Participant_id, is_student) VALUES (66,35,1)
INSERT INTO Conference_day_registration (reservation_id, Participant_id, is_student) VALUES (66,11,1)
INSERT INTO Conference_day_registration (reservation_id, Participant_id, is_student) VALUES (66,36,1)
INSERT INTO Conference_day_registration (reservation_id, Participant_id, is_student) VALUES (66,27,1)
INSERT INTO Conference_day_registration (reservation_id, Participant_id, is_student) VALUES (66,24,1)
INSERT INTO Conference_day_registration (reservation_id, Participant_id, is_student) VALUES (66,38,1)
INSERT INTO Conference_day_registration (reservation_id, Participant_id, is_student) VALUES (66,4,1)
INSERT INTO Conference_day_registration (reservation_id, Participant_id, is_student) VALUES (66,33,1)
INSERT INTO Conference_day_registration (reservation_id, Participant_id, is_student) VALUES (66,17,1)
INSERT INTO Conference_day_registration (reservation_id, Participant_id, is_student) VALUES (66,26,1)
INSERT INTO Conference_day_registration (reservation_id, Participant_id, is_student) VALUES (66,30,1)
INSERT INTO Conference_day_registration (reservation_id, Participant_id, is_student) VALUES (66,23,1)
INSERT INTO Conference_day_registration (reservation_id, Participant_id, is_student) VALUES (66,32,1)
INSERT INTO Conference_day_registration (reservation_id, Participant_id, is_student) VALUES (66,8,1)
INSERT INTO Conference_day_reservations (reservation_id, conference_day_id, clients_id, reservation_date, active, due_price, adult_seats, student_seats) VALUES (67,12,9,'2021-05-29','1','2022-07-13','21','1')
INSERT INTO Payments (reservation_id, in_date, value) VALUES (67,'2022-05-10',256.94)
INSERT INTO Payments (reservation_id, in_date, value) VALUES (67,'2022-01-23',259.0)
INSERT INTO Conference_day_registration (reservation_id, Participant_id, is_student) VALUES (67,36,0)
INSERT INTO Conference_day_registration (reservation_id, Participant_id, is_student) VALUES (67,6,0)
INSERT INTO Conference_day_registration (reservation_id, Participant_id, is_student) VALUES (67,9,0)
INSERT INTO Conference_day_registration (reservation_id, Participant_id, is_student) VALUES (67,2,0)
INSERT INTO Conference_day_registration (reservation_id, Participant_id, is_student) VALUES (67,38,0)
INSERT INTO Conference_day_registration (reservation_id, Participant_id, is_student) VALUES (67,7,0)
INSERT INTO Conference_day_registration (reservation_id, Participant_id, is_student) VALUES (67,17,0)
INSERT INTO Conference_day_registration (reservation_id, Participant_id, is_student) VALUES (67,30,0)
INSERT INTO Conference_day_registration (reservation_id, Participant_id, is_student) VALUES (67,24,0)
INSERT INTO Conference_day_registration (reservation_id, Participant_id, is_student) VALUES (67,33,0)
INSERT INTO Conference_day_registration (reservation_id, Participant_id, is_student) VALUES (67,8,0)
INSERT INTO Conference_day_registration (reservation_id, Participant_id, is_student) VALUES (67,37,0)
INSERT INTO Conference_day_registration (reservation_id, Participant_id, is_student) VALUES (67,11,0)
INSERT INTO Conference_day_registration (reservation_id, Participant_id, is_student) VALUES (67,22,0)
INSERT INTO Conference_day_registration (reservation_id, Participant_id, is_student) VALUES (67,34,0)
INSERT INTO Conference_day_registration (reservation_id, Participant_id, is_student) VALUES (67,31,0)
INSERT INTO Conference_day_registration (reservation_id, Participant_id, is_student) VALUES (67,10,0)
INSERT INTO Conference_day_registration (reservation_id, Participant_id, is_student) VALUES (67,32,0)
INSERT INTO Conference_day_registration (reservation_id, Participant_id, is_student) VALUES (67,23,0)
INSERT INTO Conference_day_registration (reservation_id, Participant_id, is_student) VALUES (67,29,0)
INSERT INTO Conference_day_registration (reservation_id, Participant_id, is_student) VALUES (67,3,0)
INSERT INTO Conference_day_registration (reservation_id, Participant_id, is_student) VALUES (67,1,1)
INSERT INTO Conference_day_reservations (reservation_id, conference_day_id, clients_id, reservation_date, active, due_price, adult_seats, student_seats) VALUES (68,12,3,'2021-04-24','1','2021-06-23','7','23')
INSERT INTO Payments (reservation_id, in_date, value) VALUES (68,'2021-05-06',124.75)
INSERT INTO Payments (reservation_id, in_date, value) VALUES (68,'2021-06-20',118.0)
INSERT INTO Payments (reservation_id, in_date, value) VALUES (68,'2021-05-24',131.0)
INSERT INTO Payments (reservation_id, in_date, value) VALUES (68,'2021-05-22',72.0)
INSERT INTO Payments (reservation_id, in_date, value) VALUES (68,'2021-05-23',70.0)
INSERT INTO Conference_day_registration (reservation_id, Participant_id, is_student) VALUES (68,23,0)
INSERT INTO Conference_day_registration (reservation_id, Participant_id, is_student) VALUES (68,1,0)
INSERT INTO Conference_day_registration (reservation_id, Participant_id, is_student) VALUES (68,11,0)
INSERT INTO Conference_day_registration (reservation_id, Participant_id, is_student) VALUES (68,38,0)
INSERT INTO Conference_day_registration (reservation_id, Participant_id, is_student) VALUES (68,7,0)
INSERT INTO Conference_day_registration (reservation_id, Participant_id, is_student) VALUES (68,20,0)
INSERT INTO Conference_day_registration (reservation_id, Participant_id, is_student) VALUES (68,9,0)
INSERT INTO Conference_day_registration (reservation_id, Participant_id, is_student) VALUES (68,30,1)
INSERT INTO Conference_day_registration (reservation_id, Participant_id, is_student) VALUES (68,29,1)
INSERT INTO Conference_day_registration (reservation_id, Participant_id, is_student) VALUES (68,16,1)
INSERT INTO Conference_day_registration (reservation_id, Participant_id, is_student) VALUES (68,19,1)
INSERT INTO Conference_day_registration (reservation_id, Participant_id, is_student) VALUES (68,21,1)
INSERT INTO Conference_day_registration (reservation_id, Participant_id, is_student) VALUES (68,31,1)
INSERT INTO Conference_day_registration (reservation_id, Participant_id, is_student) VALUES (68,18,1)
INSERT INTO Conference_day_registration (reservation_id, Participant_id, is_student) VALUES (68,26,1)
INSERT INTO Conference_day_registration (reservation_id, Participant_id, is_student) VALUES (68,37,1)
INSERT INTO Conference_day_registration (reservation_id, Participant_id, is_student) VALUES (68,8,1)
INSERT INTO Conference_day_registration (reservation_id, Participant_id, is_student) VALUES (68,28,1)
INSERT INTO Conference_day_registration (reservation_id, Participant_id, is_student) VALUES (68,32,1)
INSERT INTO Conference_day_registration (reservation_id, Participant_id, is_student) VALUES (68,24,1)
INSERT INTO Conference_day_registration (reservation_id, Participant_id, is_student) VALUES (68,27,1)
INSERT INTO Conference_day_registration (reservation_id, Participant_id, is_student) VALUES (68,22,1)
INSERT INTO Conference_day_registration (reservation_id, Participant_id, is_student) VALUES (68,12,1)
INSERT INTO Conference_day_registration (reservation_id, Participant_id, is_student) VALUES (68,13,1)
INSERT INTO Conference_day_registration (reservation_id, Participant_id, is_student) VALUES (68,4,1)
INSERT INTO Conference_day_registration (reservation_id, Participant_id, is_student) VALUES (68,6,1)
INSERT INTO Conference_day_registration (reservation_id, Participant_id, is_student) VALUES (68,2,1)
INSERT INTO Conference_day_registration (reservation_id, Participant_id, is_student) VALUES (68,17,1)
INSERT INTO Conference_day_registration (reservation_id, Participant_id, is_student) VALUES (68,36,1)
INSERT INTO Conference_day_registration (reservation_id, Participant_id, is_student) VALUES (68,10,1)
INSERT INTO Conference_day_reservations (reservation_id, conference_day_id, clients_id, reservation_date, active, due_price, adult_seats, student_seats) VALUES (69,12,9,'2020-01-17','1','2020-11-01','29','8')
INSERT INTO Payments (reservation_id, in_date, value) VALUES (69,'2020-09-28',129.48)
INSERT INTO Payments (reservation_id, in_date, value) VALUES (69,'2020-09-02',192.0)
INSERT INTO Payments (reservation_id, in_date, value) VALUES (69,'2020-07-14',201.0)
INSERT INTO Conference_day_registration (reservation_id, Participant_id, is_student) VALUES (69,24,0)
INSERT INTO Conference_day_registration (reservation_id, Participant_id, is_student) VALUES (69,8,0)
INSERT INTO Conference_day_registration (reservation_id, Participant_id, is_student) VALUES (69,9,0)
INSERT INTO Conference_day_registration (reservation_id, Participant_id, is_student) VALUES (69,11,0)
INSERT INTO Conference_day_registration (reservation_id, Participant_id, is_student) VALUES (69,3,0)
INSERT INTO Conference_day_registration (reservation_id, Participant_id, is_student) VALUES (69,32,0)
INSERT INTO Conference_day_registration (reservation_id, Participant_id, is_student) VALUES (69,1,0)
INSERT INTO Conference_day_registration (reservation_id, Participant_id, is_student) VALUES (69,5,0)
INSERT INTO Conference_day_registration (reservation_id, Participant_id, is_student) VALUES (69,7,0)
INSERT INTO Conference_day_registration (reservation_id, Participant_id, is_student) VALUES (69,35,0)
INSERT INTO Conference_day_registration (reservation_id, Participant_id, is_student) VALUES (69,10,0)
INSERT INTO Conference_day_registration (reservation_id, Participant_id, is_student) VALUES (69,2,0)
INSERT INTO Conference_day_registration (reservation_id, Participant_id, is_student) VALUES (69,6,0)
INSERT INTO Conference_day_registration (reservation_id, Participant_id, is_student) VALUES (69,17,0)
INSERT INTO Conference_day_registration (reservation_id, Participant_id, is_student) VALUES (69,21,0)
INSERT INTO Conference_day_registration (reservation_id, Participant_id, is_student) VALUES (69,19,0)
INSERT INTO Conference_day_registration (reservation_id, Participant_id, is_student) VALUES (69,28,0)
INSERT INTO Conference_day_registration (reservation_id, Participant_id, is_student) VALUES (69,14,0)
INSERT INTO Conference_day_registration (reservation_id, Participant_id, is_student) VALUES (69,16,0)
INSERT INTO Conference_day_registration (reservation_id, Participant_id, is_student) VALUES (69,26,0)
INSERT INTO Conference_day_registration (reservation_id, Participant_id, is_student) VALUES (69,31,0)
INSERT INTO Conference_day_registration (reservation_id, Participant_id, is_student) VALUES (69,29,0)
INSERT INTO Conference_day_registration (reservation_id, Participant_id, is_student) VALUES (69,12,0)
INSERT INTO Conference_day_registration (reservation_id, Participant_id, is_student) VALUES (69,25,0)
INSERT INTO Conference_day_registration (reservation_id, Participant_id, is_student) VALUES (69,30,0)
INSERT INTO Conference_day_registration (reservation_id, Participant_id, is_student) VALUES (69,22,0)
INSERT INTO Conference_day_registration (reservation_id, Participant_id, is_student) VALUES (69,13,0)
INSERT INTO Conference_day_registration (reservation_id, Participant_id, is_student) VALUES (69,34,0)
INSERT INTO Conference_day_registration (reservation_id, Participant_id, is_student) VALUES (69,33,0)
INSERT INTO Conference_day_registration (reservation_id, Participant_id, is_student) VALUES (69,38,1)
INSERT INTO Conference_day_registration (reservation_id, Participant_id, is_student) VALUES (69,23,1)
INSERT INTO Conference_day_registration (reservation_id, Participant_id, is_student) VALUES (69,18,1)
INSERT INTO Conference_day_registration (reservation_id, Participant_id, is_student) VALUES (69,20,1)
INSERT INTO Conference_day_registration (reservation_id, Participant_id, is_student) VALUES (69,15,1)
INSERT INTO Conference_day_registration (reservation_id, Participant_id, is_student) VALUES (69,36,1)
INSERT INTO Conference_day_registration (reservation_id, Participant_id, is_student) VALUES (69,4,1)
INSERT INTO Conference_day_registration (reservation_id, Participant_id, is_student) VALUES (69,37,1)
SET IDENTITY_INSERT  Conference_day_reservations OFF
SET IDENTITY_INSERT  Conferences ON
INSERT INTO Conferences (Conference_id, name) VALUES (5,'implement global vortals')
SET IDENTITY_INSERT  Conferences OFF
SET IDENTITY_INSERT Conference_days ON
INSERT INTO Conference_days (conference_day_id, conference_id, date, standard_price, student_discount) VALUES (13,5,'2024-12-12',666.77,0.48)
INSERT INTO Early_signup_discounts (conference_day_id, end_date, discount) VALUES (13,'2018-02-12','0.32')
INSERT INTO Early_signup_discounts (conference_day_id, end_date, discount) VALUES (13,'2021-04-10','0.13')
INSERT INTO Early_signup_discounts (conference_day_id, end_date, discount) VALUES (13,'2022-06-20','0.41')
SET IDENTITY_INSERT Conference_days OFF
SET IDENTITY_INSERT  Workshops ON
INSERT INTO Workshops (workshop_id, conference_day_id, start_time, end_time, topic, price, number_of_seats) VALUES (43,13,'2024-12-12 05:35:00','2024-12-12 09:51:00','synergize sticky technologies','332.68','39')
SET IDENTITY_INSERT  Workshops OFF
SET IDENTITY_INSERT  Workshop_reservations ON
INSERT INTO Workshop_reservations (reservation_id, workshop_id, reservation_date, due_price, nr_of_seats) VALUES (192,43,2020-07-26,'2021-04-12',2)
INSERT INTO Workshop_registration (reservation_id, Participant_id) VALUES (192,21)
INSERT INTO Workshop_registration (reservation_id, Participant_id) VALUES (192,26)
INSERT INTO Workshop_reservations (reservation_id, workshop_id, reservation_date, due_price, nr_of_seats) VALUES (193,43,2022-11-01,'2023-07-04',9)
INSERT INTO Workshop_registration (reservation_id, Participant_id) VALUES (193,1)
INSERT INTO Workshop_registration (reservation_id, Participant_id) VALUES (193,28)
INSERT INTO Workshop_registration (reservation_id, Participant_id) VALUES (193,33)
INSERT INTO Workshop_registration (reservation_id, Participant_id) VALUES (193,29)
INSERT INTO Workshop_registration (reservation_id, Participant_id) VALUES (193,32)
INSERT INTO Workshop_registration (reservation_id, Participant_id) VALUES (193,22)
INSERT INTO Workshop_registration (reservation_id, Participant_id) VALUES (193,2)
INSERT INTO Workshop_registration (reservation_id, Participant_id) VALUES (193,8)
INSERT INTO Workshop_registration (reservation_id, Participant_id) VALUES (193,9)
SET IDENTITY_INSERT  Workshop_reservations OFF
SET IDENTITY_INSERT  Workshops ON
INSERT INTO Workshops (workshop_id, conference_day_id, start_time, end_time, topic, price, number_of_seats) VALUES (44,13,'2024-12-12 03:38:00','2024-12-12 06:58:00','strategize next-generation convergence','428.04','31')
SET IDENTITY_INSERT  Workshops OFF
SET IDENTITY_INSERT  Workshop_reservations ON
INSERT INTO Workshop_reservations (reservation_id, workshop_id, reservation_date, due_price, nr_of_seats) VALUES (194,44,2022-04-13,'2023-12-28',34)
INSERT INTO Workshop_registration (reservation_id, Participant_id) VALUES (194,35)
INSERT INTO Workshop_registration (reservation_id, Participant_id) VALUES (194,15)
INSERT INTO Workshop_registration (reservation_id, Participant_id) VALUES (194,16)
INSERT INTO Workshop_registration (reservation_id, Participant_id) VALUES (194,26)
INSERT INTO Workshop_registration (reservation_id, Participant_id) VALUES (194,17)
INSERT INTO Workshop_registration (reservation_id, Participant_id) VALUES (194,6)
INSERT INTO Workshop_registration (reservation_id, Participant_id) VALUES (194,27)
INSERT INTO Workshop_registration (reservation_id, Participant_id) VALUES (194,9)
INSERT INTO Workshop_registration (reservation_id, Participant_id) VALUES (194,10)
INSERT INTO Workshop_registration (reservation_id, Participant_id) VALUES (194,8)
INSERT INTO Workshop_registration (reservation_id, Participant_id) VALUES (194,37)
INSERT INTO Workshop_registration (reservation_id, Participant_id) VALUES (194,1)
INSERT INTO Workshop_registration (reservation_id, Participant_id) VALUES (194,38)
INSERT INTO Workshop_registration (reservation_id, Participant_id) VALUES (194,7)
INSERT INTO Workshop_registration (reservation_id, Participant_id) VALUES (194,36)
INSERT INTO Workshop_registration (reservation_id, Participant_id) VALUES (194,13)
INSERT INTO Workshop_registration (reservation_id, Participant_id) VALUES (194,11)
INSERT INTO Workshop_registration (reservation_id, Participant_id) VALUES (194,20)
INSERT INTO Workshop_registration (reservation_id, Participant_id) VALUES (194,29)
INSERT INTO Workshop_registration (reservation_id, Participant_id) VALUES (194,32)
INSERT INTO Workshop_registration (reservation_id, Participant_id) VALUES (194,30)
INSERT INTO Workshop_registration (reservation_id, Participant_id) VALUES (194,25)
INSERT INTO Workshop_registration (reservation_id, Participant_id) VALUES (194,31)
INSERT INTO Workshop_registration (reservation_id, Participant_id) VALUES (194,14)
INSERT INTO Workshop_registration (reservation_id, Participant_id) VALUES (194,34)
INSERT INTO Workshop_registration (reservation_id, Participant_id) VALUES (194,19)
INSERT INTO Workshop_registration (reservation_id, Participant_id) VALUES (194,4)
INSERT INTO Workshop_registration (reservation_id, Participant_id) VALUES (194,21)
INSERT INTO Workshop_registration (reservation_id, Participant_id) VALUES (194,33)
INSERT INTO Workshop_registration (reservation_id, Participant_id) VALUES (194,22)
INSERT INTO Workshop_registration (reservation_id, Participant_id) VALUES (194,5)
INSERT INTO Workshop_registration (reservation_id, Participant_id) VALUES (194,24)
INSERT INTO Workshop_registration (reservation_id, Participant_id) VALUES (194,28)
INSERT INTO Workshop_registration (reservation_id, Participant_id) VALUES (194,2)
INSERT INTO Workshop_reservations (reservation_id, workshop_id, reservation_date, due_price, nr_of_seats) VALUES (195,44,2020-11-06,'2021-08-04',32)
INSERT INTO Workshop_registration (reservation_id, Participant_id) VALUES (195,4)
INSERT INTO Workshop_registration (reservation_id, Participant_id) VALUES (195,38)
INSERT INTO Workshop_registration (reservation_id, Participant_id) VALUES (195,21)
INSERT INTO Workshop_registration (reservation_id, Participant_id) VALUES (195,14)
INSERT INTO Workshop_registration (reservation_id, Participant_id) VALUES (195,10)
INSERT INTO Workshop_registration (reservation_id, Participant_id) VALUES (195,18)
INSERT INTO Workshop_registration (reservation_id, Participant_id) VALUES (195,15)
INSERT INTO Workshop_registration (reservation_id, Participant_id) VALUES (195,20)
INSERT INTO Workshop_registration (reservation_id, Participant_id) VALUES (195,2)
INSERT INTO Workshop_registration (reservation_id, Participant_id) VALUES (195,8)
INSERT INTO Workshop_registration (reservation_id, Participant_id) VALUES (195,11)
INSERT INTO Workshop_registration (reservation_id, Participant_id) VALUES (195,26)
INSERT INTO Workshop_registration (reservation_id, Participant_id) VALUES (195,16)
INSERT INTO Workshop_registration (reservation_id, Participant_id) VALUES (195,13)
INSERT INTO Workshop_registration (reservation_id, Participant_id) VALUES (195,37)
INSERT INTO Workshop_registration (reservation_id, Participant_id) VALUES (195,33)
INSERT INTO Workshop_registration (reservation_id, Participant_id) VALUES (195,9)
INSERT INTO Workshop_registration (reservation_id, Participant_id) VALUES (195,35)
INSERT INTO Workshop_registration (reservation_id, Participant_id) VALUES (195,32)
INSERT INTO Workshop_registration (reservation_id, Participant_id) VALUES (195,28)
INSERT INTO Workshop_registration (reservation_id, Participant_id) VALUES (195,3)
INSERT INTO Workshop_registration (reservation_id, Participant_id) VALUES (195,23)
INSERT INTO Workshop_registration (reservation_id, Participant_id) VALUES (195,1)
INSERT INTO Workshop_registration (reservation_id, Participant_id) VALUES (195,5)
INSERT INTO Workshop_registration (reservation_id, Participant_id) VALUES (195,25)
INSERT INTO Workshop_registration (reservation_id, Participant_id) VALUES (195,19)
INSERT INTO Workshop_registration (reservation_id, Participant_id) VALUES (195,24)
INSERT INTO Workshop_registration (reservation_id, Participant_id) VALUES (195,31)
INSERT INTO Workshop_registration (reservation_id, Participant_id) VALUES (195,17)
INSERT INTO Workshop_registration (reservation_id, Participant_id) VALUES (195,22)
INSERT INTO Workshop_registration (reservation_id, Participant_id) VALUES (195,34)
INSERT INTO Workshop_registration (reservation_id, Participant_id) VALUES (195,12)
INSERT INTO Workshop_reservations (reservation_id, workshop_id, reservation_date, due_price, nr_of_seats) VALUES (196,44,2022-03-15,'2023-09-16',27)
INSERT INTO Workshop_registration (reservation_id, Participant_id) VALUES (196,33)
INSERT INTO Workshop_registration (reservation_id, Participant_id) VALUES (196,24)
INSERT INTO Workshop_registration (reservation_id, Participant_id) VALUES (196,13)
INSERT INTO Workshop_registration (reservation_id, Participant_id) VALUES (196,31)
INSERT INTO Workshop_registration (reservation_id, Participant_id) VALUES (196,21)
INSERT INTO Workshop_registration (reservation_id, Participant_id) VALUES (196,10)
INSERT INTO Workshop_registration (reservation_id, Participant_id) VALUES (196,4)
INSERT INTO Workshop_registration (reservation_id, Participant_id) VALUES (196,19)
INSERT INTO Workshop_registration (reservation_id, Participant_id) VALUES (196,1)
INSERT INTO Workshop_registration (reservation_id, Participant_id) VALUES (196,17)
INSERT INTO Workshop_registration (reservation_id, Participant_id) VALUES (196,7)
INSERT INTO Workshop_registration (reservation_id, Participant_id) VALUES (196,35)
INSERT INTO Workshop_registration (reservation_id, Participant_id) VALUES (196,8)
INSERT INTO Workshop_registration (reservation_id, Participant_id) VALUES (196,27)
INSERT INTO Workshop_registration (reservation_id, Participant_id) VALUES (196,32)
INSERT INTO Workshop_registration (reservation_id, Participant_id) VALUES (196,34)
INSERT INTO Workshop_registration (reservation_id, Participant_id) VALUES (196,12)
INSERT INTO Workshop_registration (reservation_id, Participant_id) VALUES (196,9)
INSERT INTO Workshop_registration (reservation_id, Participant_id) VALUES (196,3)
INSERT INTO Workshop_registration (reservation_id, Participant_id) VALUES (196,25)
INSERT INTO Workshop_registration (reservation_id, Participant_id) VALUES (196,36)
INSERT INTO Workshop_registration (reservation_id, Participant_id) VALUES (196,2)
INSERT INTO Workshop_registration (reservation_id, Participant_id) VALUES (196,15)
INSERT INTO Workshop_registration (reservation_id, Participant_id) VALUES (196,11)
INSERT INTO Workshop_registration (reservation_id, Participant_id) VALUES (196,30)
INSERT INTO Workshop_registration (reservation_id, Participant_id) VALUES (196,26)
INSERT INTO Workshop_registration (reservation_id, Participant_id) VALUES (196,38)
INSERT INTO Workshop_reservations (reservation_id, workshop_id, reservation_date, due_price, nr_of_seats) VALUES (197,44,2023-03-29,'2023-06-03',21)
INSERT INTO Workshop_registration (reservation_id, Participant_id) VALUES (197,33)
INSERT INTO Workshop_registration (reservation_id, Participant_id) VALUES (197,23)
INSERT INTO Workshop_registration (reservation_id, Participant_id) VALUES (197,20)
INSERT INTO Workshop_registration (reservation_id, Participant_id) VALUES (197,3)
INSERT INTO Workshop_registration (reservation_id, Participant_id) VALUES (197,35)
INSERT INTO Workshop_registration (reservation_id, Participant_id) VALUES (197,21)
INSERT INTO Workshop_registration (reservation_id, Participant_id) VALUES (197,29)
INSERT INTO Workshop_registration (reservation_id, Participant_id) VALUES (197,26)
INSERT INTO Workshop_registration (reservation_id, Participant_id) VALUES (197,24)
INSERT INTO Workshop_registration (reservation_id, Participant_id) VALUES (197,5)
INSERT INTO Workshop_registration (reservation_id, Participant_id) VALUES (197,15)
INSERT INTO Workshop_registration (reservation_id, Participant_id) VALUES (197,2)
INSERT INTO Workshop_registration (reservation_id, Participant_id) VALUES (197,34)
INSERT INTO Workshop_registration (reservation_id, Participant_id) VALUES (197,31)
INSERT INTO Workshop_registration (reservation_id, Participant_id) VALUES (197,11)
INSERT INTO Workshop_registration (reservation_id, Participant_id) VALUES (197,19)
INSERT INTO Workshop_registration (reservation_id, Participant_id) VALUES (197,36)
INSERT INTO Workshop_registration (reservation_id, Participant_id) VALUES (197,32)
INSERT INTO Workshop_registration (reservation_id, Participant_id) VALUES (197,8)
INSERT INTO Workshop_registration (reservation_id, Participant_id) VALUES (197,25)
INSERT INTO Workshop_registration (reservation_id, Participant_id) VALUES (197,13)
INSERT INTO Workshop_reservations (reservation_id, workshop_id, reservation_date, due_price, nr_of_seats) VALUES (198,44,2022-11-18,'2024-08-15',36)
INSERT INTO Workshop_registration (reservation_id, Participant_id) VALUES (198,33)
INSERT INTO Workshop_registration (reservation_id, Participant_id) VALUES (198,26)
INSERT INTO Workshop_registration (reservation_id, Participant_id) VALUES (198,32)
INSERT INTO Workshop_registration (reservation_id, Participant_id) VALUES (198,31)
INSERT INTO Workshop_registration (reservation_id, Participant_id) VALUES (198,7)
INSERT INTO Workshop_registration (reservation_id, Participant_id) VALUES (198,16)
INSERT INTO Workshop_registration (reservation_id, Participant_id) VALUES (198,25)
INSERT INTO Workshop_registration (reservation_id, Participant_id) VALUES (198,11)
INSERT INTO Workshop_registration (reservation_id, Participant_id) VALUES (198,8)
INSERT INTO Workshop_registration (reservation_id, Participant_id) VALUES (198,12)
INSERT INTO Workshop_registration (reservation_id, Participant_id) VALUES (198,34)
INSERT INTO Workshop_registration (reservation_id, Participant_id) VALUES (198,36)
INSERT INTO Workshop_registration (reservation_id, Participant_id) VALUES (198,37)
INSERT INTO Workshop_registration (reservation_id, Participant_id) VALUES (198,28)
INSERT INTO Workshop_registration (reservation_id, Participant_id) VALUES (198,4)
INSERT INTO Workshop_registration (reservation_id, Participant_id) VALUES (198,17)
INSERT INTO Workshop_registration (reservation_id, Participant_id) VALUES (198,13)
INSERT INTO Workshop_registration (reservation_id, Participant_id) VALUES (198,10)
INSERT INTO Workshop_registration (reservation_id, Participant_id) VALUES (198,9)
INSERT INTO Workshop_registration (reservation_id, Participant_id) VALUES (198,30)
INSERT INTO Workshop_registration (reservation_id, Participant_id) VALUES (198,15)
INSERT INTO Workshop_registration (reservation_id, Participant_id) VALUES (198,14)
INSERT INTO Workshop_registration (reservation_id, Participant_id) VALUES (198,29)
INSERT INTO Workshop_registration (reservation_id, Participant_id) VALUES (198,38)
INSERT INTO Workshop_registration (reservation_id, Participant_id) VALUES (198,21)
INSERT INTO Workshop_registration (reservation_id, Participant_id) VALUES (198,6)
INSERT INTO Workshop_registration (reservation_id, Participant_id) VALUES (198,19)
INSERT INTO Workshop_registration (reservation_id, Participant_id) VALUES (198,35)
INSERT INTO Workshop_registration (reservation_id, Participant_id) VALUES (198,24)
INSERT INTO Workshop_registration (reservation_id, Participant_id) VALUES (198,1)
INSERT INTO Workshop_registration (reservation_id, Participant_id) VALUES (198,2)
INSERT INTO Workshop_registration (reservation_id, Participant_id) VALUES (198,27)
INSERT INTO Workshop_registration (reservation_id, Participant_id) VALUES (198,23)
INSERT INTO Workshop_registration (reservation_id, Participant_id) VALUES (198,20)
INSERT INTO Workshop_registration (reservation_id, Participant_id) VALUES (198,22)
INSERT INTO Workshop_registration (reservation_id, Participant_id) VALUES (198,18)
INSERT INTO Workshop_reservations (reservation_id, workshop_id, reservation_date, due_price, nr_of_seats) VALUES (199,44,2022-08-01,'2023-08-12',17)
INSERT INTO Workshop_registration (reservation_id, Participant_id) VALUES (199,17)
INSERT INTO Workshop_registration (reservation_id, Participant_id) VALUES (199,5)
INSERT INTO Workshop_registration (reservation_id, Participant_id) VALUES (199,10)
INSERT INTO Workshop_registration (reservation_id, Participant_id) VALUES (199,9)
INSERT INTO Workshop_registration (reservation_id, Participant_id) VALUES (199,19)
INSERT INTO Workshop_registration (reservation_id, Participant_id) VALUES (199,18)
INSERT INTO Workshop_registration (reservation_id, Participant_id) VALUES (199,27)
INSERT INTO Workshop_registration (reservation_id, Participant_id) VALUES (199,1)
INSERT INTO Workshop_registration (reservation_id, Participant_id) VALUES (199,38)
INSERT INTO Workshop_registration (reservation_id, Participant_id) VALUES (199,3)
INSERT INTO Workshop_registration (reservation_id, Participant_id) VALUES (199,16)
INSERT INTO Workshop_registration (reservation_id, Participant_id) VALUES (199,21)
INSERT INTO Workshop_registration (reservation_id, Participant_id) VALUES (199,31)
INSERT INTO Workshop_registration (reservation_id, Participant_id) VALUES (199,30)
INSERT INTO Workshop_registration (reservation_id, Participant_id) VALUES (199,2)
INSERT INTO Workshop_registration (reservation_id, Participant_id) VALUES (199,15)
INSERT INTO Workshop_registration (reservation_id, Participant_id) VALUES (199,4)
SET IDENTITY_INSERT  Workshop_reservations OFF
SET IDENTITY_INSERT  Workshops ON
INSERT INTO Workshops (workshop_id, conference_day_id, start_time, end_time, topic, price, number_of_seats) VALUES (45,13,'2024-12-12 10:08:00','2024-12-12 10:48:00','redefine bleeding-edge web services','755.48','55')
SET IDENTITY_INSERT  Workshops OFF
SET IDENTITY_INSERT  Workshop_reservations ON
INSERT INTO Workshop_reservations (reservation_id, workshop_id, reservation_date, due_price, nr_of_seats) VALUES (200,45,2022-12-31,'2024-05-04',25)
INSERT INTO Workshop_registration (reservation_id, Participant_id) VALUES (200,11)
INSERT INTO Workshop_registration (reservation_id, Participant_id) VALUES (200,6)
INSERT INTO Workshop_registration (reservation_id, Participant_id) VALUES (200,9)
INSERT INTO Workshop_registration (reservation_id, Participant_id) VALUES (200,24)
INSERT INTO Workshop_registration (reservation_id, Participant_id) VALUES (200,35)
INSERT INTO Workshop_registration (reservation_id, Participant_id) VALUES (200,18)
INSERT INTO Workshop_registration (reservation_id, Participant_id) VALUES (200,32)
INSERT INTO Workshop_registration (reservation_id, Participant_id) VALUES (200,4)
INSERT INTO Workshop_registration (reservation_id, Participant_id) VALUES (200,27)
INSERT INTO Workshop_registration (reservation_id, Participant_id) VALUES (200,28)
INSERT INTO Workshop_registration (reservation_id, Participant_id) VALUES (200,13)
INSERT INTO Workshop_registration (reservation_id, Participant_id) VALUES (200,7)
INSERT INTO Workshop_registration (reservation_id, Participant_id) VALUES (200,34)
INSERT INTO Workshop_registration (reservation_id, Participant_id) VALUES (200,26)
INSERT INTO Workshop_registration (reservation_id, Participant_id) VALUES (200,22)
INSERT INTO Workshop_registration (reservation_id, Participant_id) VALUES (200,19)
INSERT INTO Workshop_registration (reservation_id, Participant_id) VALUES (200,23)
INSERT INTO Workshop_registration (reservation_id, Participant_id) VALUES (200,10)
INSERT INTO Workshop_registration (reservation_id, Participant_id) VALUES (200,1)
INSERT INTO Workshop_registration (reservation_id, Participant_id) VALUES (200,2)
INSERT INTO Workshop_registration (reservation_id, Participant_id) VALUES (200,20)
INSERT INTO Workshop_registration (reservation_id, Participant_id) VALUES (200,37)
INSERT INTO Workshop_registration (reservation_id, Participant_id) VALUES (200,38)
INSERT INTO Workshop_registration (reservation_id, Participant_id) VALUES (200,5)
INSERT INTO Workshop_registration (reservation_id, Participant_id) VALUES (200,12)
INSERT INTO Workshop_reservations (reservation_id, workshop_id, reservation_date, due_price, nr_of_seats) VALUES (201,45,2021-02-20,'2024-09-23',31)
INSERT INTO Workshop_registration (reservation_id, Participant_id) VALUES (201,4)
INSERT INTO Workshop_registration (reservation_id, Participant_id) VALUES (201,10)
INSERT INTO Workshop_registration (reservation_id, Participant_id) VALUES (201,16)
INSERT INTO Workshop_registration (reservation_id, Participant_id) VALUES (201,15)
INSERT INTO Workshop_registration (reservation_id, Participant_id) VALUES (201,31)
INSERT INTO Workshop_registration (reservation_id, Participant_id) VALUES (201,23)
INSERT INTO Workshop_registration (reservation_id, Participant_id) VALUES (201,21)
INSERT INTO Workshop_registration (reservation_id, Participant_id) VALUES (201,24)
INSERT INTO Workshop_registration (reservation_id, Participant_id) VALUES (201,26)
INSERT INTO Workshop_registration (reservation_id, Participant_id) VALUES (201,30)
INSERT INTO Workshop_registration (reservation_id, Participant_id) VALUES (201,13)
INSERT INTO Workshop_registration (reservation_id, Participant_id) VALUES (201,32)
INSERT INTO Workshop_registration (reservation_id, Participant_id) VALUES (201,37)
INSERT INTO Workshop_registration (reservation_id, Participant_id) VALUES (201,5)
INSERT INTO Workshop_registration (reservation_id, Participant_id) VALUES (201,2)
INSERT INTO Workshop_registration (reservation_id, Participant_id) VALUES (201,28)
INSERT INTO Workshop_registration (reservation_id, Participant_id) VALUES (201,34)
INSERT INTO Workshop_registration (reservation_id, Participant_id) VALUES (201,6)
INSERT INTO Workshop_registration (reservation_id, Participant_id) VALUES (201,38)
INSERT INTO Workshop_registration (reservation_id, Participant_id) VALUES (201,22)
INSERT INTO Workshop_registration (reservation_id, Participant_id) VALUES (201,8)
INSERT INTO Workshop_registration (reservation_id, Participant_id) VALUES (201,3)
INSERT INTO Workshop_registration (reservation_id, Participant_id) VALUES (201,20)
INSERT INTO Workshop_registration (reservation_id, Participant_id) VALUES (201,1)
INSERT INTO Workshop_registration (reservation_id, Participant_id) VALUES (201,17)
INSERT INTO Workshop_registration (reservation_id, Participant_id) VALUES (201,14)
INSERT INTO Workshop_registration (reservation_id, Participant_id) VALUES (201,18)
INSERT INTO Workshop_registration (reservation_id, Participant_id) VALUES (201,35)
INSERT INTO Workshop_registration (reservation_id, Participant_id) VALUES (201,25)
INSERT INTO Workshop_registration (reservation_id, Participant_id) VALUES (201,11)
INSERT INTO Workshop_registration (reservation_id, Participant_id) VALUES (201,27)
INSERT INTO Workshop_reservations (reservation_id, workshop_id, reservation_date, due_price, nr_of_seats) VALUES (202,45,2021-03-21,'2022-05-28',8)
INSERT INTO Workshop_registration (reservation_id, Participant_id) VALUES (202,31)
INSERT INTO Workshop_registration (reservation_id, Participant_id) VALUES (202,4)
INSERT INTO Workshop_registration (reservation_id, Participant_id) VALUES (202,23)
INSERT INTO Workshop_registration (reservation_id, Participant_id) VALUES (202,2)
INSERT INTO Workshop_registration (reservation_id, Participant_id) VALUES (202,5)
INSERT INTO Workshop_registration (reservation_id, Participant_id) VALUES (202,37)
INSERT INTO Workshop_registration (reservation_id, Participant_id) VALUES (202,16)
INSERT INTO Workshop_registration (reservation_id, Participant_id) VALUES (202,29)
INSERT INTO Workshop_reservations (reservation_id, workshop_id, reservation_date, due_price, nr_of_seats) VALUES (203,45,2024-06-23,'2024-10-19',6)
INSERT INTO Workshop_registration (reservation_id, Participant_id) VALUES (203,16)
INSERT INTO Workshop_registration (reservation_id, Participant_id) VALUES (203,36)
INSERT INTO Workshop_registration (reservation_id, Participant_id) VALUES (203,23)
INSERT INTO Workshop_registration (reservation_id, Participant_id) VALUES (203,32)
INSERT INTO Workshop_registration (reservation_id, Participant_id) VALUES (203,4)
INSERT INTO Workshop_registration (reservation_id, Participant_id) VALUES (203,26)
INSERT INTO Workshop_reservations (reservation_id, workshop_id, reservation_date, due_price, nr_of_seats) VALUES (204,45,2022-11-09,'2023-03-11',34)
INSERT INTO Workshop_registration (reservation_id, Participant_id) VALUES (204,36)
INSERT INTO Workshop_registration (reservation_id, Participant_id) VALUES (204,28)
INSERT INTO Workshop_registration (reservation_id, Participant_id) VALUES (204,14)
INSERT INTO Workshop_registration (reservation_id, Participant_id) VALUES (204,37)
INSERT INTO Workshop_registration (reservation_id, Participant_id) VALUES (204,11)
INSERT INTO Workshop_registration (reservation_id, Participant_id) VALUES (204,9)
INSERT INTO Workshop_registration (reservation_id, Participant_id) VALUES (204,10)
INSERT INTO Workshop_registration (reservation_id, Participant_id) VALUES (204,6)
INSERT INTO Workshop_registration (reservation_id, Participant_id) VALUES (204,18)
INSERT INTO Workshop_registration (reservation_id, Participant_id) VALUES (204,19)
INSERT INTO Workshop_registration (reservation_id, Participant_id) VALUES (204,16)
INSERT INTO Workshop_registration (reservation_id, Participant_id) VALUES (204,38)
INSERT INTO Workshop_registration (reservation_id, Participant_id) VALUES (204,25)
INSERT INTO Workshop_registration (reservation_id, Participant_id) VALUES (204,21)
INSERT INTO Workshop_registration (reservation_id, Participant_id) VALUES (204,1)
INSERT INTO Workshop_registration (reservation_id, Participant_id) VALUES (204,23)
INSERT INTO Workshop_registration (reservation_id, Participant_id) VALUES (204,27)
INSERT INTO Workshop_registration (reservation_id, Participant_id) VALUES (204,30)
INSERT INTO Workshop_registration (reservation_id, Participant_id) VALUES (204,8)
INSERT INTO Workshop_registration (reservation_id, Participant_id) VALUES (204,12)
INSERT INTO Workshop_registration (reservation_id, Participant_id) VALUES (204,2)
INSERT INTO Workshop_registration (reservation_id, Participant_id) VALUES (204,5)
INSERT INTO Workshop_registration (reservation_id, Participant_id) VALUES (204,34)
INSERT INTO Workshop_registration (reservation_id, Participant_id) VALUES (204,22)
INSERT INTO Workshop_registration (reservation_id, Participant_id) VALUES (204,24)
INSERT INTO Workshop_registration (reservation_id, Participant_id) VALUES (204,13)
INSERT INTO Workshop_registration (reservation_id, Participant_id) VALUES (204,26)
INSERT INTO Workshop_registration (reservation_id, Participant_id) VALUES (204,4)
INSERT INTO Workshop_registration (reservation_id, Participant_id) VALUES (204,31)
INSERT INTO Workshop_registration (reservation_id, Participant_id) VALUES (204,17)
INSERT INTO Workshop_registration (reservation_id, Participant_id) VALUES (204,15)
INSERT INTO Workshop_registration (reservation_id, Participant_id) VALUES (204,20)
INSERT INTO Workshop_registration (reservation_id, Participant_id) VALUES (204,32)
INSERT INTO Workshop_registration (reservation_id, Participant_id) VALUES (204,35)
INSERT INTO Workshop_reservations (reservation_id, workshop_id, reservation_date, due_price, nr_of_seats) VALUES (205,45,2022-10-19,'2024-03-06',8)
INSERT INTO Workshop_registration (reservation_id, Participant_id) VALUES (205,7)
INSERT INTO Workshop_registration (reservation_id, Participant_id) VALUES (205,34)
INSERT INTO Workshop_registration (reservation_id, Participant_id) VALUES (205,33)
INSERT INTO Workshop_registration (reservation_id, Participant_id) VALUES (205,25)
INSERT INTO Workshop_registration (reservation_id, Participant_id) VALUES (205,35)
INSERT INTO Workshop_registration (reservation_id, Participant_id) VALUES (205,21)
INSERT INTO Workshop_registration (reservation_id, Participant_id) VALUES (205,12)
INSERT INTO Workshop_registration (reservation_id, Participant_id) VALUES (205,17)
INSERT INTO Workshop_reservations (reservation_id, workshop_id, reservation_date, due_price, nr_of_seats) VALUES (206,45,2024-08-22,'2024-09-21',5)
INSERT INTO Workshop_registration (reservation_id, Participant_id) VALUES (206,7)
INSERT INTO Workshop_registration (reservation_id, Participant_id) VALUES (206,19)
INSERT INTO Workshop_registration (reservation_id, Participant_id) VALUES (206,27)
INSERT INTO Workshop_registration (reservation_id, Participant_id) VALUES (206,32)
INSERT INTO Workshop_registration (reservation_id, Participant_id) VALUES (206,37)
INSERT INTO Workshop_reservations (reservation_id, workshop_id, reservation_date, due_price, nr_of_seats) VALUES (207,45,2021-04-24,'2023-03-26',8)
INSERT INTO Workshop_registration (reservation_id, Participant_id) VALUES (207,18)
INSERT INTO Workshop_registration (reservation_id, Participant_id) VALUES (207,30)
INSERT INTO Workshop_registration (reservation_id, Participant_id) VALUES (207,34)
INSERT INTO Workshop_registration (reservation_id, Participant_id) VALUES (207,8)
INSERT INTO Workshop_registration (reservation_id, Participant_id) VALUES (207,13)
INSERT INTO Workshop_registration (reservation_id, Participant_id) VALUES (207,15)
INSERT INTO Workshop_registration (reservation_id, Participant_id) VALUES (207,11)
INSERT INTO Workshop_registration (reservation_id, Participant_id) VALUES (207,35)
INSERT INTO Workshop_reservations (reservation_id, workshop_id, reservation_date, due_price, nr_of_seats) VALUES (208,45,2023-04-13,'2023-10-19',4)
INSERT INTO Workshop_registration (reservation_id, Participant_id) VALUES (208,17)
INSERT INTO Workshop_registration (reservation_id, Participant_id) VALUES (208,24)
INSERT INTO Workshop_registration (reservation_id, Participant_id) VALUES (208,21)
INSERT INTO Workshop_registration (reservation_id, Participant_id) VALUES (208,3)
SET IDENTITY_INSERT  Workshop_reservations OFF
SET IDENTITY_INSERT  Workshops ON
INSERT INTO Workshops (workshop_id, conference_day_id, start_time, end_time, topic, price, number_of_seats) VALUES (46,13,'2024-12-12 08:55:00','2024-12-12 13:56:00','synergize plug-and-play e-tailers','852.85','86')
SET IDENTITY_INSERT  Workshops OFF
SET IDENTITY_INSERT  Workshop_reservations ON
INSERT INTO Workshop_reservations (reservation_id, workshop_id, reservation_date, due_price, nr_of_seats) VALUES (209,46,2020-02-07,'2020-09-24',34)
INSERT INTO Workshop_registration (reservation_id, Participant_id) VALUES (209,6)
INSERT INTO Workshop_registration (reservation_id, Participant_id) VALUES (209,4)
INSERT INTO Workshop_registration (reservation_id, Participant_id) VALUES (209,19)
INSERT INTO Workshop_registration (reservation_id, Participant_id) VALUES (209,14)
INSERT INTO Workshop_registration (reservation_id, Participant_id) VALUES (209,23)
INSERT INTO Workshop_registration (reservation_id, Participant_id) VALUES (209,28)
INSERT INTO Workshop_registration (reservation_id, Participant_id) VALUES (209,30)
INSERT INTO Workshop_registration (reservation_id, Participant_id) VALUES (209,22)
INSERT INTO Workshop_registration (reservation_id, Participant_id) VALUES (209,34)
INSERT INTO Workshop_registration (reservation_id, Participant_id) VALUES (209,29)
INSERT INTO Workshop_registration (reservation_id, Participant_id) VALUES (209,38)
INSERT INTO Workshop_registration (reservation_id, Participant_id) VALUES (209,20)
INSERT INTO Workshop_registration (reservation_id, Participant_id) VALUES (209,18)
INSERT INTO Workshop_registration (reservation_id, Participant_id) VALUES (209,24)
INSERT INTO Workshop_registration (reservation_id, Participant_id) VALUES (209,37)
INSERT INTO Workshop_registration (reservation_id, Participant_id) VALUES (209,17)
INSERT INTO Workshop_registration (reservation_id, Participant_id) VALUES (209,12)
INSERT INTO Workshop_registration (reservation_id, Participant_id) VALUES (209,1)
INSERT INTO Workshop_registration (reservation_id, Participant_id) VALUES (209,35)
INSERT INTO Workshop_registration (reservation_id, Participant_id) VALUES (209,9)
INSERT INTO Workshop_registration (reservation_id, Participant_id) VALUES (209,7)
INSERT INTO Workshop_registration (reservation_id, Participant_id) VALUES (209,21)
INSERT INTO Workshop_registration (reservation_id, Participant_id) VALUES (209,32)
INSERT INTO Workshop_registration (reservation_id, Participant_id) VALUES (209,11)
INSERT INTO Workshop_registration (reservation_id, Participant_id) VALUES (209,13)
INSERT INTO Workshop_registration (reservation_id, Participant_id) VALUES (209,27)
INSERT INTO Workshop_registration (reservation_id, Participant_id) VALUES (209,33)
INSERT INTO Workshop_registration (reservation_id, Participant_id) VALUES (209,10)
INSERT INTO Workshop_registration (reservation_id, Participant_id) VALUES (209,26)
INSERT INTO Workshop_registration (reservation_id, Participant_id) VALUES (209,31)
INSERT INTO Workshop_registration (reservation_id, Participant_id) VALUES (209,36)
INSERT INTO Workshop_registration (reservation_id, Participant_id) VALUES (209,3)
INSERT INTO Workshop_registration (reservation_id, Participant_id) VALUES (209,5)
INSERT INTO Workshop_registration (reservation_id, Participant_id) VALUES (209,16)
INSERT INTO Workshop_reservations (reservation_id, workshop_id, reservation_date, due_price, nr_of_seats) VALUES (210,46,2021-11-19,'2024-01-21',31)
INSERT INTO Workshop_registration (reservation_id, Participant_id) VALUES (210,26)
INSERT INTO Workshop_registration (reservation_id, Participant_id) VALUES (210,21)
INSERT INTO Workshop_registration (reservation_id, Participant_id) VALUES (210,12)
INSERT INTO Workshop_registration (reservation_id, Participant_id) VALUES (210,37)
INSERT INTO Workshop_registration (reservation_id, Participant_id) VALUES (210,16)
INSERT INTO Workshop_registration (reservation_id, Participant_id) VALUES (210,34)
INSERT INTO Workshop_registration (reservation_id, Participant_id) VALUES (210,10)
INSERT INTO Workshop_registration (reservation_id, Participant_id) VALUES (210,1)
INSERT INTO Workshop_registration (reservation_id, Participant_id) VALUES (210,28)
INSERT INTO Workshop_registration (reservation_id, Participant_id) VALUES (210,30)
INSERT INTO Workshop_registration (reservation_id, Participant_id) VALUES (210,9)
INSERT INTO Workshop_registration (reservation_id, Participant_id) VALUES (210,32)
INSERT INTO Workshop_registration (reservation_id, Participant_id) VALUES (210,25)
INSERT INTO Workshop_registration (reservation_id, Participant_id) VALUES (210,31)
INSERT INTO Workshop_registration (reservation_id, Participant_id) VALUES (210,17)
INSERT INTO Workshop_registration (reservation_id, Participant_id) VALUES (210,23)
INSERT INTO Workshop_registration (reservation_id, Participant_id) VALUES (210,4)
INSERT INTO Workshop_registration (reservation_id, Participant_id) VALUES (210,29)
INSERT INTO Workshop_registration (reservation_id, Participant_id) VALUES (210,22)
INSERT INTO Workshop_registration (reservation_id, Participant_id) VALUES (210,15)
INSERT INTO Workshop_registration (reservation_id, Participant_id) VALUES (210,38)
INSERT INTO Workshop_registration (reservation_id, Participant_id) VALUES (210,33)
INSERT INTO Workshop_registration (reservation_id, Participant_id) VALUES (210,18)
INSERT INTO Workshop_registration (reservation_id, Participant_id) VALUES (210,35)
INSERT INTO Workshop_registration (reservation_id, Participant_id) VALUES (210,2)
INSERT INTO Workshop_registration (reservation_id, Participant_id) VALUES (210,14)
INSERT INTO Workshop_registration (reservation_id, Participant_id) VALUES (210,13)
INSERT INTO Workshop_registration (reservation_id, Participant_id) VALUES (210,36)
INSERT INTO Workshop_registration (reservation_id, Participant_id) VALUES (210,24)
INSERT INTO Workshop_registration (reservation_id, Participant_id) VALUES (210,11)
INSERT INTO Workshop_registration (reservation_id, Participant_id) VALUES (210,27)
INSERT INTO Workshop_reservations (reservation_id, workshop_id, reservation_date, due_price, nr_of_seats) VALUES (211,46,2020-07-23,'2024-09-11',34)
INSERT INTO Workshop_registration (reservation_id, Participant_id) VALUES (211,26)
INSERT INTO Workshop_registration (reservation_id, Participant_id) VALUES (211,15)
INSERT INTO Workshop_registration (reservation_id, Participant_id) VALUES (211,23)
INSERT INTO Workshop_registration (reservation_id, Participant_id) VALUES (211,25)
INSERT INTO Workshop_registration (reservation_id, Participant_id) VALUES (211,38)
INSERT INTO Workshop_registration (reservation_id, Participant_id) VALUES (211,18)
INSERT INTO Workshop_registration (reservation_id, Participant_id) VALUES (211,24)
INSERT INTO Workshop_registration (reservation_id, Participant_id) VALUES (211,5)
INSERT INTO Workshop_registration (reservation_id, Participant_id) VALUES (211,19)
INSERT INTO Workshop_registration (reservation_id, Participant_id) VALUES (211,13)
INSERT INTO Workshop_registration (reservation_id, Participant_id) VALUES (211,12)
INSERT INTO Workshop_registration (reservation_id, Participant_id) VALUES (211,20)
INSERT INTO Workshop_registration (reservation_id, Participant_id) VALUES (211,37)
INSERT INTO Workshop_registration (reservation_id, Participant_id) VALUES (211,17)
INSERT INTO Workshop_registration (reservation_id, Participant_id) VALUES (211,29)
INSERT INTO Workshop_registration (reservation_id, Participant_id) VALUES (211,22)
INSERT INTO Workshop_registration (reservation_id, Participant_id) VALUES (211,21)
INSERT INTO Workshop_registration (reservation_id, Participant_id) VALUES (211,2)
INSERT INTO Workshop_registration (reservation_id, Participant_id) VALUES (211,35)
INSERT INTO Workshop_registration (reservation_id, Participant_id) VALUES (211,10)
INSERT INTO Workshop_registration (reservation_id, Participant_id) VALUES (211,9)
INSERT INTO Workshop_registration (reservation_id, Participant_id) VALUES (211,8)
INSERT INTO Workshop_registration (reservation_id, Participant_id) VALUES (211,33)
INSERT INTO Workshop_registration (reservation_id, Participant_id) VALUES (211,34)
INSERT INTO Workshop_registration (reservation_id, Participant_id) VALUES (211,27)
INSERT INTO Workshop_registration (reservation_id, Participant_id) VALUES (211,1)
INSERT INTO Workshop_registration (reservation_id, Participant_id) VALUES (211,36)
INSERT INTO Workshop_registration (reservation_id, Participant_id) VALUES (211,28)
INSERT INTO Workshop_registration (reservation_id, Participant_id) VALUES (211,31)
INSERT INTO Workshop_registration (reservation_id, Participant_id) VALUES (211,3)
INSERT INTO Workshop_registration (reservation_id, Participant_id) VALUES (211,7)
INSERT INTO Workshop_registration (reservation_id, Participant_id) VALUES (211,16)
INSERT INTO Workshop_registration (reservation_id, Participant_id) VALUES (211,30)
INSERT INTO Workshop_registration (reservation_id, Participant_id) VALUES (211,4)
INSERT INTO Workshop_reservations (reservation_id, workshop_id, reservation_date, due_price, nr_of_seats) VALUES (212,46,2023-12-28,'2024-05-09',4)
INSERT INTO Workshop_registration (reservation_id, Participant_id) VALUES (212,21)
INSERT INTO Workshop_registration (reservation_id, Participant_id) VALUES (212,26)
INSERT INTO Workshop_registration (reservation_id, Participant_id) VALUES (212,8)
INSERT INTO Workshop_registration (reservation_id, Participant_id) VALUES (212,23)
INSERT INTO Workshop_reservations (reservation_id, workshop_id, reservation_date, due_price, nr_of_seats) VALUES (213,46,2023-01-25,'2024-09-03',22)
INSERT INTO Workshop_registration (reservation_id, Participant_id) VALUES (213,28)
INSERT INTO Workshop_registration (reservation_id, Participant_id) VALUES (213,38)
INSERT INTO Workshop_registration (reservation_id, Participant_id) VALUES (213,15)
INSERT INTO Workshop_registration (reservation_id, Participant_id) VALUES (213,36)
INSERT INTO Workshop_registration (reservation_id, Participant_id) VALUES (213,1)
INSERT INTO Workshop_registration (reservation_id, Participant_id) VALUES (213,25)
INSERT INTO Workshop_registration (reservation_id, Participant_id) VALUES (213,8)
INSERT INTO Workshop_registration (reservation_id, Participant_id) VALUES (213,20)
INSERT INTO Workshop_registration (reservation_id, Participant_id) VALUES (213,4)
INSERT INTO Workshop_registration (reservation_id, Participant_id) VALUES (213,30)
INSERT INTO Workshop_registration (reservation_id, Participant_id) VALUES (213,5)
INSERT INTO Workshop_registration (reservation_id, Participant_id) VALUES (213,37)
INSERT INTO Workshop_registration (reservation_id, Participant_id) VALUES (213,14)
INSERT INTO Workshop_registration (reservation_id, Participant_id) VALUES (213,7)
INSERT INTO Workshop_registration (reservation_id, Participant_id) VALUES (213,21)
INSERT INTO Workshop_registration (reservation_id, Participant_id) VALUES (213,29)
INSERT INTO Workshop_registration (reservation_id, Participant_id) VALUES (213,34)
INSERT INTO Workshop_registration (reservation_id, Participant_id) VALUES (213,6)
INSERT INTO Workshop_registration (reservation_id, Participant_id) VALUES (213,32)
INSERT INTO Workshop_registration (reservation_id, Participant_id) VALUES (213,2)
INSERT INTO Workshop_registration (reservation_id, Participant_id) VALUES (213,11)
INSERT INTO Workshop_registration (reservation_id, Participant_id) VALUES (213,10)
INSERT INTO Workshop_reservations (reservation_id, workshop_id, reservation_date, due_price, nr_of_seats) VALUES (214,46,2024-09-28,'2024-10-17',23)
INSERT INTO Workshop_registration (reservation_id, Participant_id) VALUES (214,3)
INSERT INTO Workshop_registration (reservation_id, Participant_id) VALUES (214,23)
INSERT INTO Workshop_registration (reservation_id, Participant_id) VALUES (214,29)
INSERT INTO Workshop_registration (reservation_id, Participant_id) VALUES (214,26)
INSERT INTO Workshop_registration (reservation_id, Participant_id) VALUES (214,32)
INSERT INTO Workshop_registration (reservation_id, Participant_id) VALUES (214,21)
INSERT INTO Workshop_registration (reservation_id, Participant_id) VALUES (214,24)
INSERT INTO Workshop_registration (reservation_id, Participant_id) VALUES (214,8)
INSERT INTO Workshop_registration (reservation_id, Participant_id) VALUES (214,12)
INSERT INTO Workshop_registration (reservation_id, Participant_id) VALUES (214,27)
INSERT INTO Workshop_registration (reservation_id, Participant_id) VALUES (214,17)
INSERT INTO Workshop_registration (reservation_id, Participant_id) VALUES (214,25)
INSERT INTO Workshop_registration (reservation_id, Participant_id) VALUES (214,6)
INSERT INTO Workshop_registration (reservation_id, Participant_id) VALUES (214,13)
INSERT INTO Workshop_registration (reservation_id, Participant_id) VALUES (214,35)
INSERT INTO Workshop_registration (reservation_id, Participant_id) VALUES (214,18)
INSERT INTO Workshop_registration (reservation_id, Participant_id) VALUES (214,37)
INSERT INTO Workshop_registration (reservation_id, Participant_id) VALUES (214,14)
INSERT INTO Workshop_registration (reservation_id, Participant_id) VALUES (214,9)
INSERT INTO Workshop_registration (reservation_id, Participant_id) VALUES (214,30)
INSERT INTO Workshop_registration (reservation_id, Participant_id) VALUES (214,28)
INSERT INTO Workshop_registration (reservation_id, Participant_id) VALUES (214,38)
INSERT INTO Workshop_registration (reservation_id, Participant_id) VALUES (214,31)
INSERT INTO Workshop_reservations (reservation_id, workshop_id, reservation_date, due_price, nr_of_seats) VALUES (215,46,2022-03-10,'2023-09-22',36)
INSERT INTO Workshop_registration (reservation_id, Participant_id) VALUES (215,4)
INSERT INTO Workshop_registration (reservation_id, Participant_id) VALUES (215,15)
INSERT INTO Workshop_registration (reservation_id, Participant_id) VALUES (215,3)
INSERT INTO Workshop_registration (reservation_id, Participant_id) VALUES (215,35)
INSERT INTO Workshop_registration (reservation_id, Participant_id) VALUES (215,26)
INSERT INTO Workshop_registration (reservation_id, Participant_id) VALUES (215,27)
INSERT INTO Workshop_registration (reservation_id, Participant_id) VALUES (215,18)
INSERT INTO Workshop_registration (reservation_id, Participant_id) VALUES (215,31)
INSERT INTO Workshop_registration (reservation_id, Participant_id) VALUES (215,36)
INSERT INTO Workshop_registration (reservation_id, Participant_id) VALUES (215,5)
INSERT INTO Workshop_registration (reservation_id, Participant_id) VALUES (215,11)
INSERT INTO Workshop_registration (reservation_id, Participant_id) VALUES (215,1)
INSERT INTO Workshop_registration (reservation_id, Participant_id) VALUES (215,23)
INSERT INTO Workshop_registration (reservation_id, Participant_id) VALUES (215,12)
INSERT INTO Workshop_registration (reservation_id, Participant_id) VALUES (215,28)
INSERT INTO Workshop_registration (reservation_id, Participant_id) VALUES (215,33)
INSERT INTO Workshop_registration (reservation_id, Participant_id) VALUES (215,20)
INSERT INTO Workshop_registration (reservation_id, Participant_id) VALUES (215,22)
INSERT INTO Workshop_registration (reservation_id, Participant_id) VALUES (215,9)
INSERT INTO Workshop_registration (reservation_id, Participant_id) VALUES (215,24)
INSERT INTO Workshop_registration (reservation_id, Participant_id) VALUES (215,16)
INSERT INTO Workshop_registration (reservation_id, Participant_id) VALUES (215,14)
INSERT INTO Workshop_registration (reservation_id, Participant_id) VALUES (215,19)
INSERT INTO Workshop_registration (reservation_id, Participant_id) VALUES (215,7)
INSERT INTO Workshop_registration (reservation_id, Participant_id) VALUES (215,30)
INSERT INTO Workshop_registration (reservation_id, Participant_id) VALUES (215,17)
INSERT INTO Workshop_registration (reservation_id, Participant_id) VALUES (215,32)
INSERT INTO Workshop_registration (reservation_id, Participant_id) VALUES (215,34)
INSERT INTO Workshop_registration (reservation_id, Participant_id) VALUES (215,13)
INSERT INTO Workshop_registration (reservation_id, Participant_id) VALUES (215,37)
INSERT INTO Workshop_registration (reservation_id, Participant_id) VALUES (215,6)
INSERT INTO Workshop_registration (reservation_id, Participant_id) VALUES (215,10)
INSERT INTO Workshop_registration (reservation_id, Participant_id) VALUES (215,21)
INSERT INTO Workshop_registration (reservation_id, Participant_id) VALUES (215,25)
INSERT INTO Workshop_registration (reservation_id, Participant_id) VALUES (215,38)
INSERT INTO Workshop_registration (reservation_id, Participant_id) VALUES (215,29)
INSERT INTO Workshop_reservations (reservation_id, workshop_id, reservation_date, due_price, nr_of_seats) VALUES (216,46,2021-03-09,'2024-04-24',3)
INSERT INTO Workshop_registration (reservation_id, Participant_id) VALUES (216,20)
INSERT INTO Workshop_registration (reservation_id, Participant_id) VALUES (216,32)
INSERT INTO Workshop_registration (reservation_id, Participant_id) VALUES (216,30)
INSERT INTO Workshop_reservations (reservation_id, workshop_id, reservation_date, due_price, nr_of_seats) VALUES (217,46,2020-04-18,'2020-05-11',30)
INSERT INTO Workshop_registration (reservation_id, Participant_id) VALUES (217,33)
INSERT INTO Workshop_registration (reservation_id, Participant_id) VALUES (217,28)
INSERT INTO Workshop_registration (reservation_id, Participant_id) VALUES (217,1)
INSERT INTO Workshop_registration (reservation_id, Participant_id) VALUES (217,25)
INSERT INTO Workshop_registration (reservation_id, Participant_id) VALUES (217,24)
INSERT INTO Workshop_registration (reservation_id, Participant_id) VALUES (217,5)
INSERT INTO Workshop_registration (reservation_id, Participant_id) VALUES (217,30)
INSERT INTO Workshop_registration (reservation_id, Participant_id) VALUES (217,17)
INSERT INTO Workshop_registration (reservation_id, Participant_id) VALUES (217,4)
INSERT INTO Workshop_registration (reservation_id, Participant_id) VALUES (217,15)
INSERT INTO Workshop_registration (reservation_id, Participant_id) VALUES (217,22)
INSERT INTO Workshop_registration (reservation_id, Participant_id) VALUES (217,14)
INSERT INTO Workshop_registration (reservation_id, Participant_id) VALUES (217,21)
INSERT INTO Workshop_registration (reservation_id, Participant_id) VALUES (217,9)
INSERT INTO Workshop_registration (reservation_id, Participant_id) VALUES (217,34)
INSERT INTO Workshop_registration (reservation_id, Participant_id) VALUES (217,38)
INSERT INTO Workshop_registration (reservation_id, Participant_id) VALUES (217,23)
INSERT INTO Workshop_registration (reservation_id, Participant_id) VALUES (217,11)
INSERT INTO Workshop_registration (reservation_id, Participant_id) VALUES (217,29)
INSERT INTO Workshop_registration (reservation_id, Participant_id) VALUES (217,26)
INSERT INTO Workshop_registration (reservation_id, Participant_id) VALUES (217,6)
INSERT INTO Workshop_registration (reservation_id, Participant_id) VALUES (217,18)
INSERT INTO Workshop_registration (reservation_id, Participant_id) VALUES (217,13)
INSERT INTO Workshop_registration (reservation_id, Participant_id) VALUES (217,12)
INSERT INTO Workshop_registration (reservation_id, Participant_id) VALUES (217,37)
INSERT INTO Workshop_registration (reservation_id, Participant_id) VALUES (217,31)
INSERT INTO Workshop_registration (reservation_id, Participant_id) VALUES (217,36)
INSERT INTO Workshop_registration (reservation_id, Participant_id) VALUES (217,16)
INSERT INTO Workshop_registration (reservation_id, Participant_id) VALUES (217,2)
INSERT INTO Workshop_registration (reservation_id, Participant_id) VALUES (217,27)
SET IDENTITY_INSERT  Workshop_reservations OFF
SET IDENTITY_INSERT  Conference_day_reservations ON
INSERT INTO Conference_day_reservations (reservation_id, conference_day_id, clients_id, reservation_date, active, due_price, adult_seats, student_seats) VALUES (70,13,2,'2024-01-13','1','2024-01-18','29','7')
INSERT INTO Payments (reservation_id, in_date, value) VALUES (70,'2024-01-13',356.03)
INSERT INTO Payments (reservation_id, in_date, value) VALUES (70,'2024-01-16',330.0)
INSERT INTO Conference_day_registration (reservation_id, Participant_id, is_student) VALUES (70,35,0)
INSERT INTO Conference_day_registration (reservation_id, Participant_id, is_student) VALUES (70,21,0)
INSERT INTO Conference_day_registration (reservation_id, Participant_id, is_student) VALUES (70,33,0)
INSERT INTO Conference_day_registration (reservation_id, Participant_id, is_student) VALUES (70,4,0)
INSERT INTO Conference_day_registration (reservation_id, Participant_id, is_student) VALUES (70,38,0)
INSERT INTO Conference_day_registration (reservation_id, Participant_id, is_student) VALUES (70,28,0)
INSERT INTO Conference_day_registration (reservation_id, Participant_id, is_student) VALUES (70,18,0)
INSERT INTO Conference_day_registration (reservation_id, Participant_id, is_student) VALUES (70,23,0)
INSERT INTO Conference_day_registration (reservation_id, Participant_id, is_student) VALUES (70,2,0)
INSERT INTO Conference_day_registration (reservation_id, Participant_id, is_student) VALUES (70,37,0)
INSERT INTO Conference_day_registration (reservation_id, Participant_id, is_student) VALUES (70,34,0)
INSERT INTO Conference_day_registration (reservation_id, Participant_id, is_student) VALUES (70,26,0)
INSERT INTO Conference_day_registration (reservation_id, Participant_id, is_student) VALUES (70,17,0)
INSERT INTO Conference_day_registration (reservation_id, Participant_id, is_student) VALUES (70,8,0)
INSERT INTO Conference_day_registration (reservation_id, Participant_id, is_student) VALUES (70,29,0)
INSERT INTO Conference_day_registration (reservation_id, Participant_id, is_student) VALUES (70,36,0)
INSERT INTO Conference_day_registration (reservation_id, Participant_id, is_student) VALUES (70,32,0)
INSERT INTO Conference_day_registration (reservation_id, Participant_id, is_student) VALUES (70,13,0)
INSERT INTO Conference_day_registration (reservation_id, Participant_id, is_student) VALUES (70,6,0)
INSERT INTO Conference_day_registration (reservation_id, Participant_id, is_student) VALUES (70,14,0)
INSERT INTO Conference_day_registration (reservation_id, Participant_id, is_student) VALUES (70,7,0)
INSERT INTO Conference_day_registration (reservation_id, Participant_id, is_student) VALUES (70,9,0)
INSERT INTO Conference_day_registration (reservation_id, Participant_id, is_student) VALUES (70,30,0)
INSERT INTO Conference_day_registration (reservation_id, Participant_id, is_student) VALUES (70,20,0)
INSERT INTO Conference_day_registration (reservation_id, Participant_id, is_student) VALUES (70,19,0)
INSERT INTO Conference_day_registration (reservation_id, Participant_id, is_student) VALUES (70,16,0)
INSERT INTO Conference_day_registration (reservation_id, Participant_id, is_student) VALUES (70,27,0)
INSERT INTO Conference_day_registration (reservation_id, Participant_id, is_student) VALUES (70,24,0)
INSERT INTO Conference_day_registration (reservation_id, Participant_id, is_student) VALUES (70,15,0)
INSERT INTO Conference_day_registration (reservation_id, Participant_id, is_student) VALUES (70,3,1)
INSERT INTO Conference_day_registration (reservation_id, Participant_id, is_student) VALUES (70,5,1)
INSERT INTO Conference_day_registration (reservation_id, Participant_id, is_student) VALUES (70,12,1)
INSERT INTO Conference_day_registration (reservation_id, Participant_id, is_student) VALUES (70,1,1)
INSERT INTO Conference_day_registration (reservation_id, Participant_id, is_student) VALUES (70,22,1)
INSERT INTO Conference_day_registration (reservation_id, Participant_id, is_student) VALUES (70,31,1)
INSERT INTO Conference_day_registration (reservation_id, Participant_id, is_student) VALUES (70,25,1)
INSERT INTO Conference_day_reservations (reservation_id, conference_day_id, clients_id, reservation_date, active, due_price, adult_seats, student_seats) VALUES (71,13,9,'2024-01-07','0','2024-09-14','24','10')
INSERT INTO Payments (reservation_id, in_date, value) VALUES (71,'2024-06-14',250.0)
INSERT INTO Payments (reservation_id, in_date, value) VALUES (71,'2024-02-11',82.0)
INSERT INTO Payments (reservation_id, in_date, value) VALUES (71,'2024-07-25',257.0)
INSERT INTO Payments (reservation_id, in_date, value) VALUES (71,'2024-02-11',95.0)
INSERT INTO Conference_day_registration (reservation_id, Participant_id, is_student) VALUES (71,32,0)
INSERT INTO Conference_day_registration (reservation_id, Participant_id, is_student) VALUES (71,2,0)
INSERT INTO Conference_day_registration (reservation_id, Participant_id, is_student) VALUES (71,33,0)
INSERT INTO Conference_day_registration (reservation_id, Participant_id, is_student) VALUES (71,9,0)
INSERT INTO Conference_day_registration (reservation_id, Participant_id, is_student) VALUES (71,21,0)
INSERT INTO Conference_day_registration (reservation_id, Participant_id, is_student) VALUES (71,27,0)
INSERT INTO Conference_day_registration (reservation_id, Participant_id, is_student) VALUES (71,20,0)
INSERT INTO Conference_day_registration (reservation_id, Participant_id, is_student) VALUES (71,19,0)
INSERT INTO Conference_day_registration (reservation_id, Participant_id, is_student) VALUES (71,22,0)
INSERT INTO Conference_day_registration (reservation_id, Participant_id, is_student) VALUES (71,35,0)
INSERT INTO Conference_day_registration (reservation_id, Participant_id, is_student) VALUES (71,12,0)
INSERT INTO Conference_day_registration (reservation_id, Participant_id, is_student) VALUES (71,6,0)
INSERT INTO Conference_day_registration (reservation_id, Participant_id, is_student) VALUES (71,25,0)
INSERT INTO Conference_day_registration (reservation_id, Participant_id, is_student) VALUES (71,4,0)
INSERT INTO Conference_day_registration (reservation_id, Participant_id, is_student) VALUES (71,23,0)
INSERT INTO Conference_day_registration (reservation_id, Participant_id, is_student) VALUES (71,5,0)
INSERT INTO Conference_day_registration (reservation_id, Participant_id, is_student) VALUES (71,7,0)
INSERT INTO Conference_day_registration (reservation_id, Participant_id, is_student) VALUES (71,3,0)
INSERT INTO Conference_day_registration (reservation_id, Participant_id, is_student) VALUES (71,10,0)
INSERT INTO Conference_day_registration (reservation_id, Participant_id, is_student) VALUES (71,34,0)
INSERT INTO Conference_day_registration (reservation_id, Participant_id, is_student) VALUES (71,26,0)
INSERT INTO Conference_day_registration (reservation_id, Participant_id, is_student) VALUES (71,37,0)
INSERT INTO Conference_day_registration (reservation_id, Participant_id, is_student) VALUES (71,24,0)
INSERT INTO Conference_day_registration (reservation_id, Participant_id, is_student) VALUES (71,29,0)
INSERT INTO Conference_day_registration (reservation_id, Participant_id, is_student) VALUES (71,13,1)
INSERT INTO Conference_day_registration (reservation_id, Participant_id, is_student) VALUES (71,17,1)
INSERT INTO Conference_day_registration (reservation_id, Participant_id, is_student) VALUES (71,38,1)
INSERT INTO Conference_day_registration (reservation_id, Participant_id, is_student) VALUES (71,28,1)
INSERT INTO Conference_day_registration (reservation_id, Participant_id, is_student) VALUES (71,18,1)
INSERT INTO Conference_day_registration (reservation_id, Participant_id, is_student) VALUES (71,16,1)
INSERT INTO Conference_day_registration (reservation_id, Participant_id, is_student) VALUES (71,14,1)
INSERT INTO Conference_day_registration (reservation_id, Participant_id, is_student) VALUES (71,8,1)
INSERT INTO Conference_day_registration (reservation_id, Participant_id, is_student) VALUES (71,31,1)
INSERT INTO Conference_day_registration (reservation_id, Participant_id, is_student) VALUES (71,1,1)
INSERT INTO Conference_day_reservations (reservation_id, conference_day_id, clients_id, reservation_date, active, due_price, adult_seats, student_seats) VALUES (72,13,5,'2021-08-22','0','2022-12-19','34','3')
INSERT INTO Payments (reservation_id, in_date, value) VALUES (72,'2022-05-09',292.71)
INSERT INTO Payments (reservation_id, in_date, value) VALUES (72,'2021-11-11',405.0)
INSERT INTO Conference_day_registration (reservation_id, Participant_id, is_student) VALUES (72,11,0)
INSERT INTO Conference_day_registration (reservation_id, Participant_id, is_student) VALUES (72,20,0)
INSERT INTO Conference_day_registration (reservation_id, Participant_id, is_student) VALUES (72,32,0)
INSERT INTO Conference_day_registration (reservation_id, Participant_id, is_student) VALUES (72,1,0)
INSERT INTO Conference_day_registration (reservation_id, Participant_id, is_student) VALUES (72,5,0)
INSERT INTO Conference_day_registration (reservation_id, Participant_id, is_student) VALUES (72,37,0)
INSERT INTO Conference_day_registration (reservation_id, Participant_id, is_student) VALUES (72,12,0)
INSERT INTO Conference_day_registration (reservation_id, Participant_id, is_student) VALUES (72,2,0)
INSERT INTO Conference_day_registration (reservation_id, Participant_id, is_student) VALUES (72,6,0)
INSERT INTO Conference_day_registration (reservation_id, Participant_id, is_student) VALUES (72,17,0)
INSERT INTO Conference_day_registration (reservation_id, Participant_id, is_student) VALUES (72,36,0)
INSERT INTO Conference_day_registration (reservation_id, Participant_id, is_student) VALUES (72,22,0)
INSERT INTO Conference_day_registration (reservation_id, Participant_id, is_student) VALUES (72,13,0)
INSERT INTO Conference_day_registration (reservation_id, Participant_id, is_student) VALUES (72,28,0)
INSERT INTO Conference_day_registration (reservation_id, Participant_id, is_student) VALUES (72,38,0)
INSERT INTO Conference_day_registration (reservation_id, Participant_id, is_student) VALUES (72,10,0)
INSERT INTO Conference_day_registration (reservation_id, Participant_id, is_student) VALUES (72,7,0)
INSERT INTO Conference_day_registration (reservation_id, Participant_id, is_student) VALUES (72,8,0)
INSERT INTO Conference_day_registration (reservation_id, Participant_id, is_student) VALUES (72,23,0)
INSERT INTO Conference_day_registration (reservation_id, Participant_id, is_student) VALUES (72,24,0)
INSERT INTO Conference_day_registration (reservation_id, Participant_id, is_student) VALUES (72,9,0)
INSERT INTO Conference_day_registration (reservation_id, Participant_id, is_student) VALUES (72,18,0)
INSERT INTO Conference_day_registration (reservation_id, Participant_id, is_student) VALUES (72,14,0)
INSERT INTO Conference_day_registration (reservation_id, Participant_id, is_student) VALUES (72,30,0)
INSERT INTO Conference_day_registration (reservation_id, Participant_id, is_student) VALUES (72,34,0)
INSERT INTO Conference_day_registration (reservation_id, Participant_id, is_student) VALUES (72,4,0)
INSERT INTO Conference_day_registration (reservation_id, Participant_id, is_student) VALUES (72,29,0)
INSERT INTO Conference_day_registration (reservation_id, Participant_id, is_student) VALUES (72,26,0)
INSERT INTO Conference_day_registration (reservation_id, Participant_id, is_student) VALUES (72,16,0)
INSERT INTO Conference_day_registration (reservation_id, Participant_id, is_student) VALUES (72,19,0)
INSERT INTO Conference_day_registration (reservation_id, Participant_id, is_student) VALUES (72,27,0)
INSERT INTO Conference_day_registration (reservation_id, Participant_id, is_student) VALUES (72,15,0)
INSERT INTO Conference_day_registration (reservation_id, Participant_id, is_student) VALUES (72,3,0)
INSERT INTO Conference_day_registration (reservation_id, Participant_id, is_student) VALUES (72,25,0)
INSERT INTO Conference_day_registration (reservation_id, Participant_id, is_student) VALUES (72,21,1)
INSERT INTO Conference_day_registration (reservation_id, Participant_id, is_student) VALUES (72,33,1)
INSERT INTO Conference_day_registration (reservation_id, Participant_id, is_student) VALUES (72,35,1)
INSERT INTO Conference_day_reservations (reservation_id, conference_day_id, clients_id, reservation_date, active, due_price, adult_seats, student_seats) VALUES (73,13,10,'2023-03-18','0','2024-08-21','19','10')
INSERT INTO Payments (reservation_id, in_date, value) VALUES (73,'2024-01-08',167.05)
INSERT INTO Payments (reservation_id, in_date, value) VALUES (73,'2024-04-06',185.0)
INSERT INTO Payments (reservation_id, in_date, value) VALUES (73,'2024-04-30',81.0)
INSERT INTO Payments (reservation_id, in_date, value) VALUES (73,'2024-03-06',122.0)
INSERT INTO Payments (reservation_id, in_date, value) VALUES (73,'2023-07-21',126.0)
INSERT INTO Conference_day_registration (reservation_id, Participant_id, is_student) VALUES (73,7,0)
INSERT INTO Conference_day_registration (reservation_id, Participant_id, is_student) VALUES (73,3,0)
INSERT INTO Conference_day_registration (reservation_id, Participant_id, is_student) VALUES (73,31,0)
INSERT INTO Conference_day_registration (reservation_id, Participant_id, is_student) VALUES (73,30,0)
INSERT INTO Conference_day_registration (reservation_id, Participant_id, is_student) VALUES (73,23,0)
INSERT INTO Conference_day_registration (reservation_id, Participant_id, is_student) VALUES (73,17,0)
INSERT INTO Conference_day_registration (reservation_id, Participant_id, is_student) VALUES (73,36,0)
INSERT INTO Conference_day_registration (reservation_id, Participant_id, is_student) VALUES (73,11,0)
INSERT INTO Conference_day_registration (reservation_id, Participant_id, is_student) VALUES (73,27,0)
INSERT INTO Conference_day_registration (reservation_id, Participant_id, is_student) VALUES (73,22,0)
INSERT INTO Conference_day_registration (reservation_id, Participant_id, is_student) VALUES (73,38,0)
INSERT INTO Conference_day_registration (reservation_id, Participant_id, is_student) VALUES (73,14,0)
INSERT INTO Conference_day_registration (reservation_id, Participant_id, is_student) VALUES (73,19,0)
INSERT INTO Conference_day_registration (reservation_id, Participant_id, is_student) VALUES (73,5,0)
INSERT INTO Conference_day_registration (reservation_id, Participant_id, is_student) VALUES (73,21,0)
INSERT INTO Conference_day_registration (reservation_id, Participant_id, is_student) VALUES (73,9,0)
INSERT INTO Conference_day_registration (reservation_id, Participant_id, is_student) VALUES (73,37,0)
INSERT INTO Conference_day_registration (reservation_id, Participant_id, is_student) VALUES (73,20,0)
INSERT INTO Conference_day_registration (reservation_id, Participant_id, is_student) VALUES (73,2,0)
INSERT INTO Conference_day_registration (reservation_id, Participant_id, is_student) VALUES (73,25,1)
INSERT INTO Conference_day_registration (reservation_id, Participant_id, is_student) VALUES (73,24,1)
INSERT INTO Conference_day_registration (reservation_id, Participant_id, is_student) VALUES (73,29,1)
INSERT INTO Conference_day_registration (reservation_id, Participant_id, is_student) VALUES (73,1,1)
INSERT INTO Conference_day_registration (reservation_id, Participant_id, is_student) VALUES (73,15,1)
INSERT INTO Conference_day_registration (reservation_id, Participant_id, is_student) VALUES (73,28,1)
INSERT INTO Conference_day_registration (reservation_id, Participant_id, is_student) VALUES (73,4,1)
INSERT INTO Conference_day_registration (reservation_id, Participant_id, is_student) VALUES (73,13,1)
INSERT INTO Conference_day_registration (reservation_id, Participant_id, is_student) VALUES (73,35,1)
INSERT INTO Conference_day_registration (reservation_id, Participant_id, is_student) VALUES (73,6,1)
INSERT INTO Conference_day_reservations (reservation_id, conference_day_id, clients_id, reservation_date, active, due_price, adult_seats, student_seats) VALUES (74,13,10,'2023-12-31','1','2024-04-25','35','3')
INSERT INTO Payments (reservation_id, in_date, value) VALUES (74,'2024-04-22',326.34)
INSERT INTO Payments (reservation_id, in_date, value) VALUES (74,'2024-02-04',362.0)
INSERT INTO Conference_day_registration (reservation_id, Participant_id, is_student) VALUES (74,36,0)
INSERT INTO Conference_day_registration (reservation_id, Participant_id, is_student) VALUES (74,21,0)
INSERT INTO Conference_day_registration (reservation_id, Participant_id, is_student) VALUES (74,22,0)
INSERT INTO Conference_day_registration (reservation_id, Participant_id, is_student) VALUES (74,3,0)
INSERT INTO Conference_day_registration (reservation_id, Participant_id, is_student) VALUES (74,6,0)
INSERT INTO Conference_day_registration (reservation_id, Participant_id, is_student) VALUES (74,16,0)
INSERT INTO Conference_day_registration (reservation_id, Participant_id, is_student) VALUES (74,27,0)
INSERT INTO Conference_day_registration (reservation_id, Participant_id, is_student) VALUES (74,32,0)
INSERT INTO Conference_day_registration (reservation_id, Participant_id, is_student) VALUES (74,25,0)
INSERT INTO Conference_day_registration (reservation_id, Participant_id, is_student) VALUES (74,34,0)
INSERT INTO Conference_day_registration (reservation_id, Participant_id, is_student) VALUES (74,19,0)
INSERT INTO Conference_day_registration (reservation_id, Participant_id, is_student) VALUES (74,7,0)
INSERT INTO Conference_day_registration (reservation_id, Participant_id, is_student) VALUES (74,4,0)
INSERT INTO Conference_day_registration (reservation_id, Participant_id, is_student) VALUES (74,24,0)
INSERT INTO Conference_day_registration (reservation_id, Participant_id, is_student) VALUES (74,29,0)
INSERT INTO Conference_day_registration (reservation_id, Participant_id, is_student) VALUES (74,31,0)
INSERT INTO Conference_day_registration (reservation_id, Participant_id, is_student) VALUES (74,23,0)
INSERT INTO Conference_day_registration (reservation_id, Participant_id, is_student) VALUES (74,9,0)
INSERT INTO Conference_day_registration (reservation_id, Participant_id, is_student) VALUES (74,18,0)
INSERT INTO Conference_day_registration (reservation_id, Participant_id, is_student) VALUES (74,14,0)
INSERT INTO Conference_day_registration (reservation_id, Participant_id, is_student) VALUES (74,5,0)
INSERT INTO Conference_day_registration (reservation_id, Participant_id, is_student) VALUES (74,17,0)
INSERT INTO Conference_day_registration (reservation_id, Participant_id, is_student) VALUES (74,35,0)
INSERT INTO Conference_day_registration (reservation_id, Participant_id, is_student) VALUES (74,38,0)
INSERT INTO Conference_day_registration (reservation_id, Participant_id, is_student) VALUES (74,12,0)
INSERT INTO Conference_day_registration (reservation_id, Participant_id, is_student) VALUES (74,15,0)
INSERT INTO Conference_day_registration (reservation_id, Participant_id, is_student) VALUES (74,13,0)
INSERT INTO Conference_day_registration (reservation_id, Participant_id, is_student) VALUES (74,11,0)
INSERT INTO Conference_day_registration (reservation_id, Participant_id, is_student) VALUES (74,26,0)
INSERT INTO Conference_day_registration (reservation_id, Participant_id, is_student) VALUES (74,37,0)
INSERT INTO Conference_day_registration (reservation_id, Participant_id, is_student) VALUES (74,1,0)
INSERT INTO Conference_day_registration (reservation_id, Participant_id, is_student) VALUES (74,10,0)
INSERT INTO Conference_day_registration (reservation_id, Participant_id, is_student) VALUES (74,8,0)
INSERT INTO Conference_day_registration (reservation_id, Participant_id, is_student) VALUES (74,30,0)
INSERT INTO Conference_day_registration (reservation_id, Participant_id, is_student) VALUES (74,33,0)
INSERT INTO Conference_day_registration (reservation_id, Participant_id, is_student) VALUES (74,2,1)
INSERT INTO Conference_day_registration (reservation_id, Participant_id, is_student) VALUES (74,28,1)
INSERT INTO Conference_day_registration (reservation_id, Participant_id, is_student) VALUES (74,20,1)
SET IDENTITY_INSERT  Conference_day_reservations OFF
SET IDENTITY_INSERT Conference_days ON
INSERT INTO Conference_days (conference_day_id, conference_id, date, standard_price, student_discount) VALUES (14,5,'2024-12-13',273.39,0.19)
INSERT INTO Early_signup_discounts (conference_day_id, end_date, discount) VALUES (14,'2021-09-03','0.29')
INSERT INTO Early_signup_discounts (conference_day_id, end_date, discount) VALUES (14,'2023-01-02','0.26')
INSERT INTO Early_signup_discounts (conference_day_id, end_date, discount) VALUES (14,'2020-04-09','0.41')
INSERT INTO Early_signup_discounts (conference_day_id, end_date, discount) VALUES (14,'2019-09-20','0.09')
SET IDENTITY_INSERT Conference_days OFF
SET IDENTITY_INSERT  Workshops ON
INSERT INTO Workshops (workshop_id, conference_day_id, start_time, end_time, topic, price, number_of_seats) VALUES (47,14,'2024-12-13 05:58:00','2024-12-13 13:31:00','architect customized e-markets','16.31','57')
SET IDENTITY_INSERT  Workshops OFF
SET IDENTITY_INSERT  Workshop_reservations ON
INSERT INTO Workshop_reservations (reservation_id, workshop_id, reservation_date, due_price, nr_of_seats) VALUES (218,47,2020-12-13,'2024-04-01',4)
INSERT INTO Workshop_registration (reservation_id, Participant_id) VALUES (218,24)
INSERT INTO Workshop_registration (reservation_id, Participant_id) VALUES (218,22)
INSERT INTO Workshop_registration (reservation_id, Participant_id) VALUES (218,31)
INSERT INTO Workshop_registration (reservation_id, Participant_id) VALUES (218,23)
INSERT INTO Workshop_reservations (reservation_id, workshop_id, reservation_date, due_price, nr_of_seats) VALUES (219,47,2023-02-14,'2024-10-18',37)
INSERT INTO Workshop_registration (reservation_id, Participant_id) VALUES (219,10)
INSERT INTO Workshop_registration (reservation_id, Participant_id) VALUES (219,18)
INSERT INTO Workshop_registration (reservation_id, Participant_id) VALUES (219,14)
INSERT INTO Workshop_registration (reservation_id, Participant_id) VALUES (219,34)
INSERT INTO Workshop_registration (reservation_id, Participant_id) VALUES (219,17)
INSERT INTO Workshop_registration (reservation_id, Participant_id) VALUES (219,38)
INSERT INTO Workshop_registration (reservation_id, Participant_id) VALUES (219,26)
INSERT INTO Workshop_registration (reservation_id, Participant_id) VALUES (219,19)
INSERT INTO Workshop_registration (reservation_id, Participant_id) VALUES (219,32)
INSERT INTO Workshop_registration (reservation_id, Participant_id) VALUES (219,8)
INSERT INTO Workshop_registration (reservation_id, Participant_id) VALUES (219,12)
INSERT INTO Workshop_registration (reservation_id, Participant_id) VALUES (219,29)
INSERT INTO Workshop_registration (reservation_id, Participant_id) VALUES (219,1)
INSERT INTO Workshop_registration (reservation_id, Participant_id) VALUES (219,25)
INSERT INTO Workshop_registration (reservation_id, Participant_id) VALUES (219,6)
INSERT INTO Workshop_registration (reservation_id, Participant_id) VALUES (219,20)
INSERT INTO Workshop_registration (reservation_id, Participant_id) VALUES (219,21)
INSERT INTO Workshop_registration (reservation_id, Participant_id) VALUES (219,33)
INSERT INTO Workshop_registration (reservation_id, Participant_id) VALUES (219,28)
INSERT INTO Workshop_registration (reservation_id, Participant_id) VALUES (219,23)
INSERT INTO Workshop_registration (reservation_id, Participant_id) VALUES (219,30)
INSERT INTO Workshop_registration (reservation_id, Participant_id) VALUES (219,16)
INSERT INTO Workshop_registration (reservation_id, Participant_id) VALUES (219,9)
INSERT INTO Workshop_registration (reservation_id, Participant_id) VALUES (219,35)
INSERT INTO Workshop_registration (reservation_id, Participant_id) VALUES (219,4)
INSERT INTO Workshop_registration (reservation_id, Participant_id) VALUES (219,31)
INSERT INTO Workshop_registration (reservation_id, Participant_id) VALUES (219,36)
INSERT INTO Workshop_registration (reservation_id, Participant_id) VALUES (219,5)
INSERT INTO Workshop_registration (reservation_id, Participant_id) VALUES (219,2)
INSERT INTO Workshop_registration (reservation_id, Participant_id) VALUES (219,3)
INSERT INTO Workshop_registration (reservation_id, Participant_id) VALUES (219,24)
INSERT INTO Workshop_registration (reservation_id, Participant_id) VALUES (219,7)
INSERT INTO Workshop_registration (reservation_id, Participant_id) VALUES (219,13)
INSERT INTO Workshop_registration (reservation_id, Participant_id) VALUES (219,11)
INSERT INTO Workshop_registration (reservation_id, Participant_id) VALUES (219,15)
INSERT INTO Workshop_registration (reservation_id, Participant_id) VALUES (219,22)
INSERT INTO Workshop_registration (reservation_id, Participant_id) VALUES (219,37)
INSERT INTO Workshop_reservations (reservation_id, workshop_id, reservation_date, due_price, nr_of_seats) VALUES (220,47,2021-09-01,'2021-10-23',26)
INSERT INTO Workshop_registration (reservation_id, Participant_id) VALUES (220,11)
INSERT INTO Workshop_registration (reservation_id, Participant_id) VALUES (220,32)
INSERT INTO Workshop_registration (reservation_id, Participant_id) VALUES (220,23)
INSERT INTO Workshop_registration (reservation_id, Participant_id) VALUES (220,37)
INSERT INTO Workshop_registration (reservation_id, Participant_id) VALUES (220,13)
INSERT INTO Workshop_registration (reservation_id, Participant_id) VALUES (220,4)
INSERT INTO Workshop_registration (reservation_id, Participant_id) VALUES (220,12)
INSERT INTO Workshop_registration (reservation_id, Participant_id) VALUES (220,10)
INSERT INTO Workshop_registration (reservation_id, Participant_id) VALUES (220,30)
INSERT INTO Workshop_registration (reservation_id, Participant_id) VALUES (220,19)
INSERT INTO Workshop_registration (reservation_id, Participant_id) VALUES (220,18)
INSERT INTO Workshop_registration (reservation_id, Participant_id) VALUES (220,9)
INSERT INTO Workshop_registration (reservation_id, Participant_id) VALUES (220,24)
INSERT INTO Workshop_registration (reservation_id, Participant_id) VALUES (220,7)
INSERT INTO Workshop_registration (reservation_id, Participant_id) VALUES (220,22)
INSERT INTO Workshop_registration (reservation_id, Participant_id) VALUES (220,16)
INSERT INTO Workshop_registration (reservation_id, Participant_id) VALUES (220,31)
INSERT INTO Workshop_registration (reservation_id, Participant_id) VALUES (220,5)
INSERT INTO Workshop_registration (reservation_id, Participant_id) VALUES (220,8)
INSERT INTO Workshop_registration (reservation_id, Participant_id) VALUES (220,33)
INSERT INTO Workshop_registration (reservation_id, Participant_id) VALUES (220,15)
INSERT INTO Workshop_registration (reservation_id, Participant_id) VALUES (220,3)
INSERT INTO Workshop_registration (reservation_id, Participant_id) VALUES (220,1)
INSERT INTO Workshop_registration (reservation_id, Participant_id) VALUES (220,20)
INSERT INTO Workshop_registration (reservation_id, Participant_id) VALUES (220,17)
INSERT INTO Workshop_registration (reservation_id, Participant_id) VALUES (220,26)
INSERT INTO Workshop_reservations (reservation_id, workshop_id, reservation_date, due_price, nr_of_seats) VALUES (221,47,2023-05-12,'2024-03-05',15)
INSERT INTO Workshop_registration (reservation_id, Participant_id) VALUES (221,19)
INSERT INTO Workshop_registration (reservation_id, Participant_id) VALUES (221,37)
INSERT INTO Workshop_registration (reservation_id, Participant_id) VALUES (221,32)
INSERT INTO Workshop_registration (reservation_id, Participant_id) VALUES (221,20)
INSERT INTO Workshop_registration (reservation_id, Participant_id) VALUES (221,23)
INSERT INTO Workshop_registration (reservation_id, Participant_id) VALUES (221,17)
INSERT INTO Workshop_registration (reservation_id, Participant_id) VALUES (221,26)
INSERT INTO Workshop_registration (reservation_id, Participant_id) VALUES (221,25)
INSERT INTO Workshop_registration (reservation_id, Participant_id) VALUES (221,16)
INSERT INTO Workshop_registration (reservation_id, Participant_id) VALUES (221,34)
INSERT INTO Workshop_registration (reservation_id, Participant_id) VALUES (221,12)
INSERT INTO Workshop_registration (reservation_id, Participant_id) VALUES (221,8)
INSERT INTO Workshop_registration (reservation_id, Participant_id) VALUES (221,13)
INSERT INTO Workshop_registration (reservation_id, Participant_id) VALUES (221,29)
INSERT INTO Workshop_registration (reservation_id, Participant_id) VALUES (221,9)
SET IDENTITY_INSERT  Workshop_reservations OFF
SET IDENTITY_INSERT  Workshops ON
INSERT INTO Workshops (workshop_id, conference_day_id, start_time, end_time, topic, price, number_of_seats) VALUES (48,14,'2024-12-13 01:46:00','2024-12-13 08:20:00','syndicate leading-edge functionalities','379.95','37')
SET IDENTITY_INSERT  Workshops OFF
SET IDENTITY_INSERT  Workshop_reservations ON
INSERT INTO Workshop_reservations (reservation_id, workshop_id, reservation_date, due_price, nr_of_seats) VALUES (222,48,2023-05-10,'2023-10-04',17)
INSERT INTO Workshop_registration (reservation_id, Participant_id) VALUES (222,20)
INSERT INTO Workshop_registration (reservation_id, Participant_id) VALUES (222,24)
INSERT INTO Workshop_registration (reservation_id, Participant_id) VALUES (222,27)
INSERT INTO Workshop_registration (reservation_id, Participant_id) VALUES (222,25)
INSERT INTO Workshop_registration (reservation_id, Participant_id) VALUES (222,12)
INSERT INTO Workshop_registration (reservation_id, Participant_id) VALUES (222,6)
INSERT INTO Workshop_registration (reservation_id, Participant_id) VALUES (222,8)
INSERT INTO Workshop_registration (reservation_id, Participant_id) VALUES (222,15)
INSERT INTO Workshop_registration (reservation_id, Participant_id) VALUES (222,32)
INSERT INTO Workshop_registration (reservation_id, Participant_id) VALUES (222,1)
INSERT INTO Workshop_registration (reservation_id, Participant_id) VALUES (222,31)
INSERT INTO Workshop_registration (reservation_id, Participant_id) VALUES (222,9)
INSERT INTO Workshop_registration (reservation_id, Participant_id) VALUES (222,4)
INSERT INTO Workshop_registration (reservation_id, Participant_id) VALUES (222,22)
INSERT INTO Workshop_registration (reservation_id, Participant_id) VALUES (222,37)
INSERT INTO Workshop_registration (reservation_id, Participant_id) VALUES (222,35)
INSERT INTO Workshop_registration (reservation_id, Participant_id) VALUES (222,11)
INSERT INTO Workshop_reservations (reservation_id, workshop_id, reservation_date, due_price, nr_of_seats) VALUES (223,48,2020-02-22,'2020-10-03',19)
INSERT INTO Workshop_registration (reservation_id, Participant_id) VALUES (223,34)
INSERT INTO Workshop_registration (reservation_id, Participant_id) VALUES (223,7)
INSERT INTO Workshop_registration (reservation_id, Participant_id) VALUES (223,33)
INSERT INTO Workshop_registration (reservation_id, Participant_id) VALUES (223,16)
INSERT INTO Workshop_registration (reservation_id, Participant_id) VALUES (223,13)
INSERT INTO Workshop_registration (reservation_id, Participant_id) VALUES (223,2)
INSERT INTO Workshop_registration (reservation_id, Participant_id) VALUES (223,23)
INSERT INTO Workshop_registration (reservation_id, Participant_id) VALUES (223,14)
INSERT INTO Workshop_registration (reservation_id, Participant_id) VALUES (223,20)
INSERT INTO Workshop_registration (reservation_id, Participant_id) VALUES (223,36)
INSERT INTO Workshop_registration (reservation_id, Participant_id) VALUES (223,25)
INSERT INTO Workshop_registration (reservation_id, Participant_id) VALUES (223,12)
INSERT INTO Workshop_registration (reservation_id, Participant_id) VALUES (223,1)
INSERT INTO Workshop_registration (reservation_id, Participant_id) VALUES (223,21)
INSERT INTO Workshop_registration (reservation_id, Participant_id) VALUES (223,19)
INSERT INTO Workshop_registration (reservation_id, Participant_id) VALUES (223,9)
INSERT INTO Workshop_registration (reservation_id, Participant_id) VALUES (223,30)
INSERT INTO Workshop_registration (reservation_id, Participant_id) VALUES (223,10)
INSERT INTO Workshop_registration (reservation_id, Participant_id) VALUES (223,28)
INSERT INTO Workshop_reservations (reservation_id, workshop_id, reservation_date, due_price, nr_of_seats) VALUES (224,48,2024-08-30,'2024-12-04',13)
INSERT INTO Workshop_registration (reservation_id, Participant_id) VALUES (224,24)
INSERT INTO Workshop_registration (reservation_id, Participant_id) VALUES (224,14)
INSERT INTO Workshop_registration (reservation_id, Participant_id) VALUES (224,17)
INSERT INTO Workshop_registration (reservation_id, Participant_id) VALUES (224,30)
INSERT INTO Workshop_registration (reservation_id, Participant_id) VALUES (224,21)
INSERT INTO Workshop_registration (reservation_id, Participant_id) VALUES (224,2)
INSERT INTO Workshop_registration (reservation_id, Participant_id) VALUES (224,28)
INSERT INTO Workshop_registration (reservation_id, Participant_id) VALUES (224,27)
INSERT INTO Workshop_registration (reservation_id, Participant_id) VALUES (224,3)
INSERT INTO Workshop_registration (reservation_id, Participant_id) VALUES (224,33)
INSERT INTO Workshop_registration (reservation_id, Participant_id) VALUES (224,7)
INSERT INTO Workshop_registration (reservation_id, Participant_id) VALUES (224,18)
INSERT INTO Workshop_registration (reservation_id, Participant_id) VALUES (224,6)
INSERT INTO Workshop_reservations (reservation_id, workshop_id, reservation_date, due_price, nr_of_seats) VALUES (225,48,2021-03-24,'2021-10-06',31)
INSERT INTO Workshop_registration (reservation_id, Participant_id) VALUES (225,16)
INSERT INTO Workshop_registration (reservation_id, Participant_id) VALUES (225,30)
INSERT INTO Workshop_registration (reservation_id, Participant_id) VALUES (225,35)
INSERT INTO Workshop_registration (reservation_id, Participant_id) VALUES (225,2)
INSERT INTO Workshop_registration (reservation_id, Participant_id) VALUES (225,6)
INSERT INTO Workshop_registration (reservation_id, Participant_id) VALUES (225,3)
INSERT INTO Workshop_registration (reservation_id, Participant_id) VALUES (225,24)
INSERT INTO Workshop_registration (reservation_id, Participant_id) VALUES (225,38)
INSERT INTO Workshop_registration (reservation_id, Participant_id) VALUES (225,20)
INSERT INTO Workshop_registration (reservation_id, Participant_id) VALUES (225,8)
INSERT INTO Workshop_registration (reservation_id, Participant_id) VALUES (225,21)
INSERT INTO Workshop_registration (reservation_id, Participant_id) VALUES (225,12)
INSERT INTO Workshop_registration (reservation_id, Participant_id) VALUES (225,36)
INSERT INTO Workshop_registration (reservation_id, Participant_id) VALUES (225,19)
INSERT INTO Workshop_registration (reservation_id, Participant_id) VALUES (225,34)
INSERT INTO Workshop_registration (reservation_id, Participant_id) VALUES (225,15)
INSERT INTO Workshop_registration (reservation_id, Participant_id) VALUES (225,1)
INSERT INTO Workshop_registration (reservation_id, Participant_id) VALUES (225,32)
INSERT INTO Workshop_registration (reservation_id, Participant_id) VALUES (225,18)
INSERT INTO Workshop_registration (reservation_id, Participant_id) VALUES (225,27)
INSERT INTO Workshop_registration (reservation_id, Participant_id) VALUES (225,9)
INSERT INTO Workshop_registration (reservation_id, Participant_id) VALUES (225,17)
INSERT INTO Workshop_registration (reservation_id, Participant_id) VALUES (225,33)
INSERT INTO Workshop_registration (reservation_id, Participant_id) VALUES (225,4)
INSERT INTO Workshop_registration (reservation_id, Participant_id) VALUES (225,5)
INSERT INTO Workshop_registration (reservation_id, Participant_id) VALUES (225,26)
INSERT INTO Workshop_registration (reservation_id, Participant_id) VALUES (225,11)
INSERT INTO Workshop_registration (reservation_id, Participant_id) VALUES (225,10)
INSERT INTO Workshop_registration (reservation_id, Participant_id) VALUES (225,28)
INSERT INTO Workshop_registration (reservation_id, Participant_id) VALUES (225,25)
INSERT INTO Workshop_registration (reservation_id, Participant_id) VALUES (225,22)
INSERT INTO Workshop_reservations (reservation_id, workshop_id, reservation_date, due_price, nr_of_seats) VALUES (226,48,2021-02-20,'2021-06-29',21)
INSERT INTO Workshop_registration (reservation_id, Participant_id) VALUES (226,25)
INSERT INTO Workshop_registration (reservation_id, Participant_id) VALUES (226,20)
INSERT INTO Workshop_registration (reservation_id, Participant_id) VALUES (226,29)
INSERT INTO Workshop_registration (reservation_id, Participant_id) VALUES (226,28)
INSERT INTO Workshop_registration (reservation_id, Participant_id) VALUES (226,34)
INSERT INTO Workshop_registration (reservation_id, Participant_id) VALUES (226,18)
INSERT INTO Workshop_registration (reservation_id, Participant_id) VALUES (226,14)
INSERT INTO Workshop_registration (reservation_id, Participant_id) VALUES (226,21)
INSERT INTO Workshop_registration (reservation_id, Participant_id) VALUES (226,24)
INSERT INTO Workshop_registration (reservation_id, Participant_id) VALUES (226,23)
INSERT INTO Workshop_registration (reservation_id, Participant_id) VALUES (226,31)
INSERT INTO Workshop_registration (reservation_id, Participant_id) VALUES (226,15)
INSERT INTO Workshop_registration (reservation_id, Participant_id) VALUES (226,2)
INSERT INTO Workshop_registration (reservation_id, Participant_id) VALUES (226,9)
INSERT INTO Workshop_registration (reservation_id, Participant_id) VALUES (226,27)
INSERT INTO Workshop_registration (reservation_id, Participant_id) VALUES (226,17)
INSERT INTO Workshop_registration (reservation_id, Participant_id) VALUES (226,30)
INSERT INTO Workshop_registration (reservation_id, Participant_id) VALUES (226,5)
INSERT INTO Workshop_registration (reservation_id, Participant_id) VALUES (226,4)
INSERT INTO Workshop_registration (reservation_id, Participant_id) VALUES (226,32)
INSERT INTO Workshop_registration (reservation_id, Participant_id) VALUES (226,22)
INSERT INTO Workshop_reservations (reservation_id, workshop_id, reservation_date, due_price, nr_of_seats) VALUES (227,48,2024-03-02,'2024-10-25',29)
INSERT INTO Workshop_registration (reservation_id, Participant_id) VALUES (227,5)
INSERT INTO Workshop_registration (reservation_id, Participant_id) VALUES (227,6)
INSERT INTO Workshop_registration (reservation_id, Participant_id) VALUES (227,33)
INSERT INTO Workshop_registration (reservation_id, Participant_id) VALUES (227,22)
INSERT INTO Workshop_registration (reservation_id, Participant_id) VALUES (227,8)
INSERT INTO Workshop_registration (reservation_id, Participant_id) VALUES (227,30)
INSERT INTO Workshop_registration (reservation_id, Participant_id) VALUES (227,7)
INSERT INTO Workshop_registration (reservation_id, Participant_id) VALUES (227,27)
INSERT INTO Workshop_registration (reservation_id, Participant_id) VALUES (227,17)
INSERT INTO Workshop_registration (reservation_id, Participant_id) VALUES (227,37)
INSERT INTO Workshop_registration (reservation_id, Participant_id) VALUES (227,12)
INSERT INTO Workshop_registration (reservation_id, Participant_id) VALUES (227,23)
INSERT INTO Workshop_registration (reservation_id, Participant_id) VALUES (227,21)
INSERT INTO Workshop_registration (reservation_id, Participant_id) VALUES (227,14)
INSERT INTO Workshop_registration (reservation_id, Participant_id) VALUES (227,3)
INSERT INTO Workshop_registration (reservation_id, Participant_id) VALUES (227,31)
INSERT INTO Workshop_registration (reservation_id, Participant_id) VALUES (227,11)
INSERT INTO Workshop_registration (reservation_id, Participant_id) VALUES (227,28)
INSERT INTO Workshop_registration (reservation_id, Participant_id) VALUES (227,19)
INSERT INTO Workshop_registration (reservation_id, Participant_id) VALUES (227,36)
INSERT INTO Workshop_registration (reservation_id, Participant_id) VALUES (227,18)
INSERT INTO Workshop_registration (reservation_id, Participant_id) VALUES (227,16)
INSERT INTO Workshop_registration (reservation_id, Participant_id) VALUES (227,2)
INSERT INTO Workshop_registration (reservation_id, Participant_id) VALUES (227,35)
INSERT INTO Workshop_registration (reservation_id, Participant_id) VALUES (227,29)
INSERT INTO Workshop_registration (reservation_id, Participant_id) VALUES (227,25)
INSERT INTO Workshop_registration (reservation_id, Participant_id) VALUES (227,9)
INSERT INTO Workshop_registration (reservation_id, Participant_id) VALUES (227,38)
INSERT INTO Workshop_registration (reservation_id, Participant_id) VALUES (227,15)
INSERT INTO Workshop_reservations (reservation_id, workshop_id, reservation_date, due_price, nr_of_seats) VALUES (228,48,2024-10-22,'2024-10-24',10)
INSERT INTO Workshop_registration (reservation_id, Participant_id) VALUES (228,4)
INSERT INTO Workshop_registration (reservation_id, Participant_id) VALUES (228,7)
INSERT INTO Workshop_registration (reservation_id, Participant_id) VALUES (228,16)
INSERT INTO Workshop_registration (reservation_id, Participant_id) VALUES (228,6)
INSERT INTO Workshop_registration (reservation_id, Participant_id) VALUES (228,8)
INSERT INTO Workshop_registration (reservation_id, Participant_id) VALUES (228,33)
INSERT INTO Workshop_registration (reservation_id, Participant_id) VALUES (228,2)
INSERT INTO Workshop_registration (reservation_id, Participant_id) VALUES (228,24)
INSERT INTO Workshop_registration (reservation_id, Participant_id) VALUES (228,10)
INSERT INTO Workshop_registration (reservation_id, Participant_id) VALUES (228,28)
INSERT INTO Workshop_reservations (reservation_id, workshop_id, reservation_date, due_price, nr_of_seats) VALUES (229,48,2024-10-31,'2024-11-03',31)
INSERT INTO Workshop_registration (reservation_id, Participant_id) VALUES (229,35)
INSERT INTO Workshop_registration (reservation_id, Participant_id) VALUES (229,1)
INSERT INTO Workshop_registration (reservation_id, Participant_id) VALUES (229,14)
INSERT INTO Workshop_registration (reservation_id, Participant_id) VALUES (229,26)
INSERT INTO Workshop_registration (reservation_id, Participant_id) VALUES (229,12)
INSERT INTO Workshop_registration (reservation_id, Participant_id) VALUES (229,6)
INSERT INTO Workshop_registration (reservation_id, Participant_id) VALUES (229,3)
INSERT INTO Workshop_registration (reservation_id, Participant_id) VALUES (229,28)
INSERT INTO Workshop_registration (reservation_id, Participant_id) VALUES (229,20)
INSERT INTO Workshop_registration (reservation_id, Participant_id) VALUES (229,27)
INSERT INTO Workshop_registration (reservation_id, Participant_id) VALUES (229,30)
INSERT INTO Workshop_registration (reservation_id, Participant_id) VALUES (229,24)
INSERT INTO Workshop_registration (reservation_id, Participant_id) VALUES (229,18)
INSERT INTO Workshop_registration (reservation_id, Participant_id) VALUES (229,19)
INSERT INTO Workshop_registration (reservation_id, Participant_id) VALUES (229,13)
INSERT INTO Workshop_registration (reservation_id, Participant_id) VALUES (229,7)
INSERT INTO Workshop_registration (reservation_id, Participant_id) VALUES (229,22)
INSERT INTO Workshop_registration (reservation_id, Participant_id) VALUES (229,4)
INSERT INTO Workshop_registration (reservation_id, Participant_id) VALUES (229,21)
INSERT INTO Workshop_registration (reservation_id, Participant_id) VALUES (229,8)
INSERT INTO Workshop_registration (reservation_id, Participant_id) VALUES (229,17)
INSERT INTO Workshop_registration (reservation_id, Participant_id) VALUES (229,36)
INSERT INTO Workshop_registration (reservation_id, Participant_id) VALUES (229,25)
INSERT INTO Workshop_registration (reservation_id, Participant_id) VALUES (229,34)
INSERT INTO Workshop_registration (reservation_id, Participant_id) VALUES (229,31)
INSERT INTO Workshop_registration (reservation_id, Participant_id) VALUES (229,29)
INSERT INTO Workshop_registration (reservation_id, Participant_id) VALUES (229,9)
INSERT INTO Workshop_registration (reservation_id, Participant_id) VALUES (229,32)
INSERT INTO Workshop_registration (reservation_id, Participant_id) VALUES (229,16)
INSERT INTO Workshop_registration (reservation_id, Participant_id) VALUES (229,11)
INSERT INTO Workshop_registration (reservation_id, Participant_id) VALUES (229,2)
INSERT INTO Workshop_reservations (reservation_id, workshop_id, reservation_date, due_price, nr_of_seats) VALUES (230,48,2021-06-12,'2023-04-09',5)
INSERT INTO Workshop_registration (reservation_id, Participant_id) VALUES (230,35)
INSERT INTO Workshop_registration (reservation_id, Participant_id) VALUES (230,15)
INSERT INTO Workshop_registration (reservation_id, Participant_id) VALUES (230,13)
INSERT INTO Workshop_registration (reservation_id, Participant_id) VALUES (230,22)
INSERT INTO Workshop_registration (reservation_id, Participant_id) VALUES (230,20)
SET IDENTITY_INSERT  Workshop_reservations OFF
SET IDENTITY_INSERT  Workshops ON
INSERT INTO Workshops (workshop_id, conference_day_id, start_time, end_time, topic, price, number_of_seats) VALUES (49,14,'2024-12-13 09:01:00','2024-12-13 18:19:00','brand viral supply-chains','452.58','26')
SET IDENTITY_INSERT  Workshops OFF
SET IDENTITY_INSERT  Workshop_reservations ON
INSERT INTO Workshop_reservations (reservation_id, workshop_id, reservation_date, due_price, nr_of_seats) VALUES (231,49,2022-11-06,'2023-08-15',2)
INSERT INTO Workshop_registration (reservation_id, Participant_id) VALUES (231,24)
INSERT INTO Workshop_registration (reservation_id, Participant_id) VALUES (231,28)
INSERT INTO Workshop_reservations (reservation_id, workshop_id, reservation_date, due_price, nr_of_seats) VALUES (232,49,2021-06-17,'2022-10-08',12)
INSERT INTO Workshop_registration (reservation_id, Participant_id) VALUES (232,6)
INSERT INTO Workshop_registration (reservation_id, Participant_id) VALUES (232,38)
INSERT INTO Workshop_registration (reservation_id, Participant_id) VALUES (232,16)
INSERT INTO Workshop_registration (reservation_id, Participant_id) VALUES (232,13)
INSERT INTO Workshop_registration (reservation_id, Participant_id) VALUES (232,8)
INSERT INTO Workshop_registration (reservation_id, Participant_id) VALUES (232,30)
INSERT INTO Workshop_registration (reservation_id, Participant_id) VALUES (232,17)
INSERT INTO Workshop_registration (reservation_id, Participant_id) VALUES (232,26)
INSERT INTO Workshop_registration (reservation_id, Participant_id) VALUES (232,1)
INSERT INTO Workshop_registration (reservation_id, Participant_id) VALUES (232,33)
INSERT INTO Workshop_registration (reservation_id, Participant_id) VALUES (232,27)
INSERT INTO Workshop_registration (reservation_id, Participant_id) VALUES (232,12)
SET IDENTITY_INSERT  Workshop_reservations OFF
SET IDENTITY_INSERT  Workshops ON
INSERT INTO Workshops (workshop_id, conference_day_id, start_time, end_time, topic, price, number_of_seats) VALUES (50,14,'2024-12-13 03:36:00','2024-12-13 05:53:00','leverage end-to-end synergies','49.17','79')
SET IDENTITY_INSERT  Workshops OFF
SET IDENTITY_INSERT  Workshop_reservations ON
INSERT INTO Workshop_reservations (reservation_id, workshop_id, reservation_date, due_price, nr_of_seats) VALUES (233,50,2022-10-17,'2023-08-13',38)
INSERT INTO Workshop_registration (reservation_id, Participant_id) VALUES (233,32)
INSERT INTO Workshop_registration (reservation_id, Participant_id) VALUES (233,10)
INSERT INTO Workshop_registration (reservation_id, Participant_id) VALUES (233,2)
INSERT INTO Workshop_registration (reservation_id, Participant_id) VALUES (233,19)
INSERT INTO Workshop_registration (reservation_id, Participant_id) VALUES (233,24)
INSERT INTO Workshop_registration (reservation_id, Participant_id) VALUES (233,31)
INSERT INTO Workshop_registration (reservation_id, Participant_id) VALUES (233,6)
INSERT INTO Workshop_registration (reservation_id, Participant_id) VALUES (233,21)
INSERT INTO Workshop_registration (reservation_id, Participant_id) VALUES (233,35)
INSERT INTO Workshop_registration (reservation_id, Participant_id) VALUES (233,33)
INSERT INTO Workshop_registration (reservation_id, Participant_id) VALUES (233,8)
INSERT INTO Workshop_registration (reservation_id, Participant_id) VALUES (233,17)
INSERT INTO Workshop_registration (reservation_id, Participant_id) VALUES (233,3)
INSERT INTO Workshop_registration (reservation_id, Participant_id) VALUES (233,30)
INSERT INTO Workshop_registration (reservation_id, Participant_id) VALUES (233,4)
INSERT INTO Workshop_registration (reservation_id, Participant_id) VALUES (233,36)
INSERT INTO Workshop_registration (reservation_id, Participant_id) VALUES (233,15)
INSERT INTO Workshop_registration (reservation_id, Participant_id) VALUES (233,25)
INSERT INTO Workshop_registration (reservation_id, Participant_id) VALUES (233,11)
INSERT INTO Workshop_registration (reservation_id, Participant_id) VALUES (233,7)
INSERT INTO Workshop_registration (reservation_id, Participant_id) VALUES (233,34)
INSERT INTO Workshop_registration (reservation_id, Participant_id) VALUES (233,37)
INSERT INTO Workshop_registration (reservation_id, Participant_id) VALUES (233,1)
INSERT INTO Workshop_registration (reservation_id, Participant_id) VALUES (233,26)
INSERT INTO Workshop_registration (reservation_id, Participant_id) VALUES (233,14)
INSERT INTO Workshop_registration (reservation_id, Participant_id) VALUES (233,22)
INSERT INTO Workshop_registration (reservation_id, Participant_id) VALUES (233,12)
INSERT INTO Workshop_registration (reservation_id, Participant_id) VALUES (233,23)
INSERT INTO Workshop_registration (reservation_id, Participant_id) VALUES (233,20)
INSERT INTO Workshop_registration (reservation_id, Participant_id) VALUES (233,28)
INSERT INTO Workshop_registration (reservation_id, Participant_id) VALUES (233,29)
INSERT INTO Workshop_registration (reservation_id, Participant_id) VALUES (233,27)
INSERT INTO Workshop_registration (reservation_id, Participant_id) VALUES (233,9)
INSERT INTO Workshop_registration (reservation_id, Participant_id) VALUES (233,38)
INSERT INTO Workshop_registration (reservation_id, Participant_id) VALUES (233,16)
INSERT INTO Workshop_registration (reservation_id, Participant_id) VALUES (233,18)
INSERT INTO Workshop_registration (reservation_id, Participant_id) VALUES (233,5)
INSERT INTO Workshop_registration (reservation_id, Participant_id) VALUES (233,13)
INSERT INTO Workshop_reservations (reservation_id, workshop_id, reservation_date, due_price, nr_of_seats) VALUES (234,50,2020-01-19,'2020-08-23',18)
INSERT INTO Workshop_registration (reservation_id, Participant_id) VALUES (234,18)
INSERT INTO Workshop_registration (reservation_id, Participant_id) VALUES (234,36)
INSERT INTO Workshop_registration (reservation_id, Participant_id) VALUES (234,3)
INSERT INTO Workshop_registration (reservation_id, Participant_id) VALUES (234,24)
INSERT INTO Workshop_registration (reservation_id, Participant_id) VALUES (234,28)
INSERT INTO Workshop_registration (reservation_id, Participant_id) VALUES (234,4)
INSERT INTO Workshop_registration (reservation_id, Participant_id) VALUES (234,37)
INSERT INTO Workshop_registration (reservation_id, Participant_id) VALUES (234,17)
INSERT INTO Workshop_registration (reservation_id, Participant_id) VALUES (234,14)
INSERT INTO Workshop_registration (reservation_id, Participant_id) VALUES (234,13)
INSERT INTO Workshop_registration (reservation_id, Participant_id) VALUES (234,8)
INSERT INTO Workshop_registration (reservation_id, Participant_id) VALUES (234,27)
INSERT INTO Workshop_registration (reservation_id, Participant_id) VALUES (234,1)
INSERT INTO Workshop_registration (reservation_id, Participant_id) VALUES (234,10)
INSERT INTO Workshop_registration (reservation_id, Participant_id) VALUES (234,29)
INSERT INTO Workshop_registration (reservation_id, Participant_id) VALUES (234,38)
INSERT INTO Workshop_registration (reservation_id, Participant_id) VALUES (234,7)
INSERT INTO Workshop_registration (reservation_id, Participant_id) VALUES (234,30)
SET IDENTITY_INSERT  Workshop_reservations OFF
SET IDENTITY_INSERT  Workshops ON
INSERT INTO Workshops (workshop_id, conference_day_id, start_time, end_time, topic, price, number_of_seats) VALUES (51,14,'2024-12-13 05:32:00','2024-12-13 23:39:00','facilitate compelling mindshare','677.27','70')
SET IDENTITY_INSERT  Workshops OFF
SET IDENTITY_INSERT  Workshop_reservations ON
INSERT INTO Workshop_reservations (reservation_id, workshop_id, reservation_date, due_price, nr_of_seats) VALUES (235,51,2020-04-13,'2023-01-27',9)
INSERT INTO Workshop_registration (reservation_id, Participant_id) VALUES (235,4)
INSERT INTO Workshop_registration (reservation_id, Participant_id) VALUES (235,12)
INSERT INTO Workshop_registration (reservation_id, Participant_id) VALUES (235,19)
INSERT INTO Workshop_registration (reservation_id, Participant_id) VALUES (235,33)
INSERT INTO Workshop_registration (reservation_id, Participant_id) VALUES (235,8)
INSERT INTO Workshop_registration (reservation_id, Participant_id) VALUES (235,27)
INSERT INTO Workshop_registration (reservation_id, Participant_id) VALUES (235,36)
INSERT INTO Workshop_registration (reservation_id, Participant_id) VALUES (235,11)
INSERT INTO Workshop_registration (reservation_id, Participant_id) VALUES (235,7)
INSERT INTO Workshop_reservations (reservation_id, workshop_id, reservation_date, due_price, nr_of_seats) VALUES (236,51,2021-02-16,'2022-12-03',17)
INSERT INTO Workshop_registration (reservation_id, Participant_id) VALUES (236,29)
INSERT INTO Workshop_registration (reservation_id, Participant_id) VALUES (236,18)
INSERT INTO Workshop_registration (reservation_id, Participant_id) VALUES (236,9)
INSERT INTO Workshop_registration (reservation_id, Participant_id) VALUES (236,25)
INSERT INTO Workshop_registration (reservation_id, Participant_id) VALUES (236,1)
INSERT INTO Workshop_registration (reservation_id, Participant_id) VALUES (236,14)
INSERT INTO Workshop_registration (reservation_id, Participant_id) VALUES (236,17)
INSERT INTO Workshop_registration (reservation_id, Participant_id) VALUES (236,23)
INSERT INTO Workshop_registration (reservation_id, Participant_id) VALUES (236,2)
INSERT INTO Workshop_registration (reservation_id, Participant_id) VALUES (236,36)
INSERT INTO Workshop_registration (reservation_id, Participant_id) VALUES (236,8)
INSERT INTO Workshop_registration (reservation_id, Participant_id) VALUES (236,38)
INSERT INTO Workshop_registration (reservation_id, Participant_id) VALUES (236,34)
INSERT INTO Workshop_registration (reservation_id, Participant_id) VALUES (236,3)
INSERT INTO Workshop_registration (reservation_id, Participant_id) VALUES (236,4)
INSERT INTO Workshop_registration (reservation_id, Participant_id) VALUES (236,5)
INSERT INTO Workshop_registration (reservation_id, Participant_id) VALUES (236,35)
INSERT INTO Workshop_reservations (reservation_id, workshop_id, reservation_date, due_price, nr_of_seats) VALUES (237,51,2023-09-16,'2024-11-26',2)
INSERT INTO Workshop_registration (reservation_id, Participant_id) VALUES (237,4)
INSERT INTO Workshop_registration (reservation_id, Participant_id) VALUES (237,36)
INSERT INTO Workshop_reservations (reservation_id, workshop_id, reservation_date, due_price, nr_of_seats) VALUES (238,51,2023-04-07,'2024-11-22',2)
INSERT INTO Workshop_registration (reservation_id, Participant_id) VALUES (238,1)
INSERT INTO Workshop_registration (reservation_id, Participant_id) VALUES (238,19)
INSERT INTO Workshop_reservations (reservation_id, workshop_id, reservation_date, due_price, nr_of_seats) VALUES (239,51,2020-08-22,'2024-02-26',6)
INSERT INTO Workshop_registration (reservation_id, Participant_id) VALUES (239,37)
INSERT INTO Workshop_registration (reservation_id, Participant_id) VALUES (239,10)
INSERT INTO Workshop_registration (reservation_id, Participant_id) VALUES (239,7)
INSERT INTO Workshop_registration (reservation_id, Participant_id) VALUES (239,24)
INSERT INTO Workshop_registration (reservation_id, Participant_id) VALUES (239,34)
INSERT INTO Workshop_registration (reservation_id, Participant_id) VALUES (239,6)
INSERT INTO Workshop_reservations (reservation_id, workshop_id, reservation_date, due_price, nr_of_seats) VALUES (240,51,2021-04-10,'2022-03-23',26)
INSERT INTO Workshop_registration (reservation_id, Participant_id) VALUES (240,21)
INSERT INTO Workshop_registration (reservation_id, Participant_id) VALUES (240,37)
INSERT INTO Workshop_registration (reservation_id, Participant_id) VALUES (240,31)
INSERT INTO Workshop_registration (reservation_id, Participant_id) VALUES (240,27)
INSERT INTO Workshop_registration (reservation_id, Participant_id) VALUES (240,14)
INSERT INTO Workshop_registration (reservation_id, Participant_id) VALUES (240,28)
INSERT INTO Workshop_registration (reservation_id, Participant_id) VALUES (240,25)
INSERT INTO Workshop_registration (reservation_id, Participant_id) VALUES (240,12)
INSERT INTO Workshop_registration (reservation_id, Participant_id) VALUES (240,17)
INSERT INTO Workshop_registration (reservation_id, Participant_id) VALUES (240,24)
INSERT INTO Workshop_registration (reservation_id, Participant_id) VALUES (240,18)
INSERT INTO Workshop_registration (reservation_id, Participant_id) VALUES (240,22)
INSERT INTO Workshop_registration (reservation_id, Participant_id) VALUES (240,34)
INSERT INTO Workshop_registration (reservation_id, Participant_id) VALUES (240,8)
INSERT INTO Workshop_registration (reservation_id, Participant_id) VALUES (240,23)
INSERT INTO Workshop_registration (reservation_id, Participant_id) VALUES (240,5)
INSERT INTO Workshop_registration (reservation_id, Participant_id) VALUES (240,32)
INSERT INTO Workshop_registration (reservation_id, Participant_id) VALUES (240,11)
INSERT INTO Workshop_registration (reservation_id, Participant_id) VALUES (240,1)
INSERT INTO Workshop_registration (reservation_id, Participant_id) VALUES (240,4)
INSERT INTO Workshop_registration (reservation_id, Participant_id) VALUES (240,26)
INSERT INTO Workshop_registration (reservation_id, Participant_id) VALUES (240,16)
INSERT INTO Workshop_registration (reservation_id, Participant_id) VALUES (240,20)
INSERT INTO Workshop_registration (reservation_id, Participant_id) VALUES (240,3)
INSERT INTO Workshop_registration (reservation_id, Participant_id) VALUES (240,29)
INSERT INTO Workshop_registration (reservation_id, Participant_id) VALUES (240,38)
INSERT INTO Workshop_reservations (reservation_id, workshop_id, reservation_date, due_price, nr_of_seats) VALUES (241,51,2020-03-16,'2024-03-27',21)
INSERT INTO Workshop_registration (reservation_id, Participant_id) VALUES (241,34)
INSERT INTO Workshop_registration (reservation_id, Participant_id) VALUES (241,28)
INSERT INTO Workshop_registration (reservation_id, Participant_id) VALUES (241,30)
INSERT INTO Workshop_registration (reservation_id, Participant_id) VALUES (241,4)
INSERT INTO Workshop_registration (reservation_id, Participant_id) VALUES (241,21)
INSERT INTO Workshop_registration (reservation_id, Participant_id) VALUES (241,37)
INSERT INTO Workshop_registration (reservation_id, Participant_id) VALUES (241,22)
INSERT INTO Workshop_registration (reservation_id, Participant_id) VALUES (241,15)
INSERT INTO Workshop_registration (reservation_id, Participant_id) VALUES (241,1)
INSERT INTO Workshop_registration (reservation_id, Participant_id) VALUES (241,10)
INSERT INTO Workshop_registration (reservation_id, Participant_id) VALUES (241,27)
INSERT INTO Workshop_registration (reservation_id, Participant_id) VALUES (241,9)
INSERT INTO Workshop_registration (reservation_id, Participant_id) VALUES (241,5)
INSERT INTO Workshop_registration (reservation_id, Participant_id) VALUES (241,24)
INSERT INTO Workshop_registration (reservation_id, Participant_id) VALUES (241,33)
INSERT INTO Workshop_registration (reservation_id, Participant_id) VALUES (241,8)
INSERT INTO Workshop_registration (reservation_id, Participant_id) VALUES (241,26)
INSERT INTO Workshop_registration (reservation_id, Participant_id) VALUES (241,38)
INSERT INTO Workshop_registration (reservation_id, Participant_id) VALUES (241,25)
INSERT INTO Workshop_registration (reservation_id, Participant_id) VALUES (241,35)
INSERT INTO Workshop_registration (reservation_id, Participant_id) VALUES (241,2)
SET IDENTITY_INSERT  Workshop_reservations OFF
SET IDENTITY_INSERT  Conference_day_reservations ON
INSERT INTO Conference_day_reservations (reservation_id, conference_day_id, clients_id, reservation_date, active, due_price, adult_seats, student_seats) VALUES (75,14,5,'2021-08-19','0','2024-06-22','37','0')
INSERT INTO Payments (reservation_id, in_date, value) VALUES (75,'2022-03-31',55.22)
INSERT INTO Payments (reservation_id, in_date, value) VALUES (75,'2022-05-09',62.0)
INSERT INTO Payments (reservation_id, in_date, value) VALUES (75,'2024-05-14',51.0)
INSERT INTO Payments (reservation_id, in_date, value) VALUES (75,'2022-01-07',60.0)
INSERT INTO Payments (reservation_id, in_date, value) VALUES (75,'2022-01-07',67.0)
INSERT INTO Conference_day_registration (reservation_id, Participant_id, is_student) VALUES (75,19,0)
INSERT INTO Conference_day_registration (reservation_id, Participant_id, is_student) VALUES (75,20,0)
INSERT INTO Conference_day_registration (reservation_id, Participant_id, is_student) VALUES (75,28,0)
INSERT INTO Conference_day_registration (reservation_id, Participant_id, is_student) VALUES (75,32,0)
INSERT INTO Conference_day_registration (reservation_id, Participant_id, is_student) VALUES (75,31,0)
INSERT INTO Conference_day_registration (reservation_id, Participant_id, is_student) VALUES (75,3,0)
INSERT INTO Conference_day_registration (reservation_id, Participant_id, is_student) VALUES (75,13,0)
INSERT INTO Conference_day_registration (reservation_id, Participant_id, is_student) VALUES (75,26,0)
INSERT INTO Conference_day_registration (reservation_id, Participant_id, is_student) VALUES (75,22,0)
INSERT INTO Conference_day_registration (reservation_id, Participant_id, is_student) VALUES (75,38,0)
INSERT INTO Conference_day_registration (reservation_id, Participant_id, is_student) VALUES (75,4,0)
INSERT INTO Conference_day_registration (reservation_id, Participant_id, is_student) VALUES (75,24,0)
INSERT INTO Conference_day_registration (reservation_id, Participant_id, is_student) VALUES (75,23,0)
INSERT INTO Conference_day_registration (reservation_id, Participant_id, is_student) VALUES (75,1,0)
INSERT INTO Conference_day_registration (reservation_id, Participant_id, is_student) VALUES (75,21,0)
INSERT INTO Conference_day_registration (reservation_id, Participant_id, is_student) VALUES (75,37,0)
INSERT INTO Conference_day_registration (reservation_id, Participant_id, is_student) VALUES (75,5,0)
INSERT INTO Conference_day_registration (reservation_id, Participant_id, is_student) VALUES (75,36,0)
INSERT INTO Conference_day_registration (reservation_id, Participant_id, is_student) VALUES (75,17,0)
INSERT INTO Conference_day_registration (reservation_id, Participant_id, is_student) VALUES (75,29,0)
INSERT INTO Conference_day_registration (reservation_id, Participant_id, is_student) VALUES (75,18,0)
INSERT INTO Conference_day_registration (reservation_id, Participant_id, is_student) VALUES (75,16,0)
INSERT INTO Conference_day_registration (reservation_id, Participant_id, is_student) VALUES (75,33,0)
INSERT INTO Conference_day_registration (reservation_id, Participant_id, is_student) VALUES (75,6,0)
INSERT INTO Conference_day_registration (reservation_id, Participant_id, is_student) VALUES (75,15,0)
INSERT INTO Conference_day_registration (reservation_id, Participant_id, is_student) VALUES (75,2,0)
INSERT INTO Conference_day_registration (reservation_id, Participant_id, is_student) VALUES (75,7,0)
INSERT INTO Conference_day_registration (reservation_id, Participant_id, is_student) VALUES (75,8,0)
INSERT INTO Conference_day_registration (reservation_id, Participant_id, is_student) VALUES (75,10,0)
INSERT INTO Conference_day_registration (reservation_id, Participant_id, is_student) VALUES (75,12,0)
INSERT INTO Conference_day_registration (reservation_id, Participant_id, is_student) VALUES (75,30,0)
INSERT INTO Conference_day_registration (reservation_id, Participant_id, is_student) VALUES (75,9,0)
INSERT INTO Conference_day_registration (reservation_id, Participant_id, is_student) VALUES (75,25,0)
INSERT INTO Conference_day_registration (reservation_id, Participant_id, is_student) VALUES (75,14,0)
INSERT INTO Conference_day_registration (reservation_id, Participant_id, is_student) VALUES (75,11,0)
INSERT INTO Conference_day_registration (reservation_id, Participant_id, is_student) VALUES (75,27,0)
INSERT INTO Conference_day_registration (reservation_id, Participant_id, is_student) VALUES (75,35,0)
INSERT INTO Conference_day_reservations (reservation_id, conference_day_id, clients_id, reservation_date, active, due_price, adult_seats, student_seats) VALUES (76,14,2,'2020-02-08','1','2023-10-22','30','8')
INSERT INTO Payments (reservation_id, in_date, value) VALUES (76,'2020-02-26',306.5868)
INSERT INTO Conference_day_registration (reservation_id, Participant_id, is_student) VALUES (76,13,0)
INSERT INTO Conference_day_registration (reservation_id, Participant_id, is_student) VALUES (76,18,0)
INSERT INTO Conference_day_registration (reservation_id, Participant_id, is_student) VALUES (76,7,0)
INSERT INTO Conference_day_registration (reservation_id, Participant_id, is_student) VALUES (76,27,0)
INSERT INTO Conference_day_registration (reservation_id, Participant_id, is_student) VALUES (76,16,0)
INSERT INTO Conference_day_registration (reservation_id, Participant_id, is_student) VALUES (76,28,0)
INSERT INTO Conference_day_registration (reservation_id, Participant_id, is_student) VALUES (76,4,0)
INSERT INTO Conference_day_registration (reservation_id, Participant_id, is_student) VALUES (76,5,0)
INSERT INTO Conference_day_registration (reservation_id, Participant_id, is_student) VALUES (76,37,0)
INSERT INTO Conference_day_registration (reservation_id, Participant_id, is_student) VALUES (76,22,0)
INSERT INTO Conference_day_registration (reservation_id, Participant_id, is_student) VALUES (76,20,0)
INSERT INTO Conference_day_registration (reservation_id, Participant_id, is_student) VALUES (76,38,0)
INSERT INTO Conference_day_registration (reservation_id, Participant_id, is_student) VALUES (76,17,0)
INSERT INTO Conference_day_registration (reservation_id, Participant_id, is_student) VALUES (76,26,0)
INSERT INTO Conference_day_registration (reservation_id, Participant_id, is_student) VALUES (76,8,0)
INSERT INTO Conference_day_registration (reservation_id, Participant_id, is_student) VALUES (76,36,0)
INSERT INTO Conference_day_registration (reservation_id, Participant_id, is_student) VALUES (76,2,0)
INSERT INTO Conference_day_registration (reservation_id, Participant_id, is_student) VALUES (76,21,0)
INSERT INTO Conference_day_registration (reservation_id, Participant_id, is_student) VALUES (76,15,0)
INSERT INTO Conference_day_registration (reservation_id, Participant_id, is_student) VALUES (76,1,0)
INSERT INTO Conference_day_registration (reservation_id, Participant_id, is_student) VALUES (76,32,0)
INSERT INTO Conference_day_registration (reservation_id, Participant_id, is_student) VALUES (76,25,0)
INSERT INTO Conference_day_registration (reservation_id, Participant_id, is_student) VALUES (76,19,0)
INSERT INTO Conference_day_registration (reservation_id, Participant_id, is_student) VALUES (76,35,0)
INSERT INTO Conference_day_registration (reservation_id, Participant_id, is_student) VALUES (76,9,0)
INSERT INTO Conference_day_registration (reservation_id, Participant_id, is_student) VALUES (76,6,0)
INSERT INTO Conference_day_registration (reservation_id, Participant_id, is_student) VALUES (76,30,0)
INSERT INTO Conference_day_registration (reservation_id, Participant_id, is_student) VALUES (76,14,0)
INSERT INTO Conference_day_registration (reservation_id, Participant_id, is_student) VALUES (76,34,0)
INSERT INTO Conference_day_registration (reservation_id, Participant_id, is_student) VALUES (76,23,0)
INSERT INTO Conference_day_registration (reservation_id, Participant_id, is_student) VALUES (76,33,1)
INSERT INTO Conference_day_registration (reservation_id, Participant_id, is_student) VALUES (76,31,1)
INSERT INTO Conference_day_registration (reservation_id, Participant_id, is_student) VALUES (76,12,1)
INSERT INTO Conference_day_registration (reservation_id, Participant_id, is_student) VALUES (76,24,1)
INSERT INTO Conference_day_registration (reservation_id, Participant_id, is_student) VALUES (76,29,1)
INSERT INTO Conference_day_registration (reservation_id, Participant_id, is_student) VALUES (76,11,1)
INSERT INTO Conference_day_registration (reservation_id, Participant_id, is_student) VALUES (76,10,1)
INSERT INTO Conference_day_registration (reservation_id, Participant_id, is_student) VALUES (76,3,1)
INSERT INTO Conference_day_reservations (reservation_id, conference_day_id, clients_id, reservation_date, active, due_price, adult_seats, student_seats) VALUES (77,14,8,'2021-10-02','1','2024-05-18','8','20')
INSERT INTO Payments (reservation_id, in_date, value) VALUES (77,'2023-10-11',139.57)
INSERT INTO Payments (reservation_id, in_date, value) VALUES (77,'2024-03-30',151.0)
INSERT INTO Conference_day_registration (reservation_id, Participant_id, is_student) VALUES (77,9,0)
INSERT INTO Conference_day_registration (reservation_id, Participant_id, is_student) VALUES (77,7,0)
INSERT INTO Conference_day_registration (reservation_id, Participant_id, is_student) VALUES (77,16,0)
INSERT INTO Conference_day_registration (reservation_id, Participant_id, is_student) VALUES (77,15,0)
INSERT INTO Conference_day_registration (reservation_id, Participant_id, is_student) VALUES (77,3,0)
INSERT INTO Conference_day_registration (reservation_id, Participant_id, is_student) VALUES (77,10,0)
INSERT INTO Conference_day_registration (reservation_id, Participant_id, is_student) VALUES (77,33,0)
INSERT INTO Conference_day_registration (reservation_id, Participant_id, is_student) VALUES (77,14,0)
INSERT INTO Conference_day_registration (reservation_id, Participant_id, is_student) VALUES (77,35,1)
INSERT INTO Conference_day_registration (reservation_id, Participant_id, is_student) VALUES (77,23,1)
INSERT INTO Conference_day_registration (reservation_id, Participant_id, is_student) VALUES (77,22,1)
INSERT INTO Conference_day_registration (reservation_id, Participant_id, is_student) VALUES (77,36,1)
INSERT INTO Conference_day_registration (reservation_id, Participant_id, is_student) VALUES (77,31,1)
INSERT INTO Conference_day_registration (reservation_id, Participant_id, is_student) VALUES (77,27,1)
INSERT INTO Conference_day_registration (reservation_id, Participant_id, is_student) VALUES (77,37,1)
INSERT INTO Conference_day_registration (reservation_id, Participant_id, is_student) VALUES (77,6,1)
INSERT INTO Conference_day_registration (reservation_id, Participant_id, is_student) VALUES (77,28,1)
INSERT INTO Conference_day_registration (reservation_id, Participant_id, is_student) VALUES (77,32,1)
INSERT INTO Conference_day_registration (reservation_id, Participant_id, is_student) VALUES (77,21,1)
INSERT INTO Conference_day_registration (reservation_id, Participant_id, is_student) VALUES (77,26,1)
INSERT INTO Conference_day_registration (reservation_id, Participant_id, is_student) VALUES (77,38,1)
INSERT INTO Conference_day_registration (reservation_id, Participant_id, is_student) VALUES (77,29,1)
INSERT INTO Conference_day_registration (reservation_id, Participant_id, is_student) VALUES (77,25,1)
INSERT INTO Conference_day_registration (reservation_id, Participant_id, is_student) VALUES (77,2,1)
INSERT INTO Conference_day_registration (reservation_id, Participant_id, is_student) VALUES (77,17,1)
INSERT INTO Conference_day_registration (reservation_id, Participant_id, is_student) VALUES (77,24,1)
INSERT INTO Conference_day_registration (reservation_id, Participant_id, is_student) VALUES (77,19,1)
INSERT INTO Conference_day_registration (reservation_id, Participant_id, is_student) VALUES (77,34,1)
INSERT INTO Conference_day_reservations (reservation_id, conference_day_id, clients_id, reservation_date, active, due_price, adult_seats, student_seats) VALUES (78,14,1,'2021-05-01','1','2024-09-25','19','14')
INSERT INTO Payments (reservation_id, in_date, value) VALUES (78,'2023-12-06',102.29)
INSERT INTO Payments (reservation_id, in_date, value) VALUES (78,'2021-06-09',189.0)
INSERT INTO Conference_day_registration (reservation_id, Participant_id, is_student) VALUES (78,25,0)
INSERT INTO Conference_day_registration (reservation_id, Participant_id, is_student) VALUES (78,23,0)
INSERT INTO Conference_day_registration (reservation_id, Participant_id, is_student) VALUES (78,22,0)
INSERT INTO Conference_day_registration (reservation_id, Participant_id, is_student) VALUES (78,15,0)
INSERT INTO Conference_day_registration (reservation_id, Participant_id, is_student) VALUES (78,33,0)
INSERT INTO Conference_day_registration (reservation_id, Participant_id, is_student) VALUES (78,31,0)
INSERT INTO Conference_day_registration (reservation_id, Participant_id, is_student) VALUES (78,9,0)
INSERT INTO Conference_day_registration (reservation_id, Participant_id, is_student) VALUES (78,3,0)
INSERT INTO Conference_day_registration (reservation_id, Participant_id, is_student) VALUES (78,16,0)
INSERT INTO Conference_day_registration (reservation_id, Participant_id, is_student) VALUES (78,1,0)
INSERT INTO Conference_day_registration (reservation_id, Participant_id, is_student) VALUES (78,30,0)
INSERT INTO Conference_day_registration (reservation_id, Participant_id, is_student) VALUES (78,7,0)
INSERT INTO Conference_day_registration (reservation_id, Participant_id, is_student) VALUES (78,18,0)
INSERT INTO Conference_day_registration (reservation_id, Participant_id, is_student) VALUES (78,21,0)
INSERT INTO Conference_day_registration (reservation_id, Participant_id, is_student) VALUES (78,36,0)
INSERT INTO Conference_day_registration (reservation_id, Participant_id, is_student) VALUES (78,17,0)
INSERT INTO Conference_day_registration (reservation_id, Participant_id, is_student) VALUES (78,28,0)
INSERT INTO Conference_day_registration (reservation_id, Participant_id, is_student) VALUES (78,35,0)
INSERT INTO Conference_day_registration (reservation_id, Participant_id, is_student) VALUES (78,27,0)
INSERT INTO Conference_day_registration (reservation_id, Participant_id, is_student) VALUES (78,13,1)
INSERT INTO Conference_day_registration (reservation_id, Participant_id, is_student) VALUES (78,5,1)
INSERT INTO Conference_day_registration (reservation_id, Participant_id, is_student) VALUES (78,34,1)
INSERT INTO Conference_day_registration (reservation_id, Participant_id, is_student) VALUES (78,11,1)
INSERT INTO Conference_day_registration (reservation_id, Participant_id, is_student) VALUES (78,37,1)
INSERT INTO Conference_day_registration (reservation_id, Participant_id, is_student) VALUES (78,8,1)
INSERT INTO Conference_day_registration (reservation_id, Participant_id, is_student) VALUES (78,26,1)
INSERT INTO Conference_day_registration (reservation_id, Participant_id, is_student) VALUES (78,24,1)
INSERT INTO Conference_day_registration (reservation_id, Participant_id, is_student) VALUES (78,14,1)
INSERT INTO Conference_day_registration (reservation_id, Participant_id, is_student) VALUES (78,2,1)
INSERT INTO Conference_day_registration (reservation_id, Participant_id, is_student) VALUES (78,10,1)
INSERT INTO Conference_day_registration (reservation_id, Participant_id, is_student) VALUES (78,29,1)
INSERT INTO Conference_day_registration (reservation_id, Participant_id, is_student) VALUES (78,32,1)
INSERT INTO Conference_day_registration (reservation_id, Participant_id, is_student) VALUES (78,4,1)
SET IDENTITY_INSERT  Conference_day_reservations OFF
SET IDENTITY_INSERT Conference_days ON
INSERT INTO Conference_days (conference_day_id, conference_id, date, standard_price, student_discount) VALUES (15,5,'2024-12-14',866.54,0.0)
INSERT INTO Early_signup_discounts (conference_day_id, end_date, discount) VALUES (15,'2018-12-27','0.41')
INSERT INTO Early_signup_discounts (conference_day_id, end_date, discount) VALUES (15,'2023-07-10','0.27')
INSERT INTO Early_signup_discounts (conference_day_id, end_date, discount) VALUES (15,'2022-11-11','0.43')
INSERT INTO Early_signup_discounts (conference_day_id, end_date, discount) VALUES (15,'2018-10-04','0.25')
INSERT INTO Early_signup_discounts (conference_day_id, end_date, discount) VALUES (15,'2018-06-07','0.17')
INSERT INTO Early_signup_discounts (conference_day_id, end_date, discount) VALUES (15,'2018-05-22','0.22')
SET IDENTITY_INSERT Conference_days OFF
SET IDENTITY_INSERT  Workshops ON
INSERT INTO Workshops (workshop_id, conference_day_id, start_time, end_time, topic, price, number_of_seats) VALUES (52,15,'2024-12-14 20:03:00','2024-12-14 21:11:00','visualize revolutionary bandwidth','330.37','29')
SET IDENTITY_INSERT  Workshops OFF
SET IDENTITY_INSERT  Workshop_reservations ON
INSERT INTO Workshop_reservations (reservation_id, workshop_id, reservation_date, due_price, nr_of_seats) VALUES (242,52,2021-11-02,'2023-04-08',34)
INSERT INTO Workshop_registration (reservation_id, Participant_id) VALUES (242,38)
INSERT INTO Workshop_registration (reservation_id, Participant_id) VALUES (242,33)
INSERT INTO Workshop_registration (reservation_id, Participant_id) VALUES (242,3)
INSERT INTO Workshop_registration (reservation_id, Participant_id) VALUES (242,37)
INSERT INTO Workshop_registration (reservation_id, Participant_id) VALUES (242,2)
INSERT INTO Workshop_registration (reservation_id, Participant_id) VALUES (242,34)
INSERT INTO Workshop_registration (reservation_id, Participant_id) VALUES (242,22)
INSERT INTO Workshop_registration (reservation_id, Participant_id) VALUES (242,9)
INSERT INTO Workshop_registration (reservation_id, Participant_id) VALUES (242,4)
INSERT INTO Workshop_registration (reservation_id, Participant_id) VALUES (242,11)
INSERT INTO Workshop_registration (reservation_id, Participant_id) VALUES (242,19)
INSERT INTO Workshop_registration (reservation_id, Participant_id) VALUES (242,32)
INSERT INTO Workshop_registration (reservation_id, Participant_id) VALUES (242,6)
INSERT INTO Workshop_registration (reservation_id, Participant_id) VALUES (242,36)
INSERT INTO Workshop_registration (reservation_id, Participant_id) VALUES (242,12)
INSERT INTO Workshop_registration (reservation_id, Participant_id) VALUES (242,24)
INSERT INTO Workshop_registration (reservation_id, Participant_id) VALUES (242,17)
INSERT INTO Workshop_registration (reservation_id, Participant_id) VALUES (242,30)
INSERT INTO Workshop_registration (reservation_id, Participant_id) VALUES (242,18)
INSERT INTO Workshop_registration (reservation_id, Participant_id) VALUES (242,26)
INSERT INTO Workshop_registration (reservation_id, Participant_id) VALUES (242,31)
INSERT INTO Workshop_registration (reservation_id, Participant_id) VALUES (242,21)
INSERT INTO Workshop_registration (reservation_id, Participant_id) VALUES (242,15)
INSERT INTO Workshop_registration (reservation_id, Participant_id) VALUES (242,7)
INSERT INTO Workshop_registration (reservation_id, Participant_id) VALUES (242,10)
INSERT INTO Workshop_registration (reservation_id, Participant_id) VALUES (242,1)
INSERT INTO Workshop_registration (reservation_id, Participant_id) VALUES (242,14)
INSERT INTO Workshop_registration (reservation_id, Participant_id) VALUES (242,16)
INSERT INTO Workshop_registration (reservation_id, Participant_id) VALUES (242,28)
INSERT INTO Workshop_registration (reservation_id, Participant_id) VALUES (242,8)
INSERT INTO Workshop_registration (reservation_id, Participant_id) VALUES (242,13)
INSERT INTO Workshop_registration (reservation_id, Participant_id) VALUES (242,23)
INSERT INTO Workshop_registration (reservation_id, Participant_id) VALUES (242,29)
INSERT INTO Workshop_registration (reservation_id, Participant_id) VALUES (242,20)
SET IDENTITY_INSERT  Workshop_reservations OFF
SET IDENTITY_INSERT  Workshops ON
INSERT INTO Workshops (workshop_id, conference_day_id, start_time, end_time, topic, price, number_of_seats) VALUES (53,15,'2024-12-14 05:02:00','2024-12-14 16:47:00','iterate dynamic solutions','919.01','78')
SET IDENTITY_INSERT  Workshops OFF
SET IDENTITY_INSERT  Workshop_reservations ON
INSERT INTO Workshop_reservations (reservation_id, workshop_id, reservation_date, due_price, nr_of_seats) VALUES (243,53,2020-03-29,'2021-04-25',28)
INSERT INTO Workshop_registration (reservation_id, Participant_id) VALUES (243,22)
INSERT INTO Workshop_registration (reservation_id, Participant_id) VALUES (243,10)
INSERT INTO Workshop_registration (reservation_id, Participant_id) VALUES (243,6)
INSERT INTO Workshop_registration (reservation_id, Participant_id) VALUES (243,26)
INSERT INTO Workshop_registration (reservation_id, Participant_id) VALUES (243,25)
INSERT INTO Workshop_registration (reservation_id, Participant_id) VALUES (243,33)
INSERT INTO Workshop_registration (reservation_id, Participant_id) VALUES (243,29)
INSERT INTO Workshop_registration (reservation_id, Participant_id) VALUES (243,30)
INSERT INTO Workshop_registration (reservation_id, Participant_id) VALUES (243,16)
INSERT INTO Workshop_registration (reservation_id, Participant_id) VALUES (243,13)
INSERT INTO Workshop_registration (reservation_id, Participant_id) VALUES (243,24)
INSERT INTO Workshop_registration (reservation_id, Participant_id) VALUES (243,12)
INSERT INTO Workshop_registration (reservation_id, Participant_id) VALUES (243,19)
INSERT INTO Workshop_registration (reservation_id, Participant_id) VALUES (243,31)
INSERT INTO Workshop_registration (reservation_id, Participant_id) VALUES (243,21)
INSERT INTO Workshop_registration (reservation_id, Participant_id) VALUES (243,17)
INSERT INTO Workshop_registration (reservation_id, Participant_id) VALUES (243,35)
INSERT INTO Workshop_registration (reservation_id, Participant_id) VALUES (243,37)
INSERT INTO Workshop_registration (reservation_id, Participant_id) VALUES (243,4)
INSERT INTO Workshop_registration (reservation_id, Participant_id) VALUES (243,18)
INSERT INTO Workshop_registration (reservation_id, Participant_id) VALUES (243,14)
INSERT INTO Workshop_registration (reservation_id, Participant_id) VALUES (243,3)
INSERT INTO Workshop_registration (reservation_id, Participant_id) VALUES (243,2)
INSERT INTO Workshop_registration (reservation_id, Participant_id) VALUES (243,36)
INSERT INTO Workshop_registration (reservation_id, Participant_id) VALUES (243,28)
INSERT INTO Workshop_registration (reservation_id, Participant_id) VALUES (243,27)
INSERT INTO Workshop_registration (reservation_id, Participant_id) VALUES (243,32)
INSERT INTO Workshop_registration (reservation_id, Participant_id) VALUES (243,23)
INSERT INTO Workshop_reservations (reservation_id, workshop_id, reservation_date, due_price, nr_of_seats) VALUES (244,53,2020-09-12,'2022-03-26',7)
INSERT INTO Workshop_registration (reservation_id, Participant_id) VALUES (244,21)
INSERT INTO Workshop_registration (reservation_id, Participant_id) VALUES (244,2)
INSERT INTO Workshop_registration (reservation_id, Participant_id) VALUES (244,33)
INSERT INTO Workshop_registration (reservation_id, Participant_id) VALUES (244,36)
INSERT INTO Workshop_registration (reservation_id, Participant_id) VALUES (244,18)
INSERT INTO Workshop_registration (reservation_id, Participant_id) VALUES (244,8)
INSERT INTO Workshop_registration (reservation_id, Participant_id) VALUES (244,23)
INSERT INTO Workshop_reservations (reservation_id, workshop_id, reservation_date, due_price, nr_of_seats) VALUES (245,53,2024-02-18,'2024-11-02',28)
INSERT INTO Workshop_registration (reservation_id, Participant_id) VALUES (245,6)
INSERT INTO Workshop_registration (reservation_id, Participant_id) VALUES (245,8)
INSERT INTO Workshop_registration (reservation_id, Participant_id) VALUES (245,4)
INSERT INTO Workshop_registration (reservation_id, Participant_id) VALUES (245,30)
INSERT INTO Workshop_registration (reservation_id, Participant_id) VALUES (245,13)
INSERT INTO Workshop_registration (reservation_id, Participant_id) VALUES (245,23)
INSERT INTO Workshop_registration (reservation_id, Participant_id) VALUES (245,25)
INSERT INTO Workshop_registration (reservation_id, Participant_id) VALUES (245,11)
INSERT INTO Workshop_registration (reservation_id, Participant_id) VALUES (245,15)
INSERT INTO Workshop_registration (reservation_id, Participant_id) VALUES (245,7)
INSERT INTO Workshop_registration (reservation_id, Participant_id) VALUES (245,35)
INSERT INTO Workshop_registration (reservation_id, Participant_id) VALUES (245,38)
INSERT INTO Workshop_registration (reservation_id, Participant_id) VALUES (245,12)
INSERT INTO Workshop_registration (reservation_id, Participant_id) VALUES (245,27)
INSERT INTO Workshop_registration (reservation_id, Participant_id) VALUES (245,18)
INSERT INTO Workshop_registration (reservation_id, Participant_id) VALUES (245,29)
INSERT INTO Workshop_registration (reservation_id, Participant_id) VALUES (245,17)
INSERT INTO Workshop_registration (reservation_id, Participant_id) VALUES (245,32)
INSERT INTO Workshop_registration (reservation_id, Participant_id) VALUES (245,5)
INSERT INTO Workshop_registration (reservation_id, Participant_id) VALUES (245,19)
INSERT INTO Workshop_registration (reservation_id, Participant_id) VALUES (245,10)
INSERT INTO Workshop_registration (reservation_id, Participant_id) VALUES (245,26)
INSERT INTO Workshop_registration (reservation_id, Participant_id) VALUES (245,14)
INSERT INTO Workshop_registration (reservation_id, Participant_id) VALUES (245,3)
INSERT INTO Workshop_registration (reservation_id, Participant_id) VALUES (245,1)
INSERT INTO Workshop_registration (reservation_id, Participant_id) VALUES (245,31)
INSERT INTO Workshop_registration (reservation_id, Participant_id) VALUES (245,22)
INSERT INTO Workshop_registration (reservation_id, Participant_id) VALUES (245,36)
INSERT INTO Workshop_reservations (reservation_id, workshop_id, reservation_date, due_price, nr_of_seats) VALUES (246,53,2022-06-23,'2023-09-22',17)
INSERT INTO Workshop_registration (reservation_id, Participant_id) VALUES (246,21)
INSERT INTO Workshop_registration (reservation_id, Participant_id) VALUES (246,6)
INSERT INTO Workshop_registration (reservation_id, Participant_id) VALUES (246,25)
INSERT INTO Workshop_registration (reservation_id, Participant_id) VALUES (246,13)
INSERT INTO Workshop_registration (reservation_id, Participant_id) VALUES (246,10)
INSERT INTO Workshop_registration (reservation_id, Participant_id) VALUES (246,22)
INSERT INTO Workshop_registration (reservation_id, Participant_id) VALUES (246,35)
INSERT INTO Workshop_registration (reservation_id, Participant_id) VALUES (246,12)
INSERT INTO Workshop_registration (reservation_id, Participant_id) VALUES (246,16)
INSERT INTO Workshop_registration (reservation_id, Participant_id) VALUES (246,18)
INSERT INTO Workshop_registration (reservation_id, Participant_id) VALUES (246,34)
INSERT INTO Workshop_registration (reservation_id, Participant_id) VALUES (246,20)
INSERT INTO Workshop_registration (reservation_id, Participant_id) VALUES (246,7)
INSERT INTO Workshop_registration (reservation_id, Participant_id) VALUES (246,33)
INSERT INTO Workshop_registration (reservation_id, Participant_id) VALUES (246,26)
INSERT INTO Workshop_registration (reservation_id, Participant_id) VALUES (246,19)
INSERT INTO Workshop_registration (reservation_id, Participant_id) VALUES (246,8)
SET IDENTITY_INSERT  Workshop_reservations OFF
SET IDENTITY_INSERT  Workshops ON
INSERT INTO Workshops (workshop_id, conference_day_id, start_time, end_time, topic, price, number_of_seats) VALUES (54,15,'2024-12-14 04:03:00','2024-12-14 19:23:00','e-enable real-time interfaces','253.25','71')
SET IDENTITY_INSERT  Workshops OFF
SET IDENTITY_INSERT  Workshop_reservations ON
INSERT INTO Workshop_reservations (reservation_id, workshop_id, reservation_date, due_price, nr_of_seats) VALUES (247,54,2023-04-10,'2024-10-25',32)
INSERT INTO Workshop_registration (reservation_id, Participant_id) VALUES (247,23)
INSERT INTO Workshop_registration (reservation_id, Participant_id) VALUES (247,32)
INSERT INTO Workshop_registration (reservation_id, Participant_id) VALUES (247,5)
INSERT INTO Workshop_registration (reservation_id, Participant_id) VALUES (247,35)
INSERT INTO Workshop_registration (reservation_id, Participant_id) VALUES (247,25)
INSERT INTO Workshop_registration (reservation_id, Participant_id) VALUES (247,33)
INSERT INTO Workshop_registration (reservation_id, Participant_id) VALUES (247,36)
INSERT INTO Workshop_registration (reservation_id, Participant_id) VALUES (247,37)
INSERT INTO Workshop_registration (reservation_id, Participant_id) VALUES (247,9)
INSERT INTO Workshop_registration (reservation_id, Participant_id) VALUES (247,4)
INSERT INTO Workshop_registration (reservation_id, Participant_id) VALUES (247,38)
INSERT INTO Workshop_registration (reservation_id, Participant_id) VALUES (247,7)
INSERT INTO Workshop_registration (reservation_id, Participant_id) VALUES (247,13)
INSERT INTO Workshop_registration (reservation_id, Participant_id) VALUES (247,21)
INSERT INTO Workshop_registration (reservation_id, Participant_id) VALUES (247,10)
INSERT INTO Workshop_registration (reservation_id, Participant_id) VALUES (247,14)
INSERT INTO Workshop_registration (reservation_id, Participant_id) VALUES (247,29)
INSERT INTO Workshop_registration (reservation_id, Participant_id) VALUES (247,26)
INSERT INTO Workshop_registration (reservation_id, Participant_id) VALUES (247,16)
INSERT INTO Workshop_registration (reservation_id, Participant_id) VALUES (247,11)
INSERT INTO Workshop_registration (reservation_id, Participant_id) VALUES (247,30)
INSERT INTO Workshop_registration (reservation_id, Participant_id) VALUES (247,31)
INSERT INTO Workshop_registration (reservation_id, Participant_id) VALUES (247,3)
INSERT INTO Workshop_registration (reservation_id, Participant_id) VALUES (247,22)
INSERT INTO Workshop_registration (reservation_id, Participant_id) VALUES (247,27)
INSERT INTO Workshop_registration (reservation_id, Participant_id) VALUES (247,17)
INSERT INTO Workshop_registration (reservation_id, Participant_id) VALUES (247,24)
INSERT INTO Workshop_registration (reservation_id, Participant_id) VALUES (247,28)
INSERT INTO Workshop_registration (reservation_id, Participant_id) VALUES (247,18)
INSERT INTO Workshop_registration (reservation_id, Participant_id) VALUES (247,19)
INSERT INTO Workshop_registration (reservation_id, Participant_id) VALUES (247,8)
INSERT INTO Workshop_registration (reservation_id, Participant_id) VALUES (247,12)
INSERT INTO Workshop_reservations (reservation_id, workshop_id, reservation_date, due_price, nr_of_seats) VALUES (248,54,2021-10-11,'2024-03-16',5)
INSERT INTO Workshop_registration (reservation_id, Participant_id) VALUES (248,19)
INSERT INTO Workshop_registration (reservation_id, Participant_id) VALUES (248,13)
INSERT INTO Workshop_registration (reservation_id, Participant_id) VALUES (248,27)
INSERT INTO Workshop_registration (reservation_id, Participant_id) VALUES (248,37)
INSERT INTO Workshop_registration (reservation_id, Participant_id) VALUES (248,10)
INSERT INTO Workshop_reservations (reservation_id, workshop_id, reservation_date, due_price, nr_of_seats) VALUES (249,54,2022-11-18,'2024-12-05',11)
INSERT INTO Workshop_registration (reservation_id, Participant_id) VALUES (249,22)
INSERT INTO Workshop_registration (reservation_id, Participant_id) VALUES (249,20)
INSERT INTO Workshop_registration (reservation_id, Participant_id) VALUES (249,15)
INSERT INTO Workshop_registration (reservation_id, Participant_id) VALUES (249,27)
INSERT INTO Workshop_registration (reservation_id, Participant_id) VALUES (249,30)
INSERT INTO Workshop_registration (reservation_id, Participant_id) VALUES (249,38)
INSERT INTO Workshop_registration (reservation_id, Participant_id) VALUES (249,6)
INSERT INTO Workshop_registration (reservation_id, Participant_id) VALUES (249,36)
INSERT INTO Workshop_registration (reservation_id, Participant_id) VALUES (249,3)
INSERT INTO Workshop_registration (reservation_id, Participant_id) VALUES (249,24)
INSERT INTO Workshop_registration (reservation_id, Participant_id) VALUES (249,14)
INSERT INTO Workshop_reservations (reservation_id, workshop_id, reservation_date, due_price, nr_of_seats) VALUES (250,54,2023-09-05,'2023-12-09',33)
INSERT INTO Workshop_registration (reservation_id, Participant_id) VALUES (250,36)
INSERT INTO Workshop_registration (reservation_id, Participant_id) VALUES (250,1)
INSERT INTO Workshop_registration (reservation_id, Participant_id) VALUES (250,12)
INSERT INTO Workshop_registration (reservation_id, Participant_id) VALUES (250,15)
INSERT INTO Workshop_registration (reservation_id, Participant_id) VALUES (250,2)
INSERT INTO Workshop_registration (reservation_id, Participant_id) VALUES (250,16)
INSERT INTO Workshop_registration (reservation_id, Participant_id) VALUES (250,10)
INSERT INTO Workshop_registration (reservation_id, Participant_id) VALUES (250,14)
INSERT INTO Workshop_registration (reservation_id, Participant_id) VALUES (250,22)
INSERT INTO Workshop_registration (reservation_id, Participant_id) VALUES (250,35)
INSERT INTO Workshop_registration (reservation_id, Participant_id) VALUES (250,8)
INSERT INTO Workshop_registration (reservation_id, Participant_id) VALUES (250,25)
INSERT INTO Workshop_registration (reservation_id, Participant_id) VALUES (250,34)
INSERT INTO Workshop_registration (reservation_id, Participant_id) VALUES (250,31)
INSERT INTO Workshop_registration (reservation_id, Participant_id) VALUES (250,28)
INSERT INTO Workshop_registration (reservation_id, Participant_id) VALUES (250,7)
INSERT INTO Workshop_registration (reservation_id, Participant_id) VALUES (250,29)
INSERT INTO Workshop_registration (reservation_id, Participant_id) VALUES (250,3)
INSERT INTO Workshop_registration (reservation_id, Participant_id) VALUES (250,13)
INSERT INTO Workshop_registration (reservation_id, Participant_id) VALUES (250,24)
INSERT INTO Workshop_registration (reservation_id, Participant_id) VALUES (250,33)
INSERT INTO Workshop_registration (reservation_id, Participant_id) VALUES (250,26)
INSERT INTO Workshop_registration (reservation_id, Participant_id) VALUES (250,38)
INSERT INTO Workshop_registration (reservation_id, Participant_id) VALUES (250,32)
INSERT INTO Workshop_registration (reservation_id, Participant_id) VALUES (250,5)
INSERT INTO Workshop_registration (reservation_id, Participant_id) VALUES (250,9)
INSERT INTO Workshop_registration (reservation_id, Participant_id) VALUES (250,4)
INSERT INTO Workshop_registration (reservation_id, Participant_id) VALUES (250,19)
INSERT INTO Workshop_registration (reservation_id, Participant_id) VALUES (250,20)
INSERT INTO Workshop_registration (reservation_id, Participant_id) VALUES (250,18)
INSERT INTO Workshop_registration (reservation_id, Participant_id) VALUES (250,37)
INSERT INTO Workshop_registration (reservation_id, Participant_id) VALUES (250,17)
INSERT INTO Workshop_registration (reservation_id, Participant_id) VALUES (250,30)
INSERT INTO Workshop_reservations (reservation_id, workshop_id, reservation_date, due_price, nr_of_seats) VALUES (251,54,2021-12-06,'2022-08-25',38)
INSERT INTO Workshop_registration (reservation_id, Participant_id) VALUES (251,35)
INSERT INTO Workshop_registration (reservation_id, Participant_id) VALUES (251,18)
INSERT INTO Workshop_registration (reservation_id, Participant_id) VALUES (251,20)
INSERT INTO Workshop_registration (reservation_id, Participant_id) VALUES (251,15)
INSERT INTO Workshop_registration (reservation_id, Participant_id) VALUES (251,22)
INSERT INTO Workshop_registration (reservation_id, Participant_id) VALUES (251,13)
INSERT INTO Workshop_registration (reservation_id, Participant_id) VALUES (251,29)
INSERT INTO Workshop_registration (reservation_id, Participant_id) VALUES (251,37)
INSERT INTO Workshop_registration (reservation_id, Participant_id) VALUES (251,33)
INSERT INTO Workshop_registration (reservation_id, Participant_id) VALUES (251,4)
INSERT INTO Workshop_registration (reservation_id, Participant_id) VALUES (251,21)
INSERT INTO Workshop_registration (reservation_id, Participant_id) VALUES (251,38)
INSERT INTO Workshop_registration (reservation_id, Participant_id) VALUES (251,6)
INSERT INTO Workshop_registration (reservation_id, Participant_id) VALUES (251,3)
INSERT INTO Workshop_registration (reservation_id, Participant_id) VALUES (251,25)
INSERT INTO Workshop_registration (reservation_id, Participant_id) VALUES (251,11)
INSERT INTO Workshop_registration (reservation_id, Participant_id) VALUES (251,2)
INSERT INTO Workshop_registration (reservation_id, Participant_id) VALUES (251,28)
INSERT INTO Workshop_registration (reservation_id, Participant_id) VALUES (251,16)
INSERT INTO Workshop_registration (reservation_id, Participant_id) VALUES (251,26)
INSERT INTO Workshop_registration (reservation_id, Participant_id) VALUES (251,8)
INSERT INTO Workshop_registration (reservation_id, Participant_id) VALUES (251,30)
INSERT INTO Workshop_registration (reservation_id, Participant_id) VALUES (251,34)
INSERT INTO Workshop_registration (reservation_id, Participant_id) VALUES (251,32)
INSERT INTO Workshop_registration (reservation_id, Participant_id) VALUES (251,10)
INSERT INTO Workshop_registration (reservation_id, Participant_id) VALUES (251,5)
INSERT INTO Workshop_registration (reservation_id, Participant_id) VALUES (251,14)
INSERT INTO Workshop_registration (reservation_id, Participant_id) VALUES (251,31)
INSERT INTO Workshop_registration (reservation_id, Participant_id) VALUES (251,1)
INSERT INTO Workshop_registration (reservation_id, Participant_id) VALUES (251,23)
INSERT INTO Workshop_registration (reservation_id, Participant_id) VALUES (251,27)
INSERT INTO Workshop_registration (reservation_id, Participant_id) VALUES (251,12)
INSERT INTO Workshop_registration (reservation_id, Participant_id) VALUES (251,7)
INSERT INTO Workshop_registration (reservation_id, Participant_id) VALUES (251,36)
INSERT INTO Workshop_registration (reservation_id, Participant_id) VALUES (251,19)
INSERT INTO Workshop_registration (reservation_id, Participant_id) VALUES (251,24)
INSERT INTO Workshop_registration (reservation_id, Participant_id) VALUES (251,17)
INSERT INTO Workshop_registration (reservation_id, Participant_id) VALUES (251,9)
INSERT INTO Workshop_reservations (reservation_id, workshop_id, reservation_date, due_price, nr_of_seats) VALUES (252,54,2022-02-20,'2024-10-12',24)
INSERT INTO Workshop_registration (reservation_id, Participant_id) VALUES (252,18)
INSERT INTO Workshop_registration (reservation_id, Participant_id) VALUES (252,17)
INSERT INTO Workshop_registration (reservation_id, Participant_id) VALUES (252,36)
INSERT INTO Workshop_registration (reservation_id, Participant_id) VALUES (252,26)
INSERT INTO Workshop_registration (reservation_id, Participant_id) VALUES (252,33)
INSERT INTO Workshop_registration (reservation_id, Participant_id) VALUES (252,4)
INSERT INTO Workshop_registration (reservation_id, Participant_id) VALUES (252,27)
INSERT INTO Workshop_registration (reservation_id, Participant_id) VALUES (252,11)
INSERT INTO Workshop_registration (reservation_id, Participant_id) VALUES (252,12)
INSERT INTO Workshop_registration (reservation_id, Participant_id) VALUES (252,15)
INSERT INTO Workshop_registration (reservation_id, Participant_id) VALUES (252,14)
INSERT INTO Workshop_registration (reservation_id, Participant_id) VALUES (252,16)
INSERT INTO Workshop_registration (reservation_id, Participant_id) VALUES (252,22)
INSERT INTO Workshop_registration (reservation_id, Participant_id) VALUES (252,6)
INSERT INTO Workshop_registration (reservation_id, Participant_id) VALUES (252,37)
INSERT INTO Workshop_registration (reservation_id, Participant_id) VALUES (252,5)
INSERT INTO Workshop_registration (reservation_id, Participant_id) VALUES (252,23)
INSERT INTO Workshop_registration (reservation_id, Participant_id) VALUES (252,20)
INSERT INTO Workshop_registration (reservation_id, Participant_id) VALUES (252,24)
INSERT INTO Workshop_registration (reservation_id, Participant_id) VALUES (252,7)
INSERT INTO Workshop_registration (reservation_id, Participant_id) VALUES (252,31)
INSERT INTO Workshop_registration (reservation_id, Participant_id) VALUES (252,21)
INSERT INTO Workshop_registration (reservation_id, Participant_id) VALUES (252,19)
INSERT INTO Workshop_registration (reservation_id, Participant_id) VALUES (252,38)
INSERT INTO Workshop_reservations (reservation_id, workshop_id, reservation_date, due_price, nr_of_seats) VALUES (253,54,2024-03-01,'2024-07-17',9)
INSERT INTO Workshop_registration (reservation_id, Participant_id) VALUES (253,30)
INSERT INTO Workshop_registration (reservation_id, Participant_id) VALUES (253,33)
INSERT INTO Workshop_registration (reservation_id, Participant_id) VALUES (253,27)
INSERT INTO Workshop_registration (reservation_id, Participant_id) VALUES (253,8)
INSERT INTO Workshop_registration (reservation_id, Participant_id) VALUES (253,28)
INSERT INTO Workshop_registration (reservation_id, Participant_id) VALUES (253,16)
INSERT INTO Workshop_registration (reservation_id, Participant_id) VALUES (253,1)
INSERT INTO Workshop_registration (reservation_id, Participant_id) VALUES (253,21)
INSERT INTO Workshop_registration (reservation_id, Participant_id) VALUES (253,17)
INSERT INTO Workshop_reservations (reservation_id, workshop_id, reservation_date, due_price, nr_of_seats) VALUES (254,54,2021-08-26,'2024-12-08',32)
INSERT INTO Workshop_registration (reservation_id, Participant_id) VALUES (254,5)
INSERT INTO Workshop_registration (reservation_id, Participant_id) VALUES (254,33)
INSERT INTO Workshop_registration (reservation_id, Participant_id) VALUES (254,21)
INSERT INTO Workshop_registration (reservation_id, Participant_id) VALUES (254,18)
INSERT INTO Workshop_registration (reservation_id, Participant_id) VALUES (254,13)
INSERT INTO Workshop_registration (reservation_id, Participant_id) VALUES (254,10)
INSERT INTO Workshop_registration (reservation_id, Participant_id) VALUES (254,27)
INSERT INTO Workshop_registration (reservation_id, Participant_id) VALUES (254,25)
INSERT INTO Workshop_registration (reservation_id, Participant_id) VALUES (254,20)
INSERT INTO Workshop_registration (reservation_id, Participant_id) VALUES (254,16)
INSERT INTO Workshop_registration (reservation_id, Participant_id) VALUES (254,38)
INSERT INTO Workshop_registration (reservation_id, Participant_id) VALUES (254,8)
INSERT INTO Workshop_registration (reservation_id, Participant_id) VALUES (254,17)
INSERT INTO Workshop_registration (reservation_id, Participant_id) VALUES (254,36)
INSERT INTO Workshop_registration (reservation_id, Participant_id) VALUES (254,31)
INSERT INTO Workshop_registration (reservation_id, Participant_id) VALUES (254,37)
INSERT INTO Workshop_registration (reservation_id, Participant_id) VALUES (254,30)
INSERT INTO Workshop_registration (reservation_id, Participant_id) VALUES (254,24)
INSERT INTO Workshop_registration (reservation_id, Participant_id) VALUES (254,4)
INSERT INTO Workshop_registration (reservation_id, Participant_id) VALUES (254,22)
INSERT INTO Workshop_registration (reservation_id, Participant_id) VALUES (254,23)
INSERT INTO Workshop_registration (reservation_id, Participant_id) VALUES (254,2)
INSERT INTO Workshop_registration (reservation_id, Participant_id) VALUES (254,1)
INSERT INTO Workshop_registration (reservation_id, Participant_id) VALUES (254,29)
INSERT INTO Workshop_registration (reservation_id, Participant_id) VALUES (254,15)
INSERT INTO Workshop_registration (reservation_id, Participant_id) VALUES (254,7)
INSERT INTO Workshop_registration (reservation_id, Participant_id) VALUES (254,28)
INSERT INTO Workshop_registration (reservation_id, Participant_id) VALUES (254,3)
INSERT INTO Workshop_registration (reservation_id, Participant_id) VALUES (254,19)
INSERT INTO Workshop_registration (reservation_id, Participant_id) VALUES (254,26)
INSERT INTO Workshop_registration (reservation_id, Participant_id) VALUES (254,34)
INSERT INTO Workshop_registration (reservation_id, Participant_id) VALUES (254,35)
SET IDENTITY_INSERT  Workshop_reservations OFF
SET IDENTITY_INSERT  Conference_day_reservations ON
INSERT INTO Conference_day_reservations (reservation_id, conference_day_id, clients_id, reservation_date, active, due_price, adult_seats, student_seats) VALUES (79,15,2,'2023-12-15','0','2024-09-06','5','14')
INSERT INTO Payments (reservation_id, in_date, value) VALUES (79,'2024-02-22',384.41)
INSERT INTO Payments (reservation_id, in_date, value) VALUES (79,'2024-07-15',313.0)
INSERT INTO Payments (reservation_id, in_date, value) VALUES (79,'2024-05-28',183.0)
INSERT INTO Conference_day_registration (reservation_id, Participant_id, is_student) VALUES (79,2,0)
INSERT INTO Conference_day_registration (reservation_id, Participant_id, is_student) VALUES (79,25,0)
INSERT INTO Conference_day_registration (reservation_id, Participant_id, is_student) VALUES (79,36,0)
INSERT INTO Conference_day_registration (reservation_id, Participant_id, is_student) VALUES (79,32,0)
INSERT INTO Conference_day_registration (reservation_id, Participant_id, is_student) VALUES (79,37,0)
INSERT INTO Conference_day_registration (reservation_id, Participant_id, is_student) VALUES (79,29,1)
INSERT INTO Conference_day_registration (reservation_id, Participant_id, is_student) VALUES (79,14,1)
INSERT INTO Conference_day_registration (reservation_id, Participant_id, is_student) VALUES (79,16,1)
INSERT INTO Conference_day_registration (reservation_id, Participant_id, is_student) VALUES (79,5,1)
INSERT INTO Conference_day_registration (reservation_id, Participant_id, is_student) VALUES (79,9,1)
INSERT INTO Conference_day_registration (reservation_id, Participant_id, is_student) VALUES (79,17,1)
INSERT INTO Conference_day_registration (reservation_id, Participant_id, is_student) VALUES (79,28,1)
INSERT INTO Conference_day_registration (reservation_id, Participant_id, is_student) VALUES (79,30,1)
INSERT INTO Conference_day_registration (reservation_id, Participant_id, is_student) VALUES (79,10,1)
INSERT INTO Conference_day_registration (reservation_id, Participant_id, is_student) VALUES (79,18,1)
INSERT INTO Conference_day_registration (reservation_id, Participant_id, is_student) VALUES (79,19,1)
INSERT INTO Conference_day_registration (reservation_id, Participant_id, is_student) VALUES (79,7,1)
INSERT INTO Conference_day_registration (reservation_id, Participant_id, is_student) VALUES (79,31,1)
INSERT INTO Conference_day_registration (reservation_id, Participant_id, is_student) VALUES (79,13,1)
INSERT INTO Conference_day_reservations (reservation_id, conference_day_id, clients_id, reservation_date, active, due_price, adult_seats, student_seats) VALUES (80,15,7,'2024-06-16','1','2024-11-10','33','0')
INSERT INTO Payments (reservation_id, in_date, value) VALUES (80,'2024-09-04',196.63)
INSERT INTO Payments (reservation_id, in_date, value) VALUES (80,'2024-08-26',176.0)
INSERT INTO Payments (reservation_id, in_date, value) VALUES (80,'2024-07-19',199.0)
INSERT INTO Payments (reservation_id, in_date, value) VALUES (80,'2024-08-19',107.0)
INSERT INTO Payments (reservation_id, in_date, value) VALUES (80,'2024-06-25',212.0)
INSERT INTO Conference_day_registration (reservation_id, Participant_id, is_student) VALUES (80,2,0)
INSERT INTO Conference_day_registration (reservation_id, Participant_id, is_student) VALUES (80,30,0)
INSERT INTO Conference_day_registration (reservation_id, Participant_id, is_student) VALUES (80,38,0)
INSERT INTO Conference_day_registration (reservation_id, Participant_id, is_student) VALUES (80,25,0)
INSERT INTO Conference_day_registration (reservation_id, Participant_id, is_student) VALUES (80,6,0)
INSERT INTO Conference_day_registration (reservation_id, Participant_id, is_student) VALUES (80,27,0)
INSERT INTO Conference_day_registration (reservation_id, Participant_id, is_student) VALUES (80,23,0)
INSERT INTO Conference_day_registration (reservation_id, Participant_id, is_student) VALUES (80,14,0)
INSERT INTO Conference_day_registration (reservation_id, Participant_id, is_student) VALUES (80,31,0)
INSERT INTO Conference_day_registration (reservation_id, Participant_id, is_student) VALUES (80,1,0)
INSERT INTO Conference_day_registration (reservation_id, Participant_id, is_student) VALUES (80,10,0)
INSERT INTO Conference_day_registration (reservation_id, Participant_id, is_student) VALUES (80,28,0)
INSERT INTO Conference_day_registration (reservation_id, Participant_id, is_student) VALUES (80,24,0)
INSERT INTO Conference_day_registration (reservation_id, Participant_id, is_student) VALUES (80,7,0)
INSERT INTO Conference_day_registration (reservation_id, Participant_id, is_student) VALUES (80,22,0)
INSERT INTO Conference_day_registration (reservation_id, Participant_id, is_student) VALUES (80,37,0)
INSERT INTO Conference_day_registration (reservation_id, Participant_id, is_student) VALUES (80,5,0)
INSERT INTO Conference_day_registration (reservation_id, Participant_id, is_student) VALUES (80,11,0)
INSERT INTO Conference_day_registration (reservation_id, Participant_id, is_student) VALUES (80,21,0)
INSERT INTO Conference_day_registration (reservation_id, Participant_id, is_student) VALUES (80,4,0)
INSERT INTO Conference_day_registration (reservation_id, Participant_id, is_student) VALUES (80,32,0)
INSERT INTO Conference_day_registration (reservation_id, Participant_id, is_student) VALUES (80,35,0)
INSERT INTO Conference_day_registration (reservation_id, Participant_id, is_student) VALUES (80,9,0)
INSERT INTO Conference_day_registration (reservation_id, Participant_id, is_student) VALUES (80,26,0)
INSERT INTO Conference_day_registration (reservation_id, Participant_id, is_student) VALUES (80,19,0)
INSERT INTO Conference_day_registration (reservation_id, Participant_id, is_student) VALUES (80,34,0)
INSERT INTO Conference_day_registration (reservation_id, Participant_id, is_student) VALUES (80,12,0)
INSERT INTO Conference_day_registration (reservation_id, Participant_id, is_student) VALUES (80,13,0)
INSERT INTO Conference_day_registration (reservation_id, Participant_id, is_student) VALUES (80,3,0)
INSERT INTO Conference_day_registration (reservation_id, Participant_id, is_student) VALUES (80,8,0)
INSERT INTO Conference_day_registration (reservation_id, Participant_id, is_student) VALUES (80,20,0)
INSERT INTO Conference_day_registration (reservation_id, Participant_id, is_student) VALUES (80,15,0)
INSERT INTO Conference_day_registration (reservation_id, Participant_id, is_student) VALUES (80,17,0)
INSERT INTO Conference_day_reservations (reservation_id, conference_day_id, clients_id, reservation_date, active, due_price, adult_seats, student_seats) VALUES (81,15,1,'2024-08-06','1','2024-10-28','8','30')
INSERT INTO Payments (reservation_id, in_date, value) VALUES (81,'2024-10-22',436.28)
INSERT INTO Payments (reservation_id, in_date, value) VALUES (81,'2024-09-09',458.0)
INSERT INTO Conference_day_registration (reservation_id, Participant_id, is_student) VALUES (81,20,0)
INSERT INTO Conference_day_registration (reservation_id, Participant_id, is_student) VALUES (81,2,0)
INSERT INTO Conference_day_registration (reservation_id, Participant_id, is_student) VALUES (81,6,0)
INSERT INTO Conference_day_registration (reservation_id, Participant_id, is_student) VALUES (81,33,0)
INSERT INTO Conference_day_registration (reservation_id, Participant_id, is_student) VALUES (81,23,0)
INSERT INTO Conference_day_registration (reservation_id, Participant_id, is_student) VALUES (81,30,0)
INSERT INTO Conference_day_registration (reservation_id, Participant_id, is_student) VALUES (81,16,0)
INSERT INTO Conference_day_registration (reservation_id, Participant_id, is_student) VALUES (81,5,0)
INSERT INTO Conference_day_registration (reservation_id, Participant_id, is_student) VALUES (81,3,1)
INSERT INTO Conference_day_registration (reservation_id, Participant_id, is_student) VALUES (81,17,1)
INSERT INTO Conference_day_registration (reservation_id, Participant_id, is_student) VALUES (81,31,1)
INSERT INTO Conference_day_registration (reservation_id, Participant_id, is_student) VALUES (81,37,1)
INSERT INTO Conference_day_registration (reservation_id, Participant_id, is_student) VALUES (81,27,1)
INSERT INTO Conference_day_registration (reservation_id, Participant_id, is_student) VALUES (81,11,1)
INSERT INTO Conference_day_registration (reservation_id, Participant_id, is_student) VALUES (81,13,1)
INSERT INTO Conference_day_registration (reservation_id, Participant_id, is_student) VALUES (81,1,1)
INSERT INTO Conference_day_registration (reservation_id, Participant_id, is_student) VALUES (81,22,1)
INSERT INTO Conference_day_registration (reservation_id, Participant_id, is_student) VALUES (81,4,1)
INSERT INTO Conference_day_registration (reservation_id, Participant_id, is_student) VALUES (81,7,1)
INSERT INTO Conference_day_registration (reservation_id, Participant_id, is_student) VALUES (81,38,1)
INSERT INTO Conference_day_registration (reservation_id, Participant_id, is_student) VALUES (81,34,1)
INSERT INTO Conference_day_registration (reservation_id, Participant_id, is_student) VALUES (81,9,1)
INSERT INTO Conference_day_registration (reservation_id, Participant_id, is_student) VALUES (81,32,1)
INSERT INTO Conference_day_registration (reservation_id, Participant_id, is_student) VALUES (81,25,1)
INSERT INTO Conference_day_registration (reservation_id, Participant_id, is_student) VALUES (81,12,1)
INSERT INTO Conference_day_registration (reservation_id, Participant_id, is_student) VALUES (81,18,1)
INSERT INTO Conference_day_registration (reservation_id, Participant_id, is_student) VALUES (81,14,1)
INSERT INTO Conference_day_registration (reservation_id, Participant_id, is_student) VALUES (81,19,1)
INSERT INTO Conference_day_registration (reservation_id, Participant_id, is_student) VALUES (81,28,1)
INSERT INTO Conference_day_registration (reservation_id, Participant_id, is_student) VALUES (81,35,1)
INSERT INTO Conference_day_registration (reservation_id, Participant_id, is_student) VALUES (81,29,1)
INSERT INTO Conference_day_registration (reservation_id, Participant_id, is_student) VALUES (81,8,1)
INSERT INTO Conference_day_registration (reservation_id, Participant_id, is_student) VALUES (81,15,1)
INSERT INTO Conference_day_registration (reservation_id, Participant_id, is_student) VALUES (81,24,1)
INSERT INTO Conference_day_registration (reservation_id, Participant_id, is_student) VALUES (81,36,1)
INSERT INTO Conference_day_registration (reservation_id, Participant_id, is_student) VALUES (81,26,1)
INSERT INTO Conference_day_registration (reservation_id, Participant_id, is_student) VALUES (81,10,1)
INSERT INTO Conference_day_registration (reservation_id, Participant_id, is_student) VALUES (81,21,1)
INSERT INTO Conference_day_reservations (reservation_id, conference_day_id, clients_id, reservation_date, active, due_price, adult_seats, student_seats) VALUES (82,15,8,'2024-07-18','0','2024-10-21','18','10')
INSERT INTO Payments (reservation_id, in_date, value) VALUES (82,'2024-07-31',267.98)
INSERT INTO Payments (reservation_id, in_date, value) VALUES (82,'2024-09-23',297.0)
INSERT INTO Payments (reservation_id, in_date, value) VALUES (82,'2024-10-08',254.0)
INSERT INTO Payments (reservation_id, in_date, value) VALUES (82,'2024-07-30',68.0)
INSERT INTO Conference_day_registration (reservation_id, Participant_id, is_student) VALUES (82,37,0)
INSERT INTO Conference_day_registration (reservation_id, Participant_id, is_student) VALUES (82,4,0)
INSERT INTO Conference_day_registration (reservation_id, Participant_id, is_student) VALUES (82,23,0)
INSERT INTO Conference_day_registration (reservation_id, Participant_id, is_student) VALUES (82,22,0)
INSERT INTO Conference_day_registration (reservation_id, Participant_id, is_student) VALUES (82,25,0)
INSERT INTO Conference_day_registration (reservation_id, Participant_id, is_student) VALUES (82,36,0)
INSERT INTO Conference_day_registration (reservation_id, Participant_id, is_student) VALUES (82,15,0)
INSERT INTO Conference_day_registration (reservation_id, Participant_id, is_student) VALUES (82,28,0)
INSERT INTO Conference_day_registration (reservation_id, Participant_id, is_student) VALUES (82,20,0)
INSERT INTO Conference_day_registration (reservation_id, Participant_id, is_student) VALUES (82,3,0)
INSERT INTO Conference_day_registration (reservation_id, Participant_id, is_student) VALUES (82,12,0)
INSERT INTO Conference_day_registration (reservation_id, Participant_id, is_student) VALUES (82,24,0)
INSERT INTO Conference_day_registration (reservation_id, Participant_id, is_student) VALUES (82,10,0)
INSERT INTO Conference_day_registration (reservation_id, Participant_id, is_student) VALUES (82,38,0)
INSERT INTO Conference_day_registration (reservation_id, Participant_id, is_student) VALUES (82,19,0)
INSERT INTO Conference_day_registration (reservation_id, Participant_id, is_student) VALUES (82,35,0)
INSERT INTO Conference_day_registration (reservation_id, Participant_id, is_student) VALUES (82,18,0)
INSERT INTO Conference_day_registration (reservation_id, Participant_id, is_student) VALUES (82,9,0)
INSERT INTO Conference_day_registration (reservation_id, Participant_id, is_student) VALUES (82,8,1)
INSERT INTO Conference_day_registration (reservation_id, Participant_id, is_student) VALUES (82,17,1)
INSERT INTO Conference_day_registration (reservation_id, Participant_id, is_student) VALUES (82,13,1)
INSERT INTO Conference_day_registration (reservation_id, Participant_id, is_student) VALUES (82,32,1)
INSERT INTO Conference_day_registration (reservation_id, Participant_id, is_student) VALUES (82,5,1)
INSERT INTO Conference_day_registration (reservation_id, Participant_id, is_student) VALUES (82,27,1)
INSERT INTO Conference_day_registration (reservation_id, Participant_id, is_student) VALUES (82,16,1)
INSERT INTO Conference_day_registration (reservation_id, Participant_id, is_student) VALUES (82,31,1)
INSERT INTO Conference_day_registration (reservation_id, Participant_id, is_student) VALUES (82,6,1)
INSERT INTO Conference_day_registration (reservation_id, Participant_id, is_student) VALUES (82,26,1)
INSERT INTO Conference_day_reservations (reservation_id, conference_day_id, clients_id, reservation_date, active, due_price, adult_seats, student_seats) VALUES (83,15,2,'2021-09-26','1','2023-10-03','30','0')
INSERT INTO Payments (reservation_id, in_date, value) VALUES (83,'2023-01-10',73.24)
INSERT INTO Payments (reservation_id, in_date, value) VALUES (83,'2023-06-15',377.0)
INSERT INTO Payments (reservation_id, in_date, value) VALUES (83,'2022-09-12',193.0)
INSERT INTO Payments (reservation_id, in_date, value) VALUES (83,'2023-03-20',241.0)
INSERT INTO Conference_day_registration (reservation_id, Participant_id, is_student) VALUES (83,28,0)
INSERT INTO Conference_day_registration (reservation_id, Participant_id, is_student) VALUES (83,24,0)
INSERT INTO Conference_day_registration (reservation_id, Participant_id, is_student) VALUES (83,8,0)
INSERT INTO Conference_day_registration (reservation_id, Participant_id, is_student) VALUES (83,21,0)
INSERT INTO Conference_day_registration (reservation_id, Participant_id, is_student) VALUES (83,12,0)
INSERT INTO Conference_day_registration (reservation_id, Participant_id, is_student) VALUES (83,10,0)
INSERT INTO Conference_day_registration (reservation_id, Participant_id, is_student) VALUES (83,34,0)
INSERT INTO Conference_day_registration (reservation_id, Participant_id, is_student) VALUES (83,16,0)
INSERT INTO Conference_day_registration (reservation_id, Participant_id, is_student) VALUES (83,17,0)
INSERT INTO Conference_day_registration (reservation_id, Participant_id, is_student) VALUES (83,14,0)
INSERT INTO Conference_day_registration (reservation_id, Participant_id, is_student) VALUES (83,13,0)
INSERT INTO Conference_day_registration (reservation_id, Participant_id, is_student) VALUES (83,1,0)
INSERT INTO Conference_day_registration (reservation_id, Participant_id, is_student) VALUES (83,3,0)
INSERT INTO Conference_day_registration (reservation_id, Participant_id, is_student) VALUES (83,11,0)
INSERT INTO Conference_day_registration (reservation_id, Participant_id, is_student) VALUES (83,25,0)
INSERT INTO Conference_day_registration (reservation_id, Participant_id, is_student) VALUES (83,18,0)
INSERT INTO Conference_day_registration (reservation_id, Participant_id, is_student) VALUES (83,37,0)
INSERT INTO Conference_day_registration (reservation_id, Participant_id, is_student) VALUES (83,30,0)
INSERT INTO Conference_day_registration (reservation_id, Participant_id, is_student) VALUES (83,29,0)
INSERT INTO Conference_day_registration (reservation_id, Participant_id, is_student) VALUES (83,2,0)
INSERT INTO Conference_day_registration (reservation_id, Participant_id, is_student) VALUES (83,31,0)
INSERT INTO Conference_day_registration (reservation_id, Participant_id, is_student) VALUES (83,4,0)
INSERT INTO Conference_day_registration (reservation_id, Participant_id, is_student) VALUES (83,15,0)
INSERT INTO Conference_day_registration (reservation_id, Participant_id, is_student) VALUES (83,6,0)
INSERT INTO Conference_day_registration (reservation_id, Participant_id, is_student) VALUES (83,19,0)
INSERT INTO Conference_day_registration (reservation_id, Participant_id, is_student) VALUES (83,22,0)
INSERT INTO Conference_day_registration (reservation_id, Participant_id, is_student) VALUES (83,33,0)
INSERT INTO Conference_day_registration (reservation_id, Participant_id, is_student) VALUES (83,9,0)
INSERT INTO Conference_day_registration (reservation_id, Participant_id, is_student) VALUES (83,23,0)
INSERT INTO Conference_day_registration (reservation_id, Participant_id, is_student) VALUES (83,32,0)
INSERT INTO Conference_day_reservations (reservation_id, conference_day_id, clients_id, reservation_date, active, due_price, adult_seats, student_seats) VALUES (84,15,4,'2024-08-02','0','2024-08-24','27','2')
INSERT INTO Payments (reservation_id, in_date, value) VALUES (84,'2024-08-20',887.71)
INSERT INTO Conference_day_registration (reservation_id, Participant_id, is_student) VALUES (84,22,0)
INSERT INTO Conference_day_registration (reservation_id, Participant_id, is_student) VALUES (84,7,0)
INSERT INTO Conference_day_registration (reservation_id, Participant_id, is_student) VALUES (84,10,0)
INSERT INTO Conference_day_registration (reservation_id, Participant_id, is_student) VALUES (84,25,0)
INSERT INTO Conference_day_registration (reservation_id, Participant_id, is_student) VALUES (84,24,0)
INSERT INTO Conference_day_registration (reservation_id, Participant_id, is_student) VALUES (84,16,0)
INSERT INTO Conference_day_registration (reservation_id, Participant_id, is_student) VALUES (84,6,0)
INSERT INTO Conference_day_registration (reservation_id, Participant_id, is_student) VALUES (84,4,0)
INSERT INTO Conference_day_registration (reservation_id, Participant_id, is_student) VALUES (84,8,0)
INSERT INTO Conference_day_registration (reservation_id, Participant_id, is_student) VALUES (84,17,0)
INSERT INTO Conference_day_registration (reservation_id, Participant_id, is_student) VALUES (84,23,0)
INSERT INTO Conference_day_registration (reservation_id, Participant_id, is_student) VALUES (84,35,0)
INSERT INTO Conference_day_registration (reservation_id, Participant_id, is_student) VALUES (84,11,0)
INSERT INTO Conference_day_registration (reservation_id, Participant_id, is_student) VALUES (84,1,0)
INSERT INTO Conference_day_registration (reservation_id, Participant_id, is_student) VALUES (84,21,0)
INSERT INTO Conference_day_registration (reservation_id, Participant_id, is_student) VALUES (84,33,0)
INSERT INTO Conference_day_registration (reservation_id, Participant_id, is_student) VALUES (84,20,0)
INSERT INTO Conference_day_registration (reservation_id, Participant_id, is_student) VALUES (84,37,0)
INSERT INTO Conference_day_registration (reservation_id, Participant_id, is_student) VALUES (84,12,0)
INSERT INTO Conference_day_registration (reservation_id, Participant_id, is_student) VALUES (84,34,0)
INSERT INTO Conference_day_registration (reservation_id, Participant_id, is_student) VALUES (84,2,0)
INSERT INTO Conference_day_registration (reservation_id, Participant_id, is_student) VALUES (84,18,0)
INSERT INTO Conference_day_registration (reservation_id, Participant_id, is_student) VALUES (84,30,0)
INSERT INTO Conference_day_registration (reservation_id, Participant_id, is_student) VALUES (84,26,0)
INSERT INTO Conference_day_registration (reservation_id, Participant_id, is_student) VALUES (84,28,0)
INSERT INTO Conference_day_registration (reservation_id, Participant_id, is_student) VALUES (84,36,0)
INSERT INTO Conference_day_registration (reservation_id, Participant_id, is_student) VALUES (84,29,0)
INSERT INTO Conference_day_registration (reservation_id, Participant_id, is_student) VALUES (84,38,1)
INSERT INTO Conference_day_registration (reservation_id, Participant_id, is_student) VALUES (84,5,1)
INSERT INTO Conference_day_reservations (reservation_id, conference_day_id, clients_id, reservation_date, active, due_price, adult_seats, student_seats) VALUES (85,15,2,'2020-02-02','0','2023-08-29','16','11')
INSERT INTO Payments (reservation_id, in_date, value) VALUES (85,'2023-08-03',334.47)
INSERT INTO Payments (reservation_id, in_date, value) VALUES (85,'2021-09-17',156.0)
INSERT INTO Payments (reservation_id, in_date, value) VALUES (85,'2022-02-02',392.0)
INSERT INTO Conference_day_registration (reservation_id, Participant_id, is_student) VALUES (85,32,0)
INSERT INTO Conference_day_registration (reservation_id, Participant_id, is_student) VALUES (85,13,0)
INSERT INTO Conference_day_registration (reservation_id, Participant_id, is_student) VALUES (85,5,0)
INSERT INTO Conference_day_registration (reservation_id, Participant_id, is_student) VALUES (85,1,0)
INSERT INTO Conference_day_registration (reservation_id, Participant_id, is_student) VALUES (85,14,0)
INSERT INTO Conference_day_registration (reservation_id, Participant_id, is_student) VALUES (85,30,0)
INSERT INTO Conference_day_registration (reservation_id, Participant_id, is_student) VALUES (85,37,0)
INSERT INTO Conference_day_registration (reservation_id, Participant_id, is_student) VALUES (85,12,0)
INSERT INTO Conference_day_registration (reservation_id, Participant_id, is_student) VALUES (85,31,0)
INSERT INTO Conference_day_registration (reservation_id, Participant_id, is_student) VALUES (85,4,0)
INSERT INTO Conference_day_registration (reservation_id, Participant_id, is_student) VALUES (85,25,0)
INSERT INTO Conference_day_registration (reservation_id, Participant_id, is_student) VALUES (85,7,0)
INSERT INTO Conference_day_registration (reservation_id, Participant_id, is_student) VALUES (85,15,0)
INSERT INTO Conference_day_registration (reservation_id, Participant_id, is_student) VALUES (85,11,0)
INSERT INTO Conference_day_registration (reservation_id, Participant_id, is_student) VALUES (85,10,0)
INSERT INTO Conference_day_registration (reservation_id, Participant_id, is_student) VALUES (85,28,0)
INSERT INTO Conference_day_registration (reservation_id, Participant_id, is_student) VALUES (85,35,1)
INSERT INTO Conference_day_registration (reservation_id, Participant_id, is_student) VALUES (85,24,1)
INSERT INTO Conference_day_registration (reservation_id, Participant_id, is_student) VALUES (85,8,1)
INSERT INTO Conference_day_registration (reservation_id, Participant_id, is_student) VALUES (85,29,1)
INSERT INTO Conference_day_registration (reservation_id, Participant_id, is_student) VALUES (85,18,1)
INSERT INTO Conference_day_registration (reservation_id, Participant_id, is_student) VALUES (85,36,1)
INSERT INTO Conference_day_registration (reservation_id, Participant_id, is_student) VALUES (85,38,1)
INSERT INTO Conference_day_registration (reservation_id, Participant_id, is_student) VALUES (85,34,1)
INSERT INTO Conference_day_registration (reservation_id, Participant_id, is_student) VALUES (85,20,1)
INSERT INTO Conference_day_registration (reservation_id, Participant_id, is_student) VALUES (85,22,1)
INSERT INTO Conference_day_registration (reservation_id, Participant_id, is_student) VALUES (85,2,1)
INSERT INTO Conference_day_reservations (reservation_id, conference_day_id, clients_id, reservation_date, active, due_price, adult_seats, student_seats) VALUES (86,15,2,'2022-12-28','0','2024-09-01','38','0')
INSERT INTO Payments (reservation_id, in_date, value) VALUES (86,'2023-05-15',302.2)
INSERT INTO Payments (reservation_id, in_date, value) VALUES (86,'2023-12-22',44.0)
INSERT INTO Payments (reservation_id, in_date, value) VALUES (86,'2024-08-01',272.0)
INSERT INTO Payments (reservation_id, in_date, value) VALUES (86,'2024-07-13',164.0)
INSERT INTO Payments (reservation_id, in_date, value) VALUES (86,'2024-07-19',106.0)
INSERT INTO Conference_day_registration (reservation_id, Participant_id, is_student) VALUES (86,38,0)
INSERT INTO Conference_day_registration (reservation_id, Participant_id, is_student) VALUES (86,18,0)
INSERT INTO Conference_day_registration (reservation_id, Participant_id, is_student) VALUES (86,7,0)
INSERT INTO Conference_day_registration (reservation_id, Participant_id, is_student) VALUES (86,1,0)
INSERT INTO Conference_day_registration (reservation_id, Participant_id, is_student) VALUES (86,23,0)
INSERT INTO Conference_day_registration (reservation_id, Participant_id, is_student) VALUES (86,2,0)
INSERT INTO Conference_day_registration (reservation_id, Participant_id, is_student) VALUES (86,30,0)
INSERT INTO Conference_day_registration (reservation_id, Participant_id, is_student) VALUES (86,9,0)
INSERT INTO Conference_day_registration (reservation_id, Participant_id, is_student) VALUES (86,17,0)
INSERT INTO Conference_day_registration (reservation_id, Participant_id, is_student) VALUES (86,11,0)
INSERT INTO Conference_day_registration (reservation_id, Participant_id, is_student) VALUES (86,29,0)
INSERT INTO Conference_day_registration (reservation_id, Participant_id, is_student) VALUES (86,21,0)
INSERT INTO Conference_day_registration (reservation_id, Participant_id, is_student) VALUES (86,25,0)
INSERT INTO Conference_day_registration (reservation_id, Participant_id, is_student) VALUES (86,27,0)
INSERT INTO Conference_day_registration (reservation_id, Participant_id, is_student) VALUES (86,32,0)
INSERT INTO Conference_day_registration (reservation_id, Participant_id, is_student) VALUES (86,26,0)
INSERT INTO Conference_day_registration (reservation_id, Participant_id, is_student) VALUES (86,34,0)
INSERT INTO Conference_day_registration (reservation_id, Participant_id, is_student) VALUES (86,8,0)
INSERT INTO Conference_day_registration (reservation_id, Participant_id, is_student) VALUES (86,22,0)
INSERT INTO Conference_day_registration (reservation_id, Participant_id, is_student) VALUES (86,5,0)
INSERT INTO Conference_day_registration (reservation_id, Participant_id, is_student) VALUES (86,37,0)
INSERT INTO Conference_day_registration (reservation_id, Participant_id, is_student) VALUES (86,19,0)
INSERT INTO Conference_day_registration (reservation_id, Participant_id, is_student) VALUES (86,16,0)
INSERT INTO Conference_day_registration (reservation_id, Participant_id, is_student) VALUES (86,24,0)
INSERT INTO Conference_day_registration (reservation_id, Participant_id, is_student) VALUES (86,31,0)
INSERT INTO Conference_day_registration (reservation_id, Participant_id, is_student) VALUES (86,13,0)
INSERT INTO Conference_day_registration (reservation_id, Participant_id, is_student) VALUES (86,12,0)
INSERT INTO Conference_day_registration (reservation_id, Participant_id, is_student) VALUES (86,35,0)
INSERT INTO Conference_day_registration (reservation_id, Participant_id, is_student) VALUES (86,6,0)
INSERT INTO Conference_day_registration (reservation_id, Participant_id, is_student) VALUES (86,3,0)
INSERT INTO Conference_day_registration (reservation_id, Participant_id, is_student) VALUES (86,14,0)
INSERT INTO Conference_day_registration (reservation_id, Participant_id, is_student) VALUES (86,10,0)
INSERT INTO Conference_day_registration (reservation_id, Participant_id, is_student) VALUES (86,15,0)
INSERT INTO Conference_day_registration (reservation_id, Participant_id, is_student) VALUES (86,36,0)
INSERT INTO Conference_day_registration (reservation_id, Participant_id, is_student) VALUES (86,20,0)
INSERT INTO Conference_day_registration (reservation_id, Participant_id, is_student) VALUES (86,33,0)
INSERT INTO Conference_day_registration (reservation_id, Participant_id, is_student) VALUES (86,4,0)
INSERT INTO Conference_day_registration (reservation_id, Participant_id, is_student) VALUES (86,28,0)
INSERT INTO Conference_day_reservations (reservation_id, conference_day_id, clients_id, reservation_date, active, due_price, adult_seats, student_seats) VALUES (87,15,2,'2023-05-17','1','2023-12-21','25','8')
INSERT INTO Payments (reservation_id, in_date, value) VALUES (87,'2023-10-21',885.3499999999999)
INSERT INTO Conference_day_registration (reservation_id, Participant_id, is_student) VALUES (87,16,0)
INSERT INTO Conference_day_registration (reservation_id, Participant_id, is_student) VALUES (87,9,0)
INSERT INTO Conference_day_registration (reservation_id, Participant_id, is_student) VALUES (87,21,0)
INSERT INTO Conference_day_registration (reservation_id, Participant_id, is_student) VALUES (87,2,0)
INSERT INTO Conference_day_registration (reservation_id, Participant_id, is_student) VALUES (87,26,0)
INSERT INTO Conference_day_registration (reservation_id, Participant_id, is_student) VALUES (87,10,0)
INSERT INTO Conference_day_registration (reservation_id, Participant_id, is_student) VALUES (87,32,0)
INSERT INTO Conference_day_registration (reservation_id, Participant_id, is_student) VALUES (87,31,0)
INSERT INTO Conference_day_registration (reservation_id, Participant_id, is_student) VALUES (87,5,0)
INSERT INTO Conference_day_registration (reservation_id, Participant_id, is_student) VALUES (87,24,0)
INSERT INTO Conference_day_registration (reservation_id, Participant_id, is_student) VALUES (87,36,0)
INSERT INTO Conference_day_registration (reservation_id, Participant_id, is_student) VALUES (87,1,0)
INSERT INTO Conference_day_registration (reservation_id, Participant_id, is_student) VALUES (87,35,0)
INSERT INTO Conference_day_registration (reservation_id, Participant_id, is_student) VALUES (87,34,0)
INSERT INTO Conference_day_registration (reservation_id, Participant_id, is_student) VALUES (87,33,0)
INSERT INTO Conference_day_registration (reservation_id, Participant_id, is_student) VALUES (87,15,0)
INSERT INTO Conference_day_registration (reservation_id, Participant_id, is_student) VALUES (87,12,0)
INSERT INTO Conference_day_registration (reservation_id, Participant_id, is_student) VALUES (87,22,0)
INSERT INTO Conference_day_registration (reservation_id, Participant_id, is_student) VALUES (87,19,0)
INSERT INTO Conference_day_registration (reservation_id, Participant_id, is_student) VALUES (87,13,0)
INSERT INTO Conference_day_registration (reservation_id, Participant_id, is_student) VALUES (87,29,0)
INSERT INTO Conference_day_registration (reservation_id, Participant_id, is_student) VALUES (87,17,0)
INSERT INTO Conference_day_registration (reservation_id, Participant_id, is_student) VALUES (87,25,0)
INSERT INTO Conference_day_registration (reservation_id, Participant_id, is_student) VALUES (87,20,0)
INSERT INTO Conference_day_registration (reservation_id, Participant_id, is_student) VALUES (87,3,0)
INSERT INTO Conference_day_registration (reservation_id, Participant_id, is_student) VALUES (87,7,1)
INSERT INTO Conference_day_registration (reservation_id, Participant_id, is_student) VALUES (87,4,1)
INSERT INTO Conference_day_registration (reservation_id, Participant_id, is_student) VALUES (87,27,1)
INSERT INTO Conference_day_registration (reservation_id, Participant_id, is_student) VALUES (87,14,1)
INSERT INTO Conference_day_registration (reservation_id, Participant_id, is_student) VALUES (87,23,1)
INSERT INTO Conference_day_registration (reservation_id, Participant_id, is_student) VALUES (87,8,1)
INSERT INTO Conference_day_registration (reservation_id, Participant_id, is_student) VALUES (87,11,1)
INSERT INTO Conference_day_registration (reservation_id, Participant_id, is_student) VALUES (87,37,1)
INSERT INTO Conference_day_reservations (reservation_id, conference_day_id, clients_id, reservation_date, active, due_price, adult_seats, student_seats) VALUES (88,15,4,'2021-03-28','1','2023-12-15','1','29')
INSERT INTO Payments (reservation_id, in_date, value) VALUES (88,'2023-06-09',246.24)
INSERT INTO Payments (reservation_id, in_date, value) VALUES (88,'2023-10-14',257.0)
INSERT INTO Payments (reservation_id, in_date, value) VALUES (88,'2021-11-19',381.0)
INSERT INTO Conference_day_registration (reservation_id, Participant_id, is_student) VALUES (88,35,0)
INSERT INTO Conference_day_registration (reservation_id, Participant_id, is_student) VALUES (88,27,1)
INSERT INTO Conference_day_registration (reservation_id, Participant_id, is_student) VALUES (88,1,1)
INSERT INTO Conference_day_registration (reservation_id, Participant_id, is_student) VALUES (88,33,1)
INSERT INTO Conference_day_registration (reservation_id, Participant_id, is_student) VALUES (88,34,1)
INSERT INTO Conference_day_registration (reservation_id, Participant_id, is_student) VALUES (88,37,1)
INSERT INTO Conference_day_registration (reservation_id, Participant_id, is_student) VALUES (88,8,1)
INSERT INTO Conference_day_registration (reservation_id, Participant_id, is_student) VALUES (88,11,1)
INSERT INTO Conference_day_registration (reservation_id, Participant_id, is_student) VALUES (88,30,1)
INSERT INTO Conference_day_registration (reservation_id, Participant_id, is_student) VALUES (88,23,1)
INSERT INTO Conference_day_registration (reservation_id, Participant_id, is_student) VALUES (88,16,1)
INSERT INTO Conference_day_registration (reservation_id, Participant_id, is_student) VALUES (88,32,1)
INSERT INTO Conference_day_registration (reservation_id, Participant_id, is_student) VALUES (88,21,1)
INSERT INTO Conference_day_registration (reservation_id, Participant_id, is_student) VALUES (88,29,1)
INSERT INTO Conference_day_registration (reservation_id, Participant_id, is_student) VALUES (88,26,1)
INSERT INTO Conference_day_registration (reservation_id, Participant_id, is_student) VALUES (88,14,1)
INSERT INTO Conference_day_registration (reservation_id, Participant_id, is_student) VALUES (88,15,1)
INSERT INTO Conference_day_registration (reservation_id, Participant_id, is_student) VALUES (88,4,1)
INSERT INTO Conference_day_registration (reservation_id, Participant_id, is_student) VALUES (88,2,1)
INSERT INTO Conference_day_registration (reservation_id, Participant_id, is_student) VALUES (88,9,1)
INSERT INTO Conference_day_registration (reservation_id, Participant_id, is_student) VALUES (88,31,1)
INSERT INTO Conference_day_registration (reservation_id, Participant_id, is_student) VALUES (88,3,1)
INSERT INTO Conference_day_registration (reservation_id, Participant_id, is_student) VALUES (88,10,1)
INSERT INTO Conference_day_registration (reservation_id, Participant_id, is_student) VALUES (88,22,1)
INSERT INTO Conference_day_registration (reservation_id, Participant_id, is_student) VALUES (88,13,1)
INSERT INTO Conference_day_registration (reservation_id, Participant_id, is_student) VALUES (88,38,1)
INSERT INTO Conference_day_registration (reservation_id, Participant_id, is_student) VALUES (88,6,1)
INSERT INTO Conference_day_registration (reservation_id, Participant_id, is_student) VALUES (88,24,1)
INSERT INTO Conference_day_registration (reservation_id, Participant_id, is_student) VALUES (88,7,1)
INSERT INTO Conference_day_registration (reservation_id, Participant_id, is_student) VALUES (88,12,1)
SET IDENTITY_INSERT  Conference_day_reservations OFF
SET IDENTITY_INSERT Conference_days ON
INSERT INTO Conference_days (conference_day_id, conference_id, date, standard_price, student_discount) VALUES (16,5,'2024-12-15',555.46,0.3)
INSERT INTO Early_signup_discounts (conference_day_id, end_date, discount) VALUES (16,'2019-02-17','0.32')
INSERT INTO Early_signup_discounts (conference_day_id, end_date, discount) VALUES (16,'2020-08-06','0.27')
SET IDENTITY_INSERT Conference_days OFF
SET IDENTITY_INSERT  Workshops ON
INSERT INTO Workshops (workshop_id, conference_day_id, start_time, end_time, topic, price, number_of_seats) VALUES (55,16,'2024-12-15 11:53:00','2024-12-15 12:21:00','streamline vertical eyeballs','101.3','93')
SET IDENTITY_INSERT  Workshops OFF
SET IDENTITY_INSERT  Workshop_reservations ON
INSERT INTO Workshop_reservations (reservation_id, workshop_id, reservation_date, due_price, nr_of_seats) VALUES (255,55,2020-07-02,'2023-02-19',19)
INSERT INTO Workshop_registration (reservation_id, Participant_id) VALUES (255,12)
INSERT INTO Workshop_registration (reservation_id, Participant_id) VALUES (255,5)
INSERT INTO Workshop_registration (reservation_id, Participant_id) VALUES (255,38)
INSERT INTO Workshop_registration (reservation_id, Participant_id) VALUES (255,21)
INSERT INTO Workshop_registration (reservation_id, Participant_id) VALUES (255,15)
INSERT INTO Workshop_registration (reservation_id, Participant_id) VALUES (255,8)
INSERT INTO Workshop_registration (reservation_id, Participant_id) VALUES (255,27)
INSERT INTO Workshop_registration (reservation_id, Participant_id) VALUES (255,24)
INSERT INTO Workshop_registration (reservation_id, Participant_id) VALUES (255,32)
INSERT INTO Workshop_registration (reservation_id, Participant_id) VALUES (255,4)
INSERT INTO Workshop_registration (reservation_id, Participant_id) VALUES (255,10)
INSERT INTO Workshop_registration (reservation_id, Participant_id) VALUES (255,34)
INSERT INTO Workshop_registration (reservation_id, Participant_id) VALUES (255,16)
INSERT INTO Workshop_registration (reservation_id, Participant_id) VALUES (255,22)
INSERT INTO Workshop_registration (reservation_id, Participant_id) VALUES (255,25)
INSERT INTO Workshop_registration (reservation_id, Participant_id) VALUES (255,28)
INSERT INTO Workshop_registration (reservation_id, Participant_id) VALUES (255,2)
INSERT INTO Workshop_registration (reservation_id, Participant_id) VALUES (255,33)
INSERT INTO Workshop_registration (reservation_id, Participant_id) VALUES (255,26)
INSERT INTO Workshop_reservations (reservation_id, workshop_id, reservation_date, due_price, nr_of_seats) VALUES (256,55,2021-04-09,'2023-01-14',13)
INSERT INTO Workshop_registration (reservation_id, Participant_id) VALUES (256,38)
INSERT INTO Workshop_registration (reservation_id, Participant_id) VALUES (256,31)
INSERT INTO Workshop_registration (reservation_id, Participant_id) VALUES (256,20)
INSERT INTO Workshop_registration (reservation_id, Participant_id) VALUES (256,16)
INSERT INTO Workshop_registration (reservation_id, Participant_id) VALUES (256,8)
INSERT INTO Workshop_registration (reservation_id, Participant_id) VALUES (256,6)
INSERT INTO Workshop_registration (reservation_id, Participant_id) VALUES (256,17)
INSERT INTO Workshop_registration (reservation_id, Participant_id) VALUES (256,18)
INSERT INTO Workshop_registration (reservation_id, Participant_id) VALUES (256,36)
INSERT INTO Workshop_registration (reservation_id, Participant_id) VALUES (256,28)
INSERT INTO Workshop_registration (reservation_id, Participant_id) VALUES (256,5)
INSERT INTO Workshop_registration (reservation_id, Participant_id) VALUES (256,11)
INSERT INTO Workshop_registration (reservation_id, Participant_id) VALUES (256,14)
INSERT INTO Workshop_reservations (reservation_id, workshop_id, reservation_date, due_price, nr_of_seats) VALUES (257,55,2020-07-13,'2022-08-20',20)
INSERT INTO Workshop_registration (reservation_id, Participant_id) VALUES (257,9)
INSERT INTO Workshop_registration (reservation_id, Participant_id) VALUES (257,10)
INSERT INTO Workshop_registration (reservation_id, Participant_id) VALUES (257,14)
INSERT INTO Workshop_registration (reservation_id, Participant_id) VALUES (257,11)
INSERT INTO Workshop_registration (reservation_id, Participant_id) VALUES (257,17)
INSERT INTO Workshop_registration (reservation_id, Participant_id) VALUES (257,30)
INSERT INTO Workshop_registration (reservation_id, Participant_id) VALUES (257,12)
INSERT INTO Workshop_registration (reservation_id, Participant_id) VALUES (257,38)
INSERT INTO Workshop_registration (reservation_id, Participant_id) VALUES (257,7)
INSERT INTO Workshop_registration (reservation_id, Participant_id) VALUES (257,1)
INSERT INTO Workshop_registration (reservation_id, Participant_id) VALUES (257,35)
INSERT INTO Workshop_registration (reservation_id, Participant_id) VALUES (257,36)
INSERT INTO Workshop_registration (reservation_id, Participant_id) VALUES (257,6)
INSERT INTO Workshop_registration (reservation_id, Participant_id) VALUES (257,37)
INSERT INTO Workshop_registration (reservation_id, Participant_id) VALUES (257,29)
INSERT INTO Workshop_registration (reservation_id, Participant_id) VALUES (257,3)
INSERT INTO Workshop_registration (reservation_id, Participant_id) VALUES (257,4)
INSERT INTO Workshop_registration (reservation_id, Participant_id) VALUES (257,33)
INSERT INTO Workshop_registration (reservation_id, Participant_id) VALUES (257,15)
INSERT INTO Workshop_registration (reservation_id, Participant_id) VALUES (257,21)
INSERT INTO Workshop_reservations (reservation_id, workshop_id, reservation_date, due_price, nr_of_seats) VALUES (258,55,2021-03-09,'2022-07-26',32)
INSERT INTO Workshop_registration (reservation_id, Participant_id) VALUES (258,23)
INSERT INTO Workshop_registration (reservation_id, Participant_id) VALUES (258,22)
INSERT INTO Workshop_registration (reservation_id, Participant_id) VALUES (258,19)
INSERT INTO Workshop_registration (reservation_id, Participant_id) VALUES (258,2)
INSERT INTO Workshop_registration (reservation_id, Participant_id) VALUES (258,30)
INSERT INTO Workshop_registration (reservation_id, Participant_id) VALUES (258,8)
INSERT INTO Workshop_registration (reservation_id, Participant_id) VALUES (258,38)
INSERT INTO Workshop_registration (reservation_id, Participant_id) VALUES (258,24)
INSERT INTO Workshop_registration (reservation_id, Participant_id) VALUES (258,28)
INSERT INTO Workshop_registration (reservation_id, Participant_id) VALUES (258,5)
INSERT INTO Workshop_registration (reservation_id, Participant_id) VALUES (258,35)
INSERT INTO Workshop_registration (reservation_id, Participant_id) VALUES (258,34)
INSERT INTO Workshop_registration (reservation_id, Participant_id) VALUES (258,14)
INSERT INTO Workshop_registration (reservation_id, Participant_id) VALUES (258,31)
INSERT INTO Workshop_registration (reservation_id, Participant_id) VALUES (258,13)
INSERT INTO Workshop_registration (reservation_id, Participant_id) VALUES (258,36)
INSERT INTO Workshop_registration (reservation_id, Participant_id) VALUES (258,26)
INSERT INTO Workshop_registration (reservation_id, Participant_id) VALUES (258,18)
INSERT INTO Workshop_registration (reservation_id, Participant_id) VALUES (258,16)
INSERT INTO Workshop_registration (reservation_id, Participant_id) VALUES (258,4)
INSERT INTO Workshop_registration (reservation_id, Participant_id) VALUES (258,17)
INSERT INTO Workshop_registration (reservation_id, Participant_id) VALUES (258,37)
INSERT INTO Workshop_registration (reservation_id, Participant_id) VALUES (258,3)
INSERT INTO Workshop_registration (reservation_id, Participant_id) VALUES (258,21)
INSERT INTO Workshop_registration (reservation_id, Participant_id) VALUES (258,29)
INSERT INTO Workshop_registration (reservation_id, Participant_id) VALUES (258,32)
INSERT INTO Workshop_registration (reservation_id, Participant_id) VALUES (258,33)
INSERT INTO Workshop_registration (reservation_id, Participant_id) VALUES (258,6)
INSERT INTO Workshop_registration (reservation_id, Participant_id) VALUES (258,9)
INSERT INTO Workshop_registration (reservation_id, Participant_id) VALUES (258,27)
INSERT INTO Workshop_registration (reservation_id, Participant_id) VALUES (258,7)
INSERT INTO Workshop_registration (reservation_id, Participant_id) VALUES (258,11)
INSERT INTO Workshop_reservations (reservation_id, workshop_id, reservation_date, due_price, nr_of_seats) VALUES (259,55,2024-09-21,'2024-09-26',4)
INSERT INTO Workshop_registration (reservation_id, Participant_id) VALUES (259,12)
INSERT INTO Workshop_registration (reservation_id, Participant_id) VALUES (259,36)
INSERT INTO Workshop_registration (reservation_id, Participant_id) VALUES (259,6)
INSERT INTO Workshop_registration (reservation_id, Participant_id) VALUES (259,14)
INSERT INTO Workshop_reservations (reservation_id, workshop_id, reservation_date, due_price, nr_of_seats) VALUES (260,55,2024-07-19,'2024-09-17',11)
INSERT INTO Workshop_registration (reservation_id, Participant_id) VALUES (260,25)
INSERT INTO Workshop_registration (reservation_id, Participant_id) VALUES (260,18)
INSERT INTO Workshop_registration (reservation_id, Participant_id) VALUES (260,20)
INSERT INTO Workshop_registration (reservation_id, Participant_id) VALUES (260,17)
INSERT INTO Workshop_registration (reservation_id, Participant_id) VALUES (260,10)
INSERT INTO Workshop_registration (reservation_id, Participant_id) VALUES (260,11)
INSERT INTO Workshop_registration (reservation_id, Participant_id) VALUES (260,2)
INSERT INTO Workshop_registration (reservation_id, Participant_id) VALUES (260,30)
INSERT INTO Workshop_registration (reservation_id, Participant_id) VALUES (260,4)
INSERT INTO Workshop_registration (reservation_id, Participant_id) VALUES (260,31)
INSERT INTO Workshop_registration (reservation_id, Participant_id) VALUES (260,33)
INSERT INTO Workshop_reservations (reservation_id, workshop_id, reservation_date, due_price, nr_of_seats) VALUES (261,55,2021-08-04,'2024-03-31',0)
INSERT INTO Workshop_reservations (reservation_id, workshop_id, reservation_date, due_price, nr_of_seats) VALUES (262,55,2024-05-22,'2024-11-13',1)
INSERT INTO Workshop_registration (reservation_id, Participant_id) VALUES (262,20)
SET IDENTITY_INSERT  Workshop_reservations OFF
SET IDENTITY_INSERT  Conference_day_reservations ON
INSERT INTO Conference_day_reservations (reservation_id, conference_day_id, clients_id, reservation_date, active, due_price, adult_seats, student_seats) VALUES (89,16,1,'2023-05-01','0','2023-11-22','11','15')
INSERT INTO Payments (reservation_id, in_date, value) VALUES (89,'2023-07-21',89.15)
INSERT INTO Payments (reservation_id, in_date, value) VALUES (89,'2023-05-28',108.0)
INSERT INTO Payments (reservation_id, in_date, value) VALUES (89,'2023-09-16',214.0)
INSERT INTO Payments (reservation_id, in_date, value) VALUES (89,'2023-07-23',51.0)
INSERT INTO Payments (reservation_id, in_date, value) VALUES (89,'2023-06-15',109.0)
INSERT INTO Conference_day_registration (reservation_id, Participant_id, is_student) VALUES (89,24,0)
INSERT INTO Conference_day_registration (reservation_id, Participant_id, is_student) VALUES (89,2,0)
INSERT INTO Conference_day_registration (reservation_id, Participant_id, is_student) VALUES (89,15,0)
INSERT INTO Conference_day_registration (reservation_id, Participant_id, is_student) VALUES (89,23,0)
INSERT INTO Conference_day_registration (reservation_id, Participant_id, is_student) VALUES (89,14,0)
INSERT INTO Conference_day_registration (reservation_id, Participant_id, is_student) VALUES (89,36,0)
INSERT INTO Conference_day_registration (reservation_id, Participant_id, is_student) VALUES (89,8,0)
INSERT INTO Conference_day_registration (reservation_id, Participant_id, is_student) VALUES (89,12,0)
INSERT INTO Conference_day_registration (reservation_id, Participant_id, is_student) VALUES (89,31,0)
INSERT INTO Conference_day_registration (reservation_id, Participant_id, is_student) VALUES (89,20,0)
INSERT INTO Conference_day_registration (reservation_id, Participant_id, is_student) VALUES (89,10,0)
INSERT INTO Conference_day_registration (reservation_id, Participant_id, is_student) VALUES (89,3,1)
INSERT INTO Conference_day_registration (reservation_id, Participant_id, is_student) VALUES (89,25,1)
INSERT INTO Conference_day_registration (reservation_id, Participant_id, is_student) VALUES (89,7,1)
INSERT INTO Conference_day_registration (reservation_id, Participant_id, is_student) VALUES (89,19,1)
INSERT INTO Conference_day_registration (reservation_id, Participant_id, is_student) VALUES (89,6,1)
INSERT INTO Conference_day_registration (reservation_id, Participant_id, is_student) VALUES (89,17,1)
INSERT INTO Conference_day_registration (reservation_id, Participant_id, is_student) VALUES (89,30,1)
INSERT INTO Conference_day_registration (reservation_id, Participant_id, is_student) VALUES (89,22,1)
INSERT INTO Conference_day_registration (reservation_id, Participant_id, is_student) VALUES (89,18,1)
INSERT INTO Conference_day_registration (reservation_id, Participant_id, is_student) VALUES (89,9,1)
INSERT INTO Conference_day_registration (reservation_id, Participant_id, is_student) VALUES (89,16,1)
INSERT INTO Conference_day_registration (reservation_id, Participant_id, is_student) VALUES (89,38,1)
INSERT INTO Conference_day_registration (reservation_id, Participant_id, is_student) VALUES (89,4,1)
INSERT INTO Conference_day_registration (reservation_id, Participant_id, is_student) VALUES (89,28,1)
INSERT INTO Conference_day_registration (reservation_id, Participant_id, is_student) VALUES (89,29,1)
INSERT INTO Conference_day_reservations (reservation_id, conference_day_id, clients_id, reservation_date, active, due_price, adult_seats, student_seats) VALUES (90,16,1,'2020-06-12','1','2021-01-22','33','5')
INSERT INTO Payments (reservation_id, in_date, value) VALUES (90,'2020-12-24',148.28)
INSERT INTO Payments (reservation_id, in_date, value) VALUES (90,'2020-09-28',144.0)
INSERT INTO Payments (reservation_id, in_date, value) VALUES (90,'2020-06-16',102.0)
INSERT INTO Payments (reservation_id, in_date, value) VALUES (90,'2020-09-27',186.0)
INSERT INTO Conference_day_registration (reservation_id, Participant_id, is_student) VALUES (90,23,0)
INSERT INTO Conference_day_registration (reservation_id, Participant_id, is_student) VALUES (90,14,0)
INSERT INTO Conference_day_registration (reservation_id, Participant_id, is_student) VALUES (90,29,0)
INSERT INTO Conference_day_registration (reservation_id, Participant_id, is_student) VALUES (90,27,0)
INSERT INTO Conference_day_registration (reservation_id, Participant_id, is_student) VALUES (90,20,0)
INSERT INTO Conference_day_registration (reservation_id, Participant_id, is_student) VALUES (90,11,0)
INSERT INTO Conference_day_registration (reservation_id, Participant_id, is_student) VALUES (90,10,0)
INSERT INTO Conference_day_registration (reservation_id, Participant_id, is_student) VALUES (90,1,0)
INSERT INTO Conference_day_registration (reservation_id, Participant_id, is_student) VALUES (90,21,0)
INSERT INTO Conference_day_registration (reservation_id, Participant_id, is_student) VALUES (90,7,0)
INSERT INTO Conference_day_registration (reservation_id, Participant_id, is_student) VALUES (90,9,0)
INSERT INTO Conference_day_registration (reservation_id, Participant_id, is_student) VALUES (90,17,0)
INSERT INTO Conference_day_registration (reservation_id, Participant_id, is_student) VALUES (90,25,0)
INSERT INTO Conference_day_registration (reservation_id, Participant_id, is_student) VALUES (90,18,0)
INSERT INTO Conference_day_registration (reservation_id, Participant_id, is_student) VALUES (90,30,0)
INSERT INTO Conference_day_registration (reservation_id, Participant_id, is_student) VALUES (90,36,0)
INSERT INTO Conference_day_registration (reservation_id, Participant_id, is_student) VALUES (90,32,0)
INSERT INTO Conference_day_registration (reservation_id, Participant_id, is_student) VALUES (90,16,0)
INSERT INTO Conference_day_registration (reservation_id, Participant_id, is_student) VALUES (90,3,0)
INSERT INTO Conference_day_registration (reservation_id, Participant_id, is_student) VALUES (90,24,0)
INSERT INTO Conference_day_registration (reservation_id, Participant_id, is_student) VALUES (90,6,0)
INSERT INTO Conference_day_registration (reservation_id, Participant_id, is_student) VALUES (90,8,0)
INSERT INTO Conference_day_registration (reservation_id, Participant_id, is_student) VALUES (90,2,0)
INSERT INTO Conference_day_registration (reservation_id, Participant_id, is_student) VALUES (90,4,0)
INSERT INTO Conference_day_registration (reservation_id, Participant_id, is_student) VALUES (90,37,0)
INSERT INTO Conference_day_registration (reservation_id, Participant_id, is_student) VALUES (90,31,0)
INSERT INTO Conference_day_registration (reservation_id, Participant_id, is_student) VALUES (90,38,0)
INSERT INTO Conference_day_registration (reservation_id, Participant_id, is_student) VALUES (90,35,0)
INSERT INTO Conference_day_registration (reservation_id, Participant_id, is_student) VALUES (90,12,0)
INSERT INTO Conference_day_registration (reservation_id, Participant_id, is_student) VALUES (90,34,0)
INSERT INTO Conference_day_registration (reservation_id, Participant_id, is_student) VALUES (90,19,0)
INSERT INTO Conference_day_registration (reservation_id, Participant_id, is_student) VALUES (90,22,0)
INSERT INTO Conference_day_registration (reservation_id, Participant_id, is_student) VALUES (90,5,0)
INSERT INTO Conference_day_registration (reservation_id, Participant_id, is_student) VALUES (90,26,1)
INSERT INTO Conference_day_registration (reservation_id, Participant_id, is_student) VALUES (90,15,1)
INSERT INTO Conference_day_registration (reservation_id, Participant_id, is_student) VALUES (90,28,1)
INSERT INTO Conference_day_registration (reservation_id, Participant_id, is_student) VALUES (90,13,1)
INSERT INTO Conference_day_registration (reservation_id, Participant_id, is_student) VALUES (90,33,1)
SET IDENTITY_INSERT  Conference_day_reservations OFF
SET IDENTITY_INSERT Conference_days ON
INSERT INTO Conference_days (conference_day_id, conference_id, date, standard_price, student_discount) VALUES (17,5,'2024-12-16',493.69,0.23)
INSERT INTO Early_signup_discounts (conference_day_id, end_date, discount) VALUES (17,'2020-03-03','0.1')
INSERT INTO Early_signup_discounts (conference_day_id, end_date, discount) VALUES (17,'2023-11-26','0.36')
SET IDENTITY_INSERT Conference_days OFF
SET IDENTITY_INSERT  Workshops ON
INSERT INTO Workshops (workshop_id, conference_day_id, start_time, end_time, topic, price, number_of_seats) VALUES (56,17,'2024-12-16 05:45:00','2024-12-16 13:54:00','re-intermediate next-generation mindshare','423.66','37')
SET IDENTITY_INSERT  Workshops OFF
SET IDENTITY_INSERT  Workshop_reservations ON
INSERT INTO Workshop_reservations (reservation_id, workshop_id, reservation_date, due_price, nr_of_seats) VALUES (263,56,2021-02-06,'2024-12-06',19)
INSERT INTO Workshop_registration (reservation_id, Participant_id) VALUES (263,28)
INSERT INTO Workshop_registration (reservation_id, Participant_id) VALUES (263,36)
INSERT INTO Workshop_registration (reservation_id, Participant_id) VALUES (263,23)
INSERT INTO Workshop_registration (reservation_id, Participant_id) VALUES (263,22)
INSERT INTO Workshop_registration (reservation_id, Participant_id) VALUES (263,20)
INSERT INTO Workshop_registration (reservation_id, Participant_id) VALUES (263,19)
INSERT INTO Workshop_registration (reservation_id, Participant_id) VALUES (263,3)
INSERT INTO Workshop_registration (reservation_id, Participant_id) VALUES (263,38)
INSERT INTO Workshop_registration (reservation_id, Participant_id) VALUES (263,14)
INSERT INTO Workshop_registration (reservation_id, Participant_id) VALUES (263,4)
INSERT INTO Workshop_registration (reservation_id, Participant_id) VALUES (263,32)
INSERT INTO Workshop_registration (reservation_id, Participant_id) VALUES (263,6)
INSERT INTO Workshop_registration (reservation_id, Participant_id) VALUES (263,13)
INSERT INTO Workshop_registration (reservation_id, Participant_id) VALUES (263,35)
INSERT INTO Workshop_registration (reservation_id, Participant_id) VALUES (263,1)
INSERT INTO Workshop_registration (reservation_id, Participant_id) VALUES (263,31)
INSERT INTO Workshop_registration (reservation_id, Participant_id) VALUES (263,16)
INSERT INTO Workshop_registration (reservation_id, Participant_id) VALUES (263,17)
INSERT INTO Workshop_registration (reservation_id, Participant_id) VALUES (263,12)
INSERT INTO Workshop_reservations (reservation_id, workshop_id, reservation_date, due_price, nr_of_seats) VALUES (264,56,2020-02-29,'2024-05-27',34)
INSERT INTO Workshop_registration (reservation_id, Participant_id) VALUES (264,1)
INSERT INTO Workshop_registration (reservation_id, Participant_id) VALUES (264,28)
INSERT INTO Workshop_registration (reservation_id, Participant_id) VALUES (264,37)
INSERT INTO Workshop_registration (reservation_id, Participant_id) VALUES (264,27)
INSERT INTO Workshop_registration (reservation_id, Participant_id) VALUES (264,29)
INSERT INTO Workshop_registration (reservation_id, Participant_id) VALUES (264,11)
INSERT INTO Workshop_registration (reservation_id, Participant_id) VALUES (264,5)
INSERT INTO Workshop_registration (reservation_id, Participant_id) VALUES (264,20)
INSERT INTO Workshop_registration (reservation_id, Participant_id) VALUES (264,15)
INSERT INTO Workshop_registration (reservation_id, Participant_id) VALUES (264,24)
INSERT INTO Workshop_registration (reservation_id, Participant_id) VALUES (264,3)
INSERT INTO Workshop_registration (reservation_id, Participant_id) VALUES (264,9)
INSERT INTO Workshop_registration (reservation_id, Participant_id) VALUES (264,12)
INSERT INTO Workshop_registration (reservation_id, Participant_id) VALUES (264,36)
INSERT INTO Workshop_registration (reservation_id, Participant_id) VALUES (264,34)
INSERT INTO Workshop_registration (reservation_id, Participant_id) VALUES (264,6)
INSERT INTO Workshop_registration (reservation_id, Participant_id) VALUES (264,17)
INSERT INTO Workshop_registration (reservation_id, Participant_id) VALUES (264,8)
INSERT INTO Workshop_registration (reservation_id, Participant_id) VALUES (264,22)
INSERT INTO Workshop_registration (reservation_id, Participant_id) VALUES (264,33)
INSERT INTO Workshop_registration (reservation_id, Participant_id) VALUES (264,10)
INSERT INTO Workshop_registration (reservation_id, Participant_id) VALUES (264,2)
INSERT INTO Workshop_registration (reservation_id, Participant_id) VALUES (264,30)
INSERT INTO Workshop_registration (reservation_id, Participant_id) VALUES (264,38)
INSERT INTO Workshop_registration (reservation_id, Participant_id) VALUES (264,26)
INSERT INTO Workshop_registration (reservation_id, Participant_id) VALUES (264,23)
INSERT INTO Workshop_registration (reservation_id, Participant_id) VALUES (264,25)
INSERT INTO Workshop_registration (reservation_id, Participant_id) VALUES (264,16)
INSERT INTO Workshop_registration (reservation_id, Participant_id) VALUES (264,31)
INSERT INTO Workshop_registration (reservation_id, Participant_id) VALUES (264,19)
INSERT INTO Workshop_registration (reservation_id, Participant_id) VALUES (264,13)
INSERT INTO Workshop_registration (reservation_id, Participant_id) VALUES (264,7)
INSERT INTO Workshop_registration (reservation_id, Participant_id) VALUES (264,4)
INSERT INTO Workshop_registration (reservation_id, Participant_id) VALUES (264,32)
INSERT INTO Workshop_reservations (reservation_id, workshop_id, reservation_date, due_price, nr_of_seats) VALUES (265,56,2020-12-11,'2024-02-13',3)
INSERT INTO Workshop_registration (reservation_id, Participant_id) VALUES (265,25)
INSERT INTO Workshop_registration (reservation_id, Participant_id) VALUES (265,7)
INSERT INTO Workshop_registration (reservation_id, Participant_id) VALUES (265,5)
INSERT INTO Workshop_reservations (reservation_id, workshop_id, reservation_date, due_price, nr_of_seats) VALUES (266,56,2022-03-05,'2023-09-28',10)
INSERT INTO Workshop_registration (reservation_id, Participant_id) VALUES (266,29)
INSERT INTO Workshop_registration (reservation_id, Participant_id) VALUES (266,2)
INSERT INTO Workshop_registration (reservation_id, Participant_id) VALUES (266,23)
INSERT INTO Workshop_registration (reservation_id, Participant_id) VALUES (266,31)
INSERT INTO Workshop_registration (reservation_id, Participant_id) VALUES (266,9)
INSERT INTO Workshop_registration (reservation_id, Participant_id) VALUES (266,25)
INSERT INTO Workshop_registration (reservation_id, Participant_id) VALUES (266,8)
INSERT INTO Workshop_registration (reservation_id, Participant_id) VALUES (266,3)
INSERT INTO Workshop_registration (reservation_id, Participant_id) VALUES (266,37)
INSERT INTO Workshop_registration (reservation_id, Participant_id) VALUES (266,22)
SET IDENTITY_INSERT  Workshop_reservations OFF
SET IDENTITY_INSERT  Workshops ON
INSERT INTO Workshops (workshop_id, conference_day_id, start_time, end_time, topic, price, number_of_seats) VALUES (57,17,'2024-12-16 06:17:00','2024-12-16 16:08:00','benchmark user-centric solutions','758.04','32')
SET IDENTITY_INSERT  Workshops OFF
SET IDENTITY_INSERT  Workshop_reservations ON
INSERT INTO Workshop_reservations (reservation_id, workshop_id, reservation_date, due_price, nr_of_seats) VALUES (267,57,2024-09-13,'2024-12-13',38)
INSERT INTO Workshop_registration (reservation_id, Participant_id) VALUES (267,23)
INSERT INTO Workshop_registration (reservation_id, Participant_id) VALUES (267,4)
INSERT INTO Workshop_registration (reservation_id, Participant_id) VALUES (267,17)
INSERT INTO Workshop_registration (reservation_id, Participant_id) VALUES (267,16)
INSERT INTO Workshop_registration (reservation_id, Participant_id) VALUES (267,30)
INSERT INTO Workshop_registration (reservation_id, Participant_id) VALUES (267,24)
INSERT INTO Workshop_registration (reservation_id, Participant_id) VALUES (267,9)
INSERT INTO Workshop_registration (reservation_id, Participant_id) VALUES (267,31)
INSERT INTO Workshop_registration (reservation_id, Participant_id) VALUES (267,15)
INSERT INTO Workshop_registration (reservation_id, Participant_id) VALUES (267,10)
INSERT INTO Workshop_registration (reservation_id, Participant_id) VALUES (267,6)
INSERT INTO Workshop_registration (reservation_id, Participant_id) VALUES (267,22)
INSERT INTO Workshop_registration (reservation_id, Participant_id) VALUES (267,37)
INSERT INTO Workshop_registration (reservation_id, Participant_id) VALUES (267,5)
INSERT INTO Workshop_registration (reservation_id, Participant_id) VALUES (267,21)
INSERT INTO Workshop_registration (reservation_id, Participant_id) VALUES (267,26)
INSERT INTO Workshop_registration (reservation_id, Participant_id) VALUES (267,32)
INSERT INTO Workshop_registration (reservation_id, Participant_id) VALUES (267,38)
INSERT INTO Workshop_registration (reservation_id, Participant_id) VALUES (267,25)
INSERT INTO Workshop_registration (reservation_id, Participant_id) VALUES (267,3)
INSERT INTO Workshop_registration (reservation_id, Participant_id) VALUES (267,11)
INSERT INTO Workshop_registration (reservation_id, Participant_id) VALUES (267,28)
INSERT INTO Workshop_registration (reservation_id, Participant_id) VALUES (267,20)
INSERT INTO Workshop_registration (reservation_id, Participant_id) VALUES (267,14)
INSERT INTO Workshop_registration (reservation_id, Participant_id) VALUES (267,1)
INSERT INTO Workshop_registration (reservation_id, Participant_id) VALUES (267,34)
INSERT INTO Workshop_registration (reservation_id, Participant_id) VALUES (267,19)
INSERT INTO Workshop_registration (reservation_id, Participant_id) VALUES (267,29)
INSERT INTO Workshop_registration (reservation_id, Participant_id) VALUES (267,7)
INSERT INTO Workshop_registration (reservation_id, Participant_id) VALUES (267,12)
INSERT INTO Workshop_registration (reservation_id, Participant_id) VALUES (267,18)
INSERT INTO Workshop_registration (reservation_id, Participant_id) VALUES (267,36)
INSERT INTO Workshop_registration (reservation_id, Participant_id) VALUES (267,35)
INSERT INTO Workshop_registration (reservation_id, Participant_id) VALUES (267,13)
INSERT INTO Workshop_registration (reservation_id, Participant_id) VALUES (267,2)
INSERT INTO Workshop_registration (reservation_id, Participant_id) VALUES (267,27)
INSERT INTO Workshop_registration (reservation_id, Participant_id) VALUES (267,8)
INSERT INTO Workshop_registration (reservation_id, Participant_id) VALUES (267,33)
INSERT INTO Workshop_reservations (reservation_id, workshop_id, reservation_date, due_price, nr_of_seats) VALUES (268,57,2021-10-03,'2024-12-02',37)
INSERT INTO Workshop_registration (reservation_id, Participant_id) VALUES (268,24)
INSERT INTO Workshop_registration (reservation_id, Participant_id) VALUES (268,37)
INSERT INTO Workshop_registration (reservation_id, Participant_id) VALUES (268,13)
INSERT INTO Workshop_registration (reservation_id, Participant_id) VALUES (268,28)
INSERT INTO Workshop_registration (reservation_id, Participant_id) VALUES (268,18)
INSERT INTO Workshop_registration (reservation_id, Participant_id) VALUES (268,3)
INSERT INTO Workshop_registration (reservation_id, Participant_id) VALUES (268,2)
INSERT INTO Workshop_registration (reservation_id, Participant_id) VALUES (268,29)
INSERT INTO Workshop_registration (reservation_id, Participant_id) VALUES (268,30)
INSERT INTO Workshop_registration (reservation_id, Participant_id) VALUES (268,32)
INSERT INTO Workshop_registration (reservation_id, Participant_id) VALUES (268,25)
INSERT INTO Workshop_registration (reservation_id, Participant_id) VALUES (268,26)
INSERT INTO Workshop_registration (reservation_id, Participant_id) VALUES (268,9)
INSERT INTO Workshop_registration (reservation_id, Participant_id) VALUES (268,34)
INSERT INTO Workshop_registration (reservation_id, Participant_id) VALUES (268,19)
INSERT INTO Workshop_registration (reservation_id, Participant_id) VALUES (268,15)
INSERT INTO Workshop_registration (reservation_id, Participant_id) VALUES (268,22)
INSERT INTO Workshop_registration (reservation_id, Participant_id) VALUES (268,8)
INSERT INTO Workshop_registration (reservation_id, Participant_id) VALUES (268,33)
INSERT INTO Workshop_registration (reservation_id, Participant_id) VALUES (268,21)
INSERT INTO Workshop_registration (reservation_id, Participant_id) VALUES (268,38)
INSERT INTO Workshop_registration (reservation_id, Participant_id) VALUES (268,14)
INSERT INTO Workshop_registration (reservation_id, Participant_id) VALUES (268,23)
INSERT INTO Workshop_registration (reservation_id, Participant_id) VALUES (268,7)
INSERT INTO Workshop_registration (reservation_id, Participant_id) VALUES (268,10)
INSERT INTO Workshop_registration (reservation_id, Participant_id) VALUES (268,17)
INSERT INTO Workshop_registration (reservation_id, Participant_id) VALUES (268,4)
INSERT INTO Workshop_registration (reservation_id, Participant_id) VALUES (268,31)
INSERT INTO Workshop_registration (reservation_id, Participant_id) VALUES (268,27)
INSERT INTO Workshop_registration (reservation_id, Participant_id) VALUES (268,6)
INSERT INTO Workshop_registration (reservation_id, Participant_id) VALUES (268,36)
INSERT INTO Workshop_registration (reservation_id, Participant_id) VALUES (268,1)
INSERT INTO Workshop_registration (reservation_id, Participant_id) VALUES (268,35)
INSERT INTO Workshop_registration (reservation_id, Participant_id) VALUES (268,12)
INSERT INTO Workshop_registration (reservation_id, Participant_id) VALUES (268,5)
INSERT INTO Workshop_registration (reservation_id, Participant_id) VALUES (268,20)
INSERT INTO Workshop_registration (reservation_id, Participant_id) VALUES (268,11)
INSERT INTO Workshop_reservations (reservation_id, workshop_id, reservation_date, due_price, nr_of_seats) VALUES (269,57,2020-06-17,'2023-07-11',33)
INSERT INTO Workshop_registration (reservation_id, Participant_id) VALUES (269,35)
INSERT INTO Workshop_registration (reservation_id, Participant_id) VALUES (269,10)
INSERT INTO Workshop_registration (reservation_id, Participant_id) VALUES (269,26)
INSERT INTO Workshop_registration (reservation_id, Participant_id) VALUES (269,28)
INSERT INTO Workshop_registration (reservation_id, Participant_id) VALUES (269,20)
INSERT INTO Workshop_registration (reservation_id, Participant_id) VALUES (269,7)
INSERT INTO Workshop_registration (reservation_id, Participant_id) VALUES (269,29)
INSERT INTO Workshop_registration (reservation_id, Participant_id) VALUES (269,27)
INSERT INTO Workshop_registration (reservation_id, Participant_id) VALUES (269,23)
INSERT INTO Workshop_registration (reservation_id, Participant_id) VALUES (269,4)
INSERT INTO Workshop_registration (reservation_id, Participant_id) VALUES (269,31)
INSERT INTO Workshop_registration (reservation_id, Participant_id) VALUES (269,36)
INSERT INTO Workshop_registration (reservation_id, Participant_id) VALUES (269,8)
INSERT INTO Workshop_registration (reservation_id, Participant_id) VALUES (269,2)
INSERT INTO Workshop_registration (reservation_id, Participant_id) VALUES (269,9)
INSERT INTO Workshop_registration (reservation_id, Participant_id) VALUES (269,38)
INSERT INTO Workshop_registration (reservation_id, Participant_id) VALUES (269,5)
INSERT INTO Workshop_registration (reservation_id, Participant_id) VALUES (269,34)
INSERT INTO Workshop_registration (reservation_id, Participant_id) VALUES (269,17)
INSERT INTO Workshop_registration (reservation_id, Participant_id) VALUES (269,12)
INSERT INTO Workshop_registration (reservation_id, Participant_id) VALUES (269,15)
INSERT INTO Workshop_registration (reservation_id, Participant_id) VALUES (269,16)
INSERT INTO Workshop_registration (reservation_id, Participant_id) VALUES (269,11)
INSERT INTO Workshop_registration (reservation_id, Participant_id) VALUES (269,21)
INSERT INTO Workshop_registration (reservation_id, Participant_id) VALUES (269,24)
INSERT INTO Workshop_registration (reservation_id, Participant_id) VALUES (269,6)
INSERT INTO Workshop_registration (reservation_id, Participant_id) VALUES (269,14)
INSERT INTO Workshop_registration (reservation_id, Participant_id) VALUES (269,3)
INSERT INTO Workshop_registration (reservation_id, Participant_id) VALUES (269,13)
INSERT INTO Workshop_registration (reservation_id, Participant_id) VALUES (269,18)
INSERT INTO Workshop_registration (reservation_id, Participant_id) VALUES (269,30)
INSERT INTO Workshop_registration (reservation_id, Participant_id) VALUES (269,25)
INSERT INTO Workshop_registration (reservation_id, Participant_id) VALUES (269,22)
SET IDENTITY_INSERT  Workshop_reservations OFF
SET IDENTITY_INSERT  Conference_day_reservations ON
INSERT INTO Conference_day_reservations (reservation_id, conference_day_id, clients_id, reservation_date, active, due_price, adult_seats, student_seats) VALUES (91,17,7,'2024-02-17','0','2024-07-17','30','0')
INSERT INTO Payments (reservation_id, in_date, value) VALUES (91,'2024-07-09',84.89)
INSERT INTO Payments (reservation_id, in_date, value) VALUES (91,'2024-05-02',159.0)
INSERT INTO Payments (reservation_id, in_date, value) VALUES (91,'2024-04-25',197.0)
INSERT INTO Payments (reservation_id, in_date, value) VALUES (91,'2024-05-17',72.0)
INSERT INTO Conference_day_registration (reservation_id, Participant_id, is_student) VALUES (91,27,0)
INSERT INTO Conference_day_registration (reservation_id, Participant_id, is_student) VALUES (91,17,0)
INSERT INTO Conference_day_registration (reservation_id, Participant_id, is_student) VALUES (91,1,0)
INSERT INTO Conference_day_registration (reservation_id, Participant_id, is_student) VALUES (91,4,0)
INSERT INTO Conference_day_registration (reservation_id, Participant_id, is_student) VALUES (91,9,0)
INSERT INTO Conference_day_registration (reservation_id, Participant_id, is_student) VALUES (91,7,0)
INSERT INTO Conference_day_registration (reservation_id, Participant_id, is_student) VALUES (91,8,0)
INSERT INTO Conference_day_registration (reservation_id, Participant_id, is_student) VALUES (91,29,0)
INSERT INTO Conference_day_registration (reservation_id, Participant_id, is_student) VALUES (91,24,0)
INSERT INTO Conference_day_registration (reservation_id, Participant_id, is_student) VALUES (91,30,0)
INSERT INTO Conference_day_registration (reservation_id, Participant_id, is_student) VALUES (91,13,0)
INSERT INTO Conference_day_registration (reservation_id, Participant_id, is_student) VALUES (91,32,0)
INSERT INTO Conference_day_registration (reservation_id, Participant_id, is_student) VALUES (91,3,0)
INSERT INTO Conference_day_registration (reservation_id, Participant_id, is_student) VALUES (91,10,0)
INSERT INTO Conference_day_registration (reservation_id, Participant_id, is_student) VALUES (91,37,0)
INSERT INTO Conference_day_registration (reservation_id, Participant_id, is_student) VALUES (91,15,0)
INSERT INTO Conference_day_registration (reservation_id, Participant_id, is_student) VALUES (91,26,0)
INSERT INTO Conference_day_registration (reservation_id, Participant_id, is_student) VALUES (91,5,0)
INSERT INTO Conference_day_registration (reservation_id, Participant_id, is_student) VALUES (91,36,0)
INSERT INTO Conference_day_registration (reservation_id, Participant_id, is_student) VALUES (91,20,0)
INSERT INTO Conference_day_registration (reservation_id, Participant_id, is_student) VALUES (91,21,0)
INSERT INTO Conference_day_registration (reservation_id, Participant_id, is_student) VALUES (91,18,0)
INSERT INTO Conference_day_registration (reservation_id, Participant_id, is_student) VALUES (91,33,0)
INSERT INTO Conference_day_registration (reservation_id, Participant_id, is_student) VALUES (91,6,0)
INSERT INTO Conference_day_registration (reservation_id, Participant_id, is_student) VALUES (91,28,0)
INSERT INTO Conference_day_registration (reservation_id, Participant_id, is_student) VALUES (91,31,0)
INSERT INTO Conference_day_registration (reservation_id, Participant_id, is_student) VALUES (91,22,0)
INSERT INTO Conference_day_registration (reservation_id, Participant_id, is_student) VALUES (91,34,0)
INSERT INTO Conference_day_registration (reservation_id, Participant_id, is_student) VALUES (91,23,0)
INSERT INTO Conference_day_registration (reservation_id, Participant_id, is_student) VALUES (91,14,0)
INSERT INTO Conference_day_reservations (reservation_id, conference_day_id, clients_id, reservation_date, active, due_price, adult_seats, student_seats) VALUES (92,17,3,'2020-03-19','1','2020-12-08','19','1')
INSERT INTO Payments (reservation_id, in_date, value) VALUES (92,'2020-09-30',125.48)
INSERT INTO Payments (reservation_id, in_date, value) VALUES (92,'2020-06-28',54.0)
INSERT INTO Payments (reservation_id, in_date, value) VALUES (92,'2020-04-01',149.0)
INSERT INTO Payments (reservation_id, in_date, value) VALUES (92,'2020-06-07',136.0)
INSERT INTO Payments (reservation_id, in_date, value) VALUES (92,'2020-09-22',47.0)
INSERT INTO Conference_day_registration (reservation_id, Participant_id, is_student) VALUES (92,20,0)
INSERT INTO Conference_day_registration (reservation_id, Participant_id, is_student) VALUES (92,23,0)
INSERT INTO Conference_day_registration (reservation_id, Participant_id, is_student) VALUES (92,29,0)
INSERT INTO Conference_day_registration (reservation_id, Participant_id, is_student) VALUES (92,19,0)
INSERT INTO Conference_day_registration (reservation_id, Participant_id, is_student) VALUES (92,27,0)
INSERT INTO Conference_day_registration (reservation_id, Participant_id, is_student) VALUES (92,12,0)
INSERT INTO Conference_day_registration (reservation_id, Participant_id, is_student) VALUES (92,7,0)
INSERT INTO Conference_day_registration (reservation_id, Participant_id, is_student) VALUES (92,28,0)
INSERT INTO Conference_day_registration (reservation_id, Participant_id, is_student) VALUES (92,8,0)
INSERT INTO Conference_day_registration (reservation_id, Participant_id, is_student) VALUES (92,22,0)
INSERT INTO Conference_day_registration (reservation_id, Participant_id, is_student) VALUES (92,37,0)
INSERT INTO Conference_day_registration (reservation_id, Participant_id, is_student) VALUES (92,4,0)
INSERT INTO Conference_day_registration (reservation_id, Participant_id, is_student) VALUES (92,30,0)
INSERT INTO Conference_day_registration (reservation_id, Participant_id, is_student) VALUES (92,32,0)
INSERT INTO Conference_day_registration (reservation_id, Participant_id, is_student) VALUES (92,6,0)
INSERT INTO Conference_day_registration (reservation_id, Participant_id, is_student) VALUES (92,2,0)
INSERT INTO Conference_day_registration (reservation_id, Participant_id, is_student) VALUES (92,35,0)
INSERT INTO Conference_day_registration (reservation_id, Participant_id, is_student) VALUES (92,16,0)
INSERT INTO Conference_day_registration (reservation_id, Participant_id, is_student) VALUES (92,33,0)
INSERT INTO Conference_day_registration (reservation_id, Participant_id, is_student) VALUES (92,25,1)
INSERT INTO Conference_day_reservations (reservation_id, conference_day_id, clients_id, reservation_date, active, due_price, adult_seats, student_seats) VALUES (93,17,8,'2021-02-15','1','2022-06-20','32','4')
INSERT INTO Payments (reservation_id, in_date, value) VALUES (93,'2022-03-28',77.26)
INSERT INTO Payments (reservation_id, in_date, value) VALUES (93,'2021-07-01',176.0)
INSERT INTO Payments (reservation_id, in_date, value) VALUES (93,'2021-08-28',72.0)
INSERT INTO Payments (reservation_id, in_date, value) VALUES (93,'2022-05-18',68.0)
INSERT INTO Payments (reservation_id, in_date, value) VALUES (93,'2022-01-25',132.0)
INSERT INTO Conference_day_registration (reservation_id, Participant_id, is_student) VALUES (93,6,0)
INSERT INTO Conference_day_registration (reservation_id, Participant_id, is_student) VALUES (93,8,0)
INSERT INTO Conference_day_registration (reservation_id, Participant_id, is_student) VALUES (93,25,0)
INSERT INTO Conference_day_registration (reservation_id, Participant_id, is_student) VALUES (93,10,0)
INSERT INTO Conference_day_registration (reservation_id, Participant_id, is_student) VALUES (93,18,0)
INSERT INTO Conference_day_registration (reservation_id, Participant_id, is_student) VALUES (93,27,0)
INSERT INTO Conference_day_registration (reservation_id, Participant_id, is_student) VALUES (93,28,0)
INSERT INTO Conference_day_registration (reservation_id, Participant_id, is_student) VALUES (93,29,0)
INSERT INTO Conference_day_registration (reservation_id, Participant_id, is_student) VALUES (93,34,0)
INSERT INTO Conference_day_registration (reservation_id, Participant_id, is_student) VALUES (93,32,0)
INSERT INTO Conference_day_registration (reservation_id, Participant_id, is_student) VALUES (93,20,0)
INSERT INTO Conference_day_registration (reservation_id, Participant_id, is_student) VALUES (93,11,0)
INSERT INTO Conference_day_registration (reservation_id, Participant_id, is_student) VALUES (93,1,0)
INSERT INTO Conference_day_registration (reservation_id, Participant_id, is_student) VALUES (93,4,0)
INSERT INTO Conference_day_registration (reservation_id, Participant_id, is_student) VALUES (93,2,0)
INSERT INTO Conference_day_registration (reservation_id, Participant_id, is_student) VALUES (93,31,0)
INSERT INTO Conference_day_registration (reservation_id, Participant_id, is_student) VALUES (93,9,0)
INSERT INTO Conference_day_registration (reservation_id, Participant_id, is_student) VALUES (93,33,0)
INSERT INTO Conference_day_registration (reservation_id, Participant_id, is_student) VALUES (93,14,0)
INSERT INTO Conference_day_registration (reservation_id, Participant_id, is_student) VALUES (93,24,0)
INSERT INTO Conference_day_registration (reservation_id, Participant_id, is_student) VALUES (93,15,0)
INSERT INTO Conference_day_registration (reservation_id, Participant_id, is_student) VALUES (93,36,0)
INSERT INTO Conference_day_registration (reservation_id, Participant_id, is_student) VALUES (93,19,0)
INSERT INTO Conference_day_registration (reservation_id, Participant_id, is_student) VALUES (93,22,0)
INSERT INTO Conference_day_registration (reservation_id, Participant_id, is_student) VALUES (93,38,0)
INSERT INTO Conference_day_registration (reservation_id, Participant_id, is_student) VALUES (93,7,0)
INSERT INTO Conference_day_registration (reservation_id, Participant_id, is_student) VALUES (93,30,0)
INSERT INTO Conference_day_registration (reservation_id, Participant_id, is_student) VALUES (93,16,0)
INSERT INTO Conference_day_registration (reservation_id, Participant_id, is_student) VALUES (93,13,0)
INSERT INTO Conference_day_registration (reservation_id, Participant_id, is_student) VALUES (93,26,0)
INSERT INTO Conference_day_registration (reservation_id, Participant_id, is_student) VALUES (93,17,0)
INSERT INTO Conference_day_registration (reservation_id, Participant_id, is_student) VALUES (93,3,0)
INSERT INTO Conference_day_registration (reservation_id, Participant_id, is_student) VALUES (93,12,1)
INSERT INTO Conference_day_registration (reservation_id, Participant_id, is_student) VALUES (93,21,1)
INSERT INTO Conference_day_registration (reservation_id, Participant_id, is_student) VALUES (93,37,1)
INSERT INTO Conference_day_registration (reservation_id, Participant_id, is_student) VALUES (93,5,1)
INSERT INTO Conference_day_reservations (reservation_id, conference_day_id, clients_id, reservation_date, active, due_price, adult_seats, student_seats) VALUES (94,17,3,'2023-09-30','0','2024-11-10','14','0')
INSERT INTO Payments (reservation_id, in_date, value) VALUES (94,'2023-12-26',140.29)
INSERT INTO Payments (reservation_id, in_date, value) VALUES (94,'2024-08-14',123.0)
INSERT INTO Payments (reservation_id, in_date, value) VALUES (94,'2024-04-12',28.0)
INSERT INTO Payments (reservation_id, in_date, value) VALUES (94,'2024-02-08',88.0)
INSERT INTO Payments (reservation_id, in_date, value) VALUES (94,'2024-09-19',127.0)
INSERT INTO Conference_day_registration (reservation_id, Participant_id, is_student) VALUES (94,23,0)
INSERT INTO Conference_day_registration (reservation_id, Participant_id, is_student) VALUES (94,34,0)
INSERT INTO Conference_day_registration (reservation_id, Participant_id, is_student) VALUES (94,5,0)
INSERT INTO Conference_day_registration (reservation_id, Participant_id, is_student) VALUES (94,2,0)
INSERT INTO Conference_day_registration (reservation_id, Participant_id, is_student) VALUES (94,19,0)
INSERT INTO Conference_day_registration (reservation_id, Participant_id, is_student) VALUES (94,24,0)
INSERT INTO Conference_day_registration (reservation_id, Participant_id, is_student) VALUES (94,36,0)
INSERT INTO Conference_day_registration (reservation_id, Participant_id, is_student) VALUES (94,35,0)
INSERT INTO Conference_day_registration (reservation_id, Participant_id, is_student) VALUES (94,1,0)
INSERT INTO Conference_day_registration (reservation_id, Participant_id, is_student) VALUES (94,15,0)
INSERT INTO Conference_day_registration (reservation_id, Participant_id, is_student) VALUES (94,4,0)
INSERT INTO Conference_day_registration (reservation_id, Participant_id, is_student) VALUES (94,29,0)
INSERT INTO Conference_day_registration (reservation_id, Participant_id, is_student) VALUES (94,13,0)
INSERT INTO Conference_day_registration (reservation_id, Participant_id, is_student) VALUES (94,33,0)
INSERT INTO Conference_day_reservations (reservation_id, conference_day_id, clients_id, reservation_date, active, due_price, adult_seats, student_seats) VALUES (95,17,7,'2023-08-08','0','2023-08-21','4','26')
INSERT INTO Payments (reservation_id, in_date, value) VALUES (95,'2023-08-09',205.31)
INSERT INTO Payments (reservation_id, in_date, value) VALUES (95,'2023-08-09',310.0)
INSERT INTO Conference_day_registration (reservation_id, Participant_id, is_student) VALUES (95,26,0)
INSERT INTO Conference_day_registration (reservation_id, Participant_id, is_student) VALUES (95,34,0)
INSERT INTO Conference_day_registration (reservation_id, Participant_id, is_student) VALUES (95,14,0)
INSERT INTO Conference_day_registration (reservation_id, Participant_id, is_student) VALUES (95,3,0)
INSERT INTO Conference_day_registration (reservation_id, Participant_id, is_student) VALUES (95,2,1)
INSERT INTO Conference_day_registration (reservation_id, Participant_id, is_student) VALUES (95,20,1)
INSERT INTO Conference_day_registration (reservation_id, Participant_id, is_student) VALUES (95,6,1)
INSERT INTO Conference_day_registration (reservation_id, Participant_id, is_student) VALUES (95,18,1)
INSERT INTO Conference_day_registration (reservation_id, Participant_id, is_student) VALUES (95,21,1)
INSERT INTO Conference_day_registration (reservation_id, Participant_id, is_student) VALUES (95,35,1)
INSERT INTO Conference_day_registration (reservation_id, Participant_id, is_student) VALUES (95,28,1)
INSERT INTO Conference_day_registration (reservation_id, Participant_id, is_student) VALUES (95,16,1)
INSERT INTO Conference_day_registration (reservation_id, Participant_id, is_student) VALUES (95,27,1)
INSERT INTO Conference_day_registration (reservation_id, Participant_id, is_student) VALUES (95,15,1)
INSERT INTO Conference_day_registration (reservation_id, Participant_id, is_student) VALUES (95,38,1)
INSERT INTO Conference_day_registration (reservation_id, Participant_id, is_student) VALUES (95,24,1)
INSERT INTO Conference_day_registration (reservation_id, Participant_id, is_student) VALUES (95,1,1)
INSERT INTO Conference_day_registration (reservation_id, Participant_id, is_student) VALUES (95,29,1)
INSERT INTO Conference_day_registration (reservation_id, Participant_id, is_student) VALUES (95,19,1)
INSERT INTO Conference_day_registration (reservation_id, Participant_id, is_student) VALUES (95,8,1)
INSERT INTO Conference_day_registration (reservation_id, Participant_id, is_student) VALUES (95,10,1)
INSERT INTO Conference_day_registration (reservation_id, Participant_id, is_student) VALUES (95,30,1)
INSERT INTO Conference_day_registration (reservation_id, Participant_id, is_student) VALUES (95,31,1)
INSERT INTO Conference_day_registration (reservation_id, Participant_id, is_student) VALUES (95,17,1)
INSERT INTO Conference_day_registration (reservation_id, Participant_id, is_student) VALUES (95,12,1)
INSERT INTO Conference_day_registration (reservation_id, Participant_id, is_student) VALUES (95,11,1)
INSERT INTO Conference_day_registration (reservation_id, Participant_id, is_student) VALUES (95,32,1)
INSERT INTO Conference_day_registration (reservation_id, Participant_id, is_student) VALUES (95,22,1)
INSERT INTO Conference_day_registration (reservation_id, Participant_id, is_student) VALUES (95,5,1)
INSERT INTO Conference_day_registration (reservation_id, Participant_id, is_student) VALUES (95,33,1)
INSERT INTO Conference_day_reservations (reservation_id, conference_day_id, clients_id, reservation_date, active, due_price, adult_seats, student_seats) VALUES (96,17,7,'2021-08-18','1','2022-11-06','32','1')
INSERT INTO Payments (reservation_id, in_date, value) VALUES (96,'2022-11-02',219.18)
INSERT INTO Payments (reservation_id, in_date, value) VALUES (96,'2022-09-26',73.0)
INSERT INTO Payments (reservation_id, in_date, value) VALUES (96,'2022-05-11',152.0)
INSERT INTO Payments (reservation_id, in_date, value) VALUES (96,'2022-09-18',79.0)
INSERT INTO Conference_day_registration (reservation_id, Participant_id, is_student) VALUES (96,12,0)
INSERT INTO Conference_day_registration (reservation_id, Participant_id, is_student) VALUES (96,16,0)
INSERT INTO Conference_day_registration (reservation_id, Participant_id, is_student) VALUES (96,34,0)
INSERT INTO Conference_day_registration (reservation_id, Participant_id, is_student) VALUES (96,21,0)
INSERT INTO Conference_day_registration (reservation_id, Participant_id, is_student) VALUES (96,11,0)
INSERT INTO Conference_day_registration (reservation_id, Participant_id, is_student) VALUES (96,1,0)
INSERT INTO Conference_day_registration (reservation_id, Participant_id, is_student) VALUES (96,37,0)
INSERT INTO Conference_day_registration (reservation_id, Participant_id, is_student) VALUES (96,20,0)
INSERT INTO Conference_day_registration (reservation_id, Participant_id, is_student) VALUES (96,4,0)
INSERT INTO Conference_day_registration (reservation_id, Participant_id, is_student) VALUES (96,9,0)
INSERT INTO Conference_day_registration (reservation_id, Participant_id, is_student) VALUES (96,35,0)
INSERT INTO Conference_day_registration (reservation_id, Participant_id, is_student) VALUES (96,27,0)
INSERT INTO Conference_day_registration (reservation_id, Participant_id, is_student) VALUES (96,5,0)
INSERT INTO Conference_day_registration (reservation_id, Participant_id, is_student) VALUES (96,28,0)
INSERT INTO Conference_day_registration (reservation_id, Participant_id, is_student) VALUES (96,31,0)
INSERT INTO Conference_day_registration (reservation_id, Participant_id, is_student) VALUES (96,14,0)
INSERT INTO Conference_day_registration (reservation_id, Participant_id, is_student) VALUES (96,10,0)
INSERT INTO Conference_day_registration (reservation_id, Participant_id, is_student) VALUES (96,8,0)
INSERT INTO Conference_day_registration (reservation_id, Participant_id, is_student) VALUES (96,23,0)
INSERT INTO Conference_day_registration (reservation_id, Participant_id, is_student) VALUES (96,29,0)
INSERT INTO Conference_day_registration (reservation_id, Participant_id, is_student) VALUES (96,2,0)
INSERT INTO Conference_day_registration (reservation_id, Participant_id, is_student) VALUES (96,26,0)
INSERT INTO Conference_day_registration (reservation_id, Participant_id, is_student) VALUES (96,19,0)
INSERT INTO Conference_day_registration (reservation_id, Participant_id, is_student) VALUES (96,7,0)
INSERT INTO Conference_day_registration (reservation_id, Participant_id, is_student) VALUES (96,33,0)
INSERT INTO Conference_day_registration (reservation_id, Participant_id, is_student) VALUES (96,25,0)
INSERT INTO Conference_day_registration (reservation_id, Participant_id, is_student) VALUES (96,3,0)
INSERT INTO Conference_day_registration (reservation_id, Participant_id, is_student) VALUES (96,13,0)
INSERT INTO Conference_day_registration (reservation_id, Participant_id, is_student) VALUES (96,38,0)
INSERT INTO Conference_day_registration (reservation_id, Participant_id, is_student) VALUES (96,6,0)
INSERT INTO Conference_day_registration (reservation_id, Participant_id, is_student) VALUES (96,15,0)
INSERT INTO Conference_day_registration (reservation_id, Participant_id, is_student) VALUES (96,30,0)
INSERT INTO Conference_day_registration (reservation_id, Participant_id, is_student) VALUES (96,32,1)
INSERT INTO Conference_day_reservations (reservation_id, conference_day_id, clients_id, reservation_date, active, due_price, adult_seats, student_seats) VALUES (97,17,8,'2020-09-06','0','2023-08-10','3','6')
INSERT INTO Payments (reservation_id, in_date, value) VALUES (97,'2021-02-22',500.548)
INSERT INTO Conference_day_registration (reservation_id, Participant_id, is_student) VALUES (97,1,0)
INSERT INTO Conference_day_registration (reservation_id, Participant_id, is_student) VALUES (97,37,0)
INSERT INTO Conference_day_registration (reservation_id, Participant_id, is_student) VALUES (97,29,0)
INSERT INTO Conference_day_registration (reservation_id, Participant_id, is_student) VALUES (97,11,1)
INSERT INTO Conference_day_registration (reservation_id, Participant_id, is_student) VALUES (97,34,1)
INSERT INTO Conference_day_registration (reservation_id, Participant_id, is_student) VALUES (97,15,1)
INSERT INTO Conference_day_registration (reservation_id, Participant_id, is_student) VALUES (97,16,1)
INSERT INTO Conference_day_registration (reservation_id, Participant_id, is_student) VALUES (97,13,1)
INSERT INTO Conference_day_registration (reservation_id, Participant_id, is_student) VALUES (97,8,1)
INSERT INTO Conference_day_reservations (reservation_id, conference_day_id, clients_id, reservation_date, active, due_price, adult_seats, student_seats) VALUES (98,17,8,'2023-10-13','1','2024-11-25','0','30')
INSERT INTO Payments (reservation_id, in_date, value) VALUES (98,'2024-07-01',300.48)
INSERT INTO Payments (reservation_id, in_date, value) VALUES (98,'2023-12-21',214.0)
INSERT INTO Conference_day_registration (reservation_id, Participant_id, is_student) VALUES (98,36,1)
INSERT INTO Conference_day_registration (reservation_id, Participant_id, is_student) VALUES (98,18,1)
INSERT INTO Conference_day_registration (reservation_id, Participant_id, is_student) VALUES (98,27,1)
INSERT INTO Conference_day_registration (reservation_id, Participant_id, is_student) VALUES (98,10,1)
INSERT INTO Conference_day_registration (reservation_id, Participant_id, is_student) VALUES (98,24,1)
INSERT INTO Conference_day_registration (reservation_id, Participant_id, is_student) VALUES (98,17,1)
INSERT INTO Conference_day_registration (reservation_id, Participant_id, is_student) VALUES (98,6,1)
INSERT INTO Conference_day_registration (reservation_id, Participant_id, is_student) VALUES (98,3,1)
INSERT INTO Conference_day_registration (reservation_id, Participant_id, is_student) VALUES (98,23,1)
INSERT INTO Conference_day_registration (reservation_id, Participant_id, is_student) VALUES (98,22,1)
INSERT INTO Conference_day_registration (reservation_id, Participant_id, is_student) VALUES (98,31,1)
INSERT INTO Conference_day_registration (reservation_id, Participant_id, is_student) VALUES (98,21,1)
INSERT INTO Conference_day_registration (reservation_id, Participant_id, is_student) VALUES (98,33,1)
INSERT INTO Conference_day_registration (reservation_id, Participant_id, is_student) VALUES (98,19,1)
INSERT INTO Conference_day_registration (reservation_id, Participant_id, is_student) VALUES (98,12,1)
INSERT INTO Conference_day_registration (reservation_id, Participant_id, is_student) VALUES (98,15,1)
INSERT INTO Conference_day_registration (reservation_id, Participant_id, is_student) VALUES (98,2,1)
INSERT INTO Conference_day_registration (reservation_id, Participant_id, is_student) VALUES (98,11,1)
INSERT INTO Conference_day_registration (reservation_id, Participant_id, is_student) VALUES (98,37,1)
INSERT INTO Conference_day_registration (reservation_id, Participant_id, is_student) VALUES (98,14,1)
INSERT INTO Conference_day_registration (reservation_id, Participant_id, is_student) VALUES (98,30,1)
INSERT INTO Conference_day_registration (reservation_id, Participant_id, is_student) VALUES (98,5,1)
INSERT INTO Conference_day_registration (reservation_id, Participant_id, is_student) VALUES (98,1,1)
INSERT INTO Conference_day_registration (reservation_id, Participant_id, is_student) VALUES (98,7,1)
INSERT INTO Conference_day_registration (reservation_id, Participant_id, is_student) VALUES (98,25,1)
INSERT INTO Conference_day_registration (reservation_id, Participant_id, is_student) VALUES (98,9,1)
INSERT INTO Conference_day_registration (reservation_id, Participant_id, is_student) VALUES (98,13,1)
INSERT INTO Conference_day_registration (reservation_id, Participant_id, is_student) VALUES (98,16,1)
INSERT INTO Conference_day_registration (reservation_id, Participant_id, is_student) VALUES (98,34,1)
INSERT INTO Conference_day_registration (reservation_id, Participant_id, is_student) VALUES (98,35,1)
INSERT INTO Conference_day_reservations (reservation_id, conference_day_id, clients_id, reservation_date, active, due_price, adult_seats, student_seats) VALUES (99,17,6,'2024-02-20','1','2024-02-24','13','8')
INSERT INTO Payments (reservation_id, in_date, value) VALUES (99,'2024-02-22',26.95)
INSERT INTO Payments (reservation_id, in_date, value) VALUES (99,'2024-02-23',109.0)
INSERT INTO Payments (reservation_id, in_date, value) VALUES (99,'2024-02-21',152.0)
INSERT INTO Payments (reservation_id, in_date, value) VALUES (99,'2024-02-21',52.0)
INSERT INTO Payments (reservation_id, in_date, value) VALUES (99,'2024-02-22',166.0)
INSERT INTO Conference_day_registration (reservation_id, Participant_id, is_student) VALUES (99,4,0)
INSERT INTO Conference_day_registration (reservation_id, Participant_id, is_student) VALUES (99,25,0)
INSERT INTO Conference_day_registration (reservation_id, Participant_id, is_student) VALUES (99,14,0)
INSERT INTO Conference_day_registration (reservation_id, Participant_id, is_student) VALUES (99,35,0)
INSERT INTO Conference_day_registration (reservation_id, Participant_id, is_student) VALUES (99,29,0)
INSERT INTO Conference_day_registration (reservation_id, Participant_id, is_student) VALUES (99,34,0)
INSERT INTO Conference_day_registration (reservation_id, Participant_id, is_student) VALUES (99,33,0)
INSERT INTO Conference_day_registration (reservation_id, Participant_id, is_student) VALUES (99,24,0)
INSERT INTO Conference_day_registration (reservation_id, Participant_id, is_student) VALUES (99,11,0)
INSERT INTO Conference_day_registration (reservation_id, Participant_id, is_student) VALUES (99,13,0)
INSERT INTO Conference_day_registration (reservation_id, Participant_id, is_student) VALUES (99,9,0)
INSERT INTO Conference_day_registration (reservation_id, Participant_id, is_student) VALUES (99,2,0)
INSERT INTO Conference_day_registration (reservation_id, Participant_id, is_student) VALUES (99,5,0)
INSERT INTO Conference_day_registration (reservation_id, Participant_id, is_student) VALUES (99,15,1)
INSERT INTO Conference_day_registration (reservation_id, Participant_id, is_student) VALUES (99,1,1)
INSERT INTO Conference_day_registration (reservation_id, Participant_id, is_student) VALUES (99,23,1)
INSERT INTO Conference_day_registration (reservation_id, Participant_id, is_student) VALUES (99,6,1)
INSERT INTO Conference_day_registration (reservation_id, Participant_id, is_student) VALUES (99,18,1)
INSERT INTO Conference_day_registration (reservation_id, Participant_id, is_student) VALUES (99,31,1)
INSERT INTO Conference_day_registration (reservation_id, Participant_id, is_student) VALUES (99,21,1)
INSERT INTO Conference_day_registration (reservation_id, Participant_id, is_student) VALUES (99,30,1)
SET IDENTITY_INSERT  Conference_day_reservations OFF
